go run ./scripts/synctuf --check
go vet ./...
go build ./...
# github.com/frathe/picfetch
ld: warning: ignoring duplicate libraries: '-lobjc'
/Library/Developer/CommandLineTools/usr/bin/make test-race
docker run --rm --platform linux/amd64 \
		--memory 16g --memory-swap 16g \
		--label "io.github.frathe.picfetch.test=true" \
		-v "/Users/ronin/Projects/picfetch:/work" -w /work \
		-v picfetch-go-build-linux-amd64:/root/.cache/go-build \
		-v picfetch-go-mod-linux-amd64:/root/go/pkg/mod \
		-e HOST_UID=$(id -u) -e HOST_GID=$(id -g) \
		ubuntu:24.04 bash -c '\
			set -e; \
			apt-get update -qq; \
			apt-get install -y -qq apt-utils htop make gcc libgl1-mesa-dev xorg-dev libwayland-dev libxkbcommon-dev golang-go ca-certificates locales procps htop >/dev/null; \
			locale-gen en_US.UTF-8 >/dev/null; \
			status=0; \
			make --no-print-directory test-race-direct || status=$?; \
			if [ -d internal/ui/testdata/failed ]; then chown -R "$HOST_UID:$HOST_GID" internal/ui/testdata/failed; fi; \
			exit $status \
		'
debconf: delaying package configuration, since apt-utils is not installed
go run ./scripts/testshards check -package "./internal/ui" -manifest ".github/testshards/internal-ui.tsv"
checked	package=github.com/frathe/picfetch/internal/ui	runnables=679	shards=3
bash -c '\
	set -eu -o pipefail; \
	case "ui-1" in ui-1|ui-2|ui-3) ;; *) echo "TEST_SHARD must be one of ui-1, ui-2, or ui-3" >&2; exit 2;; esac; \
	filter="$(go run ./scripts/testshards regex -manifest ".github/testshards/internal-ui.tsv" -shard "ui-1")"; \
	LANG="en_US.UTF-8" go test -race -count=1 -timeout 30m -json -run "$filter" ./internal/ui | \
		go run ./scripts/testshards capture -out "/tmp/picfetch-test-ui-1.json" -partition "ui-1" \
'
bash -c '\
	set -eu -o pipefail; \
	packages="$(go run ./scripts/testshards partition -package "./internal/ui")"; \
	LANG="en_US.UTF-8" go test -race -count=1 -timeout 30m -json $packages | \
		go run ./scripts/testshards capture -out "/tmp/picfetch-test-non-ui.json" -partition "non-ui" \
'
bash -c '\
	set -eu -o pipefail; \
	case "ui-3" in ui-1|ui-2|ui-3) ;; *) echo "TEST_SHARD must be one of ui-1, ui-2, or ui-3" >&2; exit 2;; esac; \
	filter="$(go run ./scripts/testshards regex -manifest ".github/testshards/internal-ui.tsv" -shard "ui-3")"; \
	LANG="en_US.UTF-8" go test -race -count=1 -timeout 30m -json -run "$filter" ./internal/ui | \
		go run ./scripts/testshards capture -out "/tmp/picfetch-test-ui-3.json" -partition "ui-3" \
'
bash -c '\
	set -eu -o pipefail; \
	case "ui-2" in ui-1|ui-2|ui-3) ;; *) echo "TEST_SHARD must be one of ui-1, ui-2, or ui-3" >&2; exit 2;; esac; \
	filter="$(go run ./scripts/testshards regex -manifest ".github/testshards/internal-ui.tsv" -shard "ui-2")"; \
	LANG="en_US.UTF-8" go test -race -count=1 -timeout 30m -json -run "$filter" ./internal/ui | \
		go run ./scripts/testshards capture -out "/tmp/picfetch-test-ui-2.json" -partition "ui-2" \
'
test	partition=ui-2	package=github.com/frathe/picfetch/internal/ui	name=TestBuildMainMenu_ActionsItemsDisplayTheirAccelerators	action=pass	elapsed=2.160
test	partition=non-ui	package=github.com/frathe/picfetch/internal/clipboard	name=TestCopyImageLinux_PrefersXClip	action=pass	elapsed=0.000
test	partition=non-ui	package=github.com/frathe/picfetch/internal/clipboard	name=TestCopyImageLinux_FallsBackToWlCopy	action=pass	elapsed=0.000
test	partition=non-ui	package=github.com/frathe/picfetch/internal/clipboard	name=TestCopyImageLinux_ReturnsErrorWhenNeitherToolInstalled	action=pass	elapsed=0.000
test	partition=non-ui	package=github.com/frathe/picfetch/internal/decodepool	name=TestClaim_SecondClaimForSameValueIsRefused	action=pass	elapsed=0.000
test	partition=non-ui	package=github.com/frathe/picfetch/internal/clipboard	name=TestCopyImageDarwin_RunsOsascriptAgainstATempPNGFile	action=pass	elapsed=0.000
test	partition=non-ui	package=github.com/frathe/picfetch/internal/clipboard	name=TestCopyImageWindows_BuildsExpectedScript	action=pass	elapsed=0.000
test	partition=non-ui	package=github.com/frathe/picfetch/internal/clipboard	name=TestCopyImageWindows_RunsInSTA	action=pass	elapsed=0.000
test	partition=non-ui	package=github.com/frathe/picfetch/internal/clipboard	name=TestWriteTempPNG_WritesAndCleansUp	action=pass	elapsed=0.000
test	partition=non-ui	package=github.com/frathe/picfetch/internal/decodepool	name=TestClaim_DifferentValueOverwrites	action=pass	elapsed=0.000
test	partition=non-ui	package=github.com/frathe/picfetch/internal/decodepool	name=TestClaim_StructValueBehavesLikeLoadOrStore	action=pass	elapsed=0.000
test	partition=non-ui	package=github.com/frathe/picfetch/internal/decodepool	name=TestGo_LimitBoundsConcurrency	action=pass	elapsed=0.000
test	partition=non-ui	package=github.com/frathe/picfetch/internal/clipboard	name=TestWriteTempPNGFile_PreservesPrimaryFailures	action=pass	elapsed=0.010
test	partition=non-ui	package=github.com/frathe/picfetch/internal/clipboard	name=TestCopyFiles_IgnoresAnEmptyList	action=pass	elapsed=0.000
test	partition=non-ui	package=github.com/frathe/picfetch/internal/decodepool	name=TestGo_CancelledWhileQueuedStillCallsFn	action=pass	elapsed=0.000
test	partition=non-ui	package=github.com/frathe/picfetch/internal/decodepool	name=TestWait_ReturnsOnlyAfterEveryFnReturns	action=pass	elapsed=0.000
test	partition=non-ui	package=github.com/frathe/picfetch/internal/clipboard	name=TestCopyFilesLinux_SendsAUriListOverXClip	action=pass	elapsed=0.000
test	partition=non-ui	package=github.com/frathe/picfetch/internal/clipboard	name=TestCopyFilesLinux_PercentEncodesThePaths	action=pass	elapsed=0.000
test	partition=non-ui	package=github.com/frathe/picfetch/internal/clipboard	name=TestCopyFilesLinux_FallsBackToWlCopy	action=pass	elapsed=0.000
test	partition=non-ui	package=github.com/frathe/picfetch/internal/clipboard	name=TestCopyFilesLinux_ReturnsErrorWhenNeitherToolInstalled	action=pass	elapsed=0.000
test	partition=non-ui	package=github.com/frathe/picfetch/internal/clipboard	name=TestCopyFilesWindows_ReadsThePathListFromAFile	action=pass	elapsed=0.000
test	partition=non-ui	package=github.com/frathe/picfetch/internal/clipboard	name=TestCopyFilesWindows_RemovesTheListFile	action=pass	elapsed=0.000
test	partition=non-ui	package=github.com/frathe/picfetch/internal/displays	name=TestDisplaySnapshot_PreservesNativeBoundsAndIDs	action=pass	elapsed=0.000
test	partition=non-ui	package=github.com/frathe/picfetch/internal/displays	name=TestDisplayDefault_UsesGreatestWindowIntersection	action=pass	elapsed=0.000
test	partition=non-ui	package=github.com/frathe/picfetch/internal/distribution	name=TestStoreManaged_DefaultBuildIsFalse	action=pass	elapsed=0.000
test	partition=non-ui	package=github.com/frathe/picfetch/internal/displays	name=TestDisplaySnapshot_RejectsEmptyAndInvalidTopology	action=pass	elapsed=0.000
test	partition=non-ui	package=github.com/frathe/picfetch/internal/displays	name=TestInspectUnsupported_IsTyped	action=pass	elapsed=0.000
test	partition=non-ui	package=github.com/frathe/picfetch/internal/displays	name=TestInspectDarwinSourceUsesNativeModePixelsAndPointSpaceSelection	action=pass	elapsed=0.010
test	partition=non-ui	package=github.com/frathe/picfetch/internal/filemanager	name=TestReveal_DispatchesForThisPlatform	action=pass	elapsed=0.000
test	partition=non-ui	package=github.com/frathe/picfetch/internal/filemanager	name=TestRevealDarwin_RunsOpenWithTheRevealFlag	action=pass	elapsed=0.000
test	partition=non-ui	package=github.com/frathe/picfetch/internal/filemanager	name=TestRevealDarwin_ReportsAFailure	action=pass	elapsed=0.000
test	partition=non-ui	package=github.com/frathe/picfetch/internal/filemanager	name=TestRevealLinux_SendsShowItemsOverDBus	action=pass	elapsed=0.000
test	partition=non-ui	package=github.com/frathe/picfetch/internal/filemanager	name=TestRevealLinux_PercentEncodesTheURI	action=pass	elapsed=0.000
test	partition=non-ui	package=github.com/frathe/picfetch/internal/filemanager	name=TestRevealLinux_FallsBackToXDGOpenWhenDBusSendIsMissing	action=pass	elapsed=0.000
test	partition=non-ui	package=github.com/frathe/picfetch/internal/filemanager	name=TestRevealLinux_FallsBackWhenTheFileManagerCallFails	action=pass	elapsed=0.000
test	partition=non-ui	package=github.com/frathe/picfetch/internal/filemanager	name=TestRevealLinux_ReturnsErrorWhenNeitherToolInstalled	action=pass	elapsed=0.000
test	partition=non-ui	package=github.com/frathe/picfetch/internal/filemanager	name=TestExplorerCmdLine_QuotesOnlyThePath	action=pass	elapsed=0.000
test	partition=non-ui	package=github.com/frathe/picfetch/internal/filemanager	name=TestRevealWindows_TreatsExplorersNonZeroExitAsSuccess	action=pass	elapsed=0.000
test	partition=non-ui	package=github.com/frathe/picfetch/internal/filemanager	name=TestRevealWindows_ReportsAFailureToStart	action=pass	elapsed=0.000
test	partition=non-ui	package=github.com/frathe/picfetch/internal/filemanager	name=TestRevealWindows_ReportsAMissingFile	action=pass	elapsed=0.000
test	partition=non-ui	package=github.com/frathe/picfetch/internal/completion	name=TestSignal_WaitBeforeBeginReturnsImmediately	action=pass	elapsed=0.000
test	partition=non-ui	package=github.com/frathe/picfetch/internal/dupes	name=TestNew_DefaultDistanceIsImagingDuplicateMaxDistance	action=pass	elapsed=0.000
test	partition=non-ui	package=github.com/frathe/picfetch/internal/filepicker	name=TestDecodePickedPaths_PreservesBoundaries	action=pass	elapsed=0.000
test	partition=non-ui	package=github.com/frathe/picfetch/internal/dupes	name=TestPutHash_And_Hash_RoundTrip	action=pass	elapsed=0.000
test	partition=non-ui	package=github.com/frathe/picfetch/internal/dupes	name=TestPutNativeSize_And_NativeSize_RoundTrip	action=pass	elapsed=0.000
test	partition=non-ui	package=github.com/frathe/picfetch/internal/dupes	name=TestPutNativeSize_ClampsNegativeEdgesToZero	action=pass	elapsed=0.000
test	partition=non-ui	package=github.com/frathe/picfetch/internal/dupes	name=TestPixelCount_DerivedFromNativeSize	action=pass	elapsed=0.000
test	partition=non-ui	package=github.com/frathe/picfetch/internal/dupes	name=TestFailed_TrueOnlyAfterPutFailed	action=pass	elapsed=0.000
test	partition=non-ui	package=github.com/frathe/picfetch/internal/dupes	name=TestPutHash_ClearsAPriorFailure	action=pass	elapsed=0.000
test	partition=non-ui	package=github.com/frathe/picfetch/internal/dupes	name=TestWipeIfStale_WipesFactsOnGenerationChange	action=pass	elapsed=0.000
test	partition=non-ui	package=github.com/frathe/picfetch/internal/dupes	name=TestAdoptGeneration_KeepsFactsAcrossGenerationChange	action=pass	elapsed=0.000
test	partition=non-ui	package=github.com/frathe/picfetch/internal/dupes	name=TestAdoptGeneration_DoesNotWipeWhenGenerationDidNotChange	action=pass	elapsed=0.000
test	partition=non-ui	package=github.com/frathe/picfetch/internal/dupes	name=TestClear_DropsFactsRegardlessOfGeneration	action=pass	elapsed=0.000
test	partition=non-ui	package=github.com/frathe/picfetch/internal/filepicker	name=TestDecodePickedPaths_DistinguishesCancellationAndErrors	action=pass	elapsed=0.000
test	partition=non-ui	package=github.com/frathe/picfetch/internal/dupes	name=TestSetDistance_ClampsAndReportsChange	action=pass	elapsed=0.000
test	partition=non-ui	package=github.com/frathe/picfetch/internal/dupes	name=TestSetDistance_ReturnsFalseWhenUnchanged	action=pass	elapsed=0.000
test	partition=non-ui	package=github.com/frathe/picfetch/internal/filepicker	name=TestZenityResult_PreservesExactPaths	action=pass	elapsed=0.000
test	partition=non-ui	package=github.com/frathe/picfetch/internal/dupes	name=TestNativeSizeAt_OutOfRange	action=pass	elapsed=0.000
test	partition=non-ui	package=github.com/frathe/picfetch/internal/dupes	name=TestNativeSizeAt_Unprobed	action=pass	elapsed=0.000
test	partition=non-ui	package=github.com/frathe/picfetch/internal/dupes	name=TestNativeSizeAt_NonPositiveEdgeIsNotOK	action=pass	elapsed=0.000
test	partition=non-ui	package=github.com/frathe/picfetch/internal/filepicker	name=TestZenityResult_RejectsUnsupportedFraming	action=pass	elapsed=0.000
test	partition=non-ui	package=github.com/frathe/picfetch/internal/dupes	name=TestNativeSizeAt_ReturnsWidthAndHeight	action=pass	elapsed=0.000
test	partition=non-ui	package=github.com/frathe/picfetch/internal/filepicker	name=TestPowerShellEscape	action=pass	elapsed=0.000
test	partition=non-ui	package=github.com/frathe/picfetch/internal/dupes	name=TestEnsureMapsLocked_RepopulatesNilMaps	action=pass	elapsed=0.000
test	partition=non-ui	package=github.com/frathe/picfetch/internal/dupes	name=TestOnChange_FiresObserversInRegistrationOrder	action=pass	elapsed=0.000
test	partition=non-ui	package=github.com/frathe/picfetch/internal/dupes	name=TestNotify_WithNoObserversIsANoOp	action=pass	elapsed=0.000
test	partition=non-ui	package=github.com/frathe/picfetch/internal/filepicker	name=TestBuildPowerShellCmd	action=pass	elapsed=0.000
test	partition=non-ui	package=github.com/frathe/picfetch/internal/filepicker	name=TestBuildPowerShellSaveCmd	action=pass	elapsed=0.000
test	partition=non-ui	package=github.com/frathe/picfetch/internal/dupes	name=TestFactWriter_ReplacementResetAndAdoption	action=pass	elapsed=0.000
test	partition=non-ui	package=github.com/frathe/picfetch/internal/filepicker	name=TestChooseSaveLinux_ReturnsErrorWhenZenityMissing	action=pass	elapsed=0.000
test	partition=non-ui	package=github.com/frathe/picfetch/internal/appearance	name=TestModePreferenceRoundTripAndFallback	action=pass	elapsed=0.000
test	partition=non-ui	package=github.com/frathe/picfetch/internal/filepicker	name=TestChooseSaveLinux_RunsZenityInSaveModeWithTheSuggestedPath	action=pass	elapsed=0.000
test	partition=non-ui	package=github.com/frathe/picfetch/internal/filepicker	name=TestChooseFilesLinux_ReturnsErrorWhenZenityMissing	action=pass	elapsed=0.000
test	partition=non-ui	package=github.com/frathe/picfetch/internal/filepicker	name=TestChooseFilesLinux_RunsZenityWithMultiSelect	action=pass	elapsed=0.000
test	partition=non-ui	package=github.com/frathe/picfetch/internal/filepicker	name=TestDecodePickedDestination_RequiresExactlyOnePath	action=pass	elapsed=0.000
test	partition=non-ui	package=github.com/frathe/picfetch/internal/dupes	name=TestFactWriter_AdmissionSharesMutationLock	action=pass	elapsed=0.000
test	partition=non-ui	package=github.com/frathe/picfetch/internal/dupes	name=TestGroups_SizeAndRepresentativeOf_OutOfRange	action=pass	elapsed=0.000
test	partition=non-ui	package=github.com/frathe/picfetch/internal/dupes	name=TestGroupSizeAndRepresentativeOf_BeforeAnyInstall	action=pass	elapsed=0.000
test	partition=non-ui	package=github.com/frathe/picfetch/internal/dupes	name=TestCompute_ExactPairGroupsTogether	action=pass	elapsed=0.000
test	partition=non-ui	package=github.com/frathe/picfetch/internal/dupes	name=TestCompute_ThreeFileGroup	action=pass	elapsed=0.000
test	partition=non-ui	package=github.com/frathe/picfetch/internal/dupes	name=TestCompute_TwoDisjointGroups	action=pass	elapsed=0.000
test	partition=non-ui	package=github.com/frathe/picfetch/internal/dupes	name=TestCompute_RepresentativeIsHighestPixelCount	action=pass	elapsed=0.000
test	partition=non-ui	package=github.com/frathe/picfetch/internal/dupes	name=TestCompute_UnknownPixelsLoseToKnown	action=pass	elapsed=0.000
test	partition=non-ui	package=github.com/frathe/picfetch/internal/dupes	name=TestCompute_ZeroHashFirstFileIsUnique	action=pass	elapsed=0.000
test	partition=non-ui	package=github.com/frathe/picfetch/internal/dupes	name=TestCompute_RepresentativeIsLowestIndexOnTie	action=pass	elapsed=0.000
test	partition=non-ui	package=github.com/frathe/picfetch/internal/dupes	name=TestCompute_EqualPixelsKeepsLowestIndex	action=pass	elapsed=0.000
test	partition=non-ui	package=github.com/frathe/picfetch/internal/dupes	name=TestCompute_UnhashedFilesGetSizeZeroAndAreNeverRepresentative	action=pass	elapsed=0.000
test	partition=non-ui	package=github.com/frathe/picfetch/internal/dupes	name=TestCompute_SnapshotsDistanceIntoGroups	action=pass	elapsed=0.000
test	partition=non-ui	package=github.com/frathe/picfetch/internal/dupes	name=TestCompute_WipesStaleHashesFirst	action=pass	elapsed=0.000
test	partition=non-ui	package=github.com/frathe/picfetch/internal/dupes	name=TestMembers_NilBelowTwo	action=pass	elapsed=0.000
test	partition=non-ui	package=github.com/frathe/picfetch/internal/dupes	name=TestMembers_NilForUnhashedFile	action=pass	elapsed=0.000
test	partition=non-ui	package=github.com/frathe/picfetch/internal/dupes	name=TestMembers_AscendingOrderAtThree	action=pass	elapsed=0.000
test	partition=non-ui	package=github.com/frathe/picfetch/internal/dupes	name=TestInstallAndRebuild	action=pass	elapsed=0.000
test	partition=non-ui	package=github.com/frathe/picfetch/internal/dupes	name=TestComputes_CountsEachComputeCall	action=pass	elapsed=0.000
test	partition=non-ui	package=github.com/frathe/picfetch/internal/dupes	name=TestConcurrentPutHashAndCompute_NoRace	action=pass	elapsed=0.000
test	partition=non-ui	package=github.com/frathe/picfetch/internal/appearance	name=TestApplyForcesVariantsAndRestoresSystemTheme	action=pass	elapsed=0.000
test	partition=non-ui	package=github.com/frathe/picfetch/internal/dupes	name=TestGroupingReusesOnlyUnchangedAcceptedFacts	action=pass	elapsed=0.000
test	partition=non-ui	package=github.com/frathe/picfetch/internal/dupes	name=TestGroupingRejectsObsoleteAndUntaggedSnapshots	action=pass	elapsed=0.000
test	partition=non-ui	package=github.com/frathe/picfetch/internal/dupes	name=TestGroupingCancelledComputationCannotInstall	action=pass	elapsed=0.000
test	partition=non-ui	package=github.com/frathe/picfetch/internal/completion	name=TestSignal_WaitBlocksUntilDone	action=pass	elapsed=0.020
test	partition=non-ui	package=github.com/frathe/picfetch/internal/completion	name=TestSignal_WaitRespectsContextCancellation	action=pass	elapsed=0.000
test	partition=non-ui	package=github.com/frathe/picfetch/internal/displays	name=TestWindowsDesktopWallpaperScaffoldingIsShared	action=pass	elapsed=0.040
test	partition=non-ui	package=github.com/frathe/picfetch/internal/displays	name=TestDisplayLinux_ParseXRandRPreservesNegativeNativeGeometry	action=pass	elapsed=0.000
test	partition=non-ui	package=github.com/frathe/picfetch/internal/displays	name=TestDisplayLinux_ParseXRandREmptyIsTyped	action=pass	elapsed=0.000
test	partition=non-ui	package=github.com/frathe/picfetch/internal/completion	name=TestSignal_SupersededGenerationClosesItsOwnChannel	action=pass	elapsed=0.020
test	partition=ui-2	package=github.com/frathe/picfetch/internal/ui	name=TestActionsMenu_SetSortModeWithNoFiles	action=pass	elapsed=0.180
test	partition=non-ui	package=github.com/frathe/picfetch/internal/favstore	name=TestRemoveMovesFavoriteDirectoryToTrash	action=pass	elapsed=0.060
test	partition=non-ui	package=github.com/frathe/picfetch/internal/favstore	name=TestRemoveRejectsInvalidNameAndPropagatesError	action=pass	elapsed=0.000
test	partition=non-ui	package=github.com/frathe/picfetch/internal/favthumbs	name=TestWriteContext_CancelledEncodingPreservesExistingPreview	action=pass	elapsed=0.020
test	partition=non-ui	package=github.com/frathe/picfetch/internal/favstore	name=TestDefaultDirUsesUserConfigDirectory	action=pass	elapsed=0.000
test	partition=non-ui	package=github.com/frathe/picfetch/internal/completion	name=TestHandle_WaitsItsOwnGenerationAfterSupersession	action=pass	elapsed=0.020
test	partition=non-ui	package=github.com/frathe/picfetch/internal/completion	name=TestHandle_ZeroValueWaitsForNothing	action=pass	elapsed=0.000
test	partition=non-ui	package=github.com/frathe/picfetch/internal/completion	name=TestSignal_DoneIsIdempotent	action=pass	elapsed=0.000
test	partition=non-ui	package=github.com/frathe/picfetch/internal/favthumbs	name=TestDecodePreview_RejectsCancellationDuringRead	action=pass	elapsed=0.000
test	partition=non-ui	package=github.com/frathe/picfetch/internal/completion	name=TestSignal_ConcurrentBeginWaitAndBegun	action=pass	elapsed=0.000
test	partition=non-ui	package=github.com/frathe/picfetch/internal/favthumbs	name=TestReadContext_CancelledBeforeCacheLookup	action=pass	elapsed=0.000
test	partition=non-ui	package=github.com/frathe/picfetch	name=TestArgsToURIs_ResolvesRelativeToAbsolute	action=pass	elapsed=0.000
test	partition=non-ui	package=github.com/frathe/picfetch	name=TestArgsToURIs_EmptyArgsReturnsEmpty	action=pass	elapsed=0.000
test	partition=non-ui	package=github.com/frathe/picfetch	name=TestArgsToURIs_SkipsEmptyPath	action=pass	elapsed=0.000
test	partition=non-ui	package=github.com/frathe/picfetch	name=TestArgsToURIs_AbsoluteArgUnchanged	action=pass	elapsed=0.000
test	partition=non-ui	package=github.com/frathe/picfetch	name=TestTranslations_EveryLocaleCoversEnglish	action=pass	elapsed=0.000
test	partition=non-ui	package=github.com/frathe/picfetch/internal/favstore	name=TestCountMissingFavoriteIsError	action=pass	elapsed=0.000
test	partition=non-ui	package=github.com/frathe/picfetch	name=TestTranslations_EnglishMapsEachKeyToItself	action=pass	elapsed=0.000
test	partition=non-ui	package=github.com/frathe/picfetch/internal/favstore	name=TestSaveRejectsInvalidNameAndNilURI	action=pass	elapsed=0.030
test	partition=non-ui	package=github.com/frathe/picfetch/internal/favstore	name=TestExists	action=pass	elapsed=0.030
test	partition=non-ui	package=github.com/frathe/picfetch/internal/favstore	name=TestDirJoinsNameOntoBaseDirectory	action=pass	elapsed=0.030
test	partition=non-ui	package=github.com/frathe/picfetch/internal/favstore	name=TestDirRejectsInvalidName	action=pass	elapsed=0.030
test	partition=non-ui	package=github.com/frathe/picfetch	name=TestTranslations_NoArrowFollowedByASpace	action=pass	elapsed=0.010
test	partition=non-ui	package=github.com/frathe/picfetch	name=TestFyneAppToml_IconExists	action=pass	elapsed=0.000
test	partition=non-ui	package=github.com/frathe/picfetch	name=TestLaunchArgs_HelpPrintsUsageAndExits	action=pass	elapsed=0.000
test	partition=non-ui	package=github.com/frathe/picfetch	name=TestLaunchArgs_BadFlagExitsTwo	action=pass	elapsed=0.000
test	partition=non-ui	package=github.com/frathe/picfetch	name=TestLaunchArgs_GoodArgsKeepGoing	action=pass	elapsed=0.000
test	partition=non-ui	package=github.com/frathe/picfetch/internal/favstore	name=TestCountRejectsInvalidName	action=pass	elapsed=0.040
test	partition=non-ui	package=github.com/frathe/picfetch/internal/favstore	name=TestListMissingDirectoryIsEmpty	action=pass	elapsed=0.040
test	partition=non-ui	package=github.com/frathe/picfetch/internal/favstore	name=TestValidName	action=pass	elapsed=0.040
test	partition=non-ui	package=github.com/frathe/picfetch/internal/favstore	name=TestCountOfEmptySavedFavoriteIsZero	action=pass	elapsed=0.050
test	partition=non-ui	package=github.com/frathe/picfetch/internal/favstore	name=TestList	action=pass	elapsed=0.050
test	partition=non-ui	package=github.com/frathe/picfetch/internal/favstore	name=TestCountReturnsStoredEntryCount	action=pass	elapsed=0.050
test	partition=non-ui	package=github.com/frathe/picfetch/internal/favstore	name=TestSaveOverwritesExistingFavorite	action=pass	elapsed=0.050
test	partition=non-ui	package=github.com/frathe/picfetch/internal/favstore	name=TestSaveLoadRoundTripPreservesNumericOrder	action=pass	elapsed=0.050
test	partition=non-ui	package=github.com/frathe/picfetch/internal/favstore	name=TestCountRejectsMalformedData	action=pass	elapsed=0.050
test	partition=non-ui	package=github.com/frathe/picfetch/internal/favstore	name=TestLoadRejectsMalformedData	action=pass	elapsed=0.050
test	partition=non-ui	package=github.com/frathe/picfetch/internal/favthumbs	name=TestSyncLeavesForegroundCapacityAndConverges	action=pass	elapsed=0.060
test	partition=non-ui	package=github.com/frathe/picfetch/internal/favthumbs	name=TestSync_CancelsHeldReadsAndSlotWaiterWithoutPublishingOrSweeping	action=pass	elapsed=0.010
test	partition=non-ui	package=github.com/frathe/picfetch/internal/favthumbs	name=TestSync_CancellationAfterMemoryLookupStopsDiskAndStore	action=pass	elapsed=0.000
test	partition=non-ui	package=github.com/frathe/picfetch/internal/favthumbs	name=TestSync_SourceReplacementDuringDecodeCannotLabelOldPixelsAsCurrent	action=pass	elapsed=0.000
test	partition=non-ui	package=github.com/frathe/picfetch/internal/favthumbs	name=TestEntryNameDiffersForDifferentPaths	action=pass	elapsed=0.000
test	partition=non-ui	package=github.com/frathe/picfetch/internal/favthumbs	name=TestEntryNameNilURIReportsFalse	action=pass	elapsed=0.000
test	partition=non-ui	package=github.com/frathe/picfetch/internal/dupes	name=TestGroupingMatchesGreedyOracleAcrossDistributionsAndDistances	action=pass	elapsed=0.130
test	partition=non-ui	package=github.com/frathe/picfetch/internal/dupes	name=TestGroupingIndexedCandidatesKeepGreedyCompleteLinkage	action=pass	elapsed=0.020
test	partition=non-ui	package=github.com/frathe/picfetch/internal/dupes	name=TestGroupingReadersRejectDifferentFileIdentity	action=pass	elapsed=0.000
test	partition=non-ui	package=github.com/frathe/picfetch/internal/dupes	name=TestNewSnapshot_CountKeyAtAndGeneration	action=pass	elapsed=0.000
test	partition=non-ui	package=github.com/frathe/picfetch/internal/dupes	name=TestSnapshotKeyAt_OutOfRangeIsEmpty	action=pass	elapsed=0.000
test	partition=non-ui	package=github.com/frathe/picfetch/internal/dupes	name=TestSnapshotIndexOf	action=pass	elapsed=0.000
test	partition=non-ui	package=github.com/frathe/picfetch/internal/dupes	name=TestNewSnapshot_CopiesKeys	action=pass	elapsed=0.000
test	partition=non-ui	package=github.com/frathe/picfetch/internal/dupes	name=TestZeroSnapshot_IsAValidEmptySet	action=pass	elapsed=0.000
test	partition=non-ui	package=github.com/frathe/picfetch/internal/dupes	name=TestHideDuplicates_DefaultsToFalse	action=pass	elapsed=0.000
test	partition=non-ui	package=github.com/frathe/picfetch/internal/dupes	name=TestSetHideDuplicates_ReturnsWhetherItChanged	action=pass	elapsed=0.000
test	partition=non-ui	package=github.com/frathe/picfetch/internal/dupes	name=TestSetHideDuplicates_DoesNotRebuildGroupsOrNotify	action=pass	elapsed=0.000
test	partition=non-ui	package=github.com/frathe/picfetch/internal/dupes	name=TestBeginInspect_And_Inspecting_And_ClearInspect	action=pass	elapsed=0.000
test	partition=non-ui	package=github.com/frathe/picfetch/internal/dupes	name=TestBeginInspect_OutOfRangeClearsInspect	action=pass	elapsed=0.000
test	partition=non-ui	package=github.com/frathe/picfetch/internal/dupes	name=TestBeginInspect_NegativeIndexClearsInspect	action=pass	elapsed=0.000
test	partition=non-ui	package=github.com/frathe/picfetch/internal/dupes	name=TestBeginInspect_EmptyKeyClearsInspect	action=pass	elapsed=0.000
test	partition=non-ui	package=github.com/frathe/picfetch/internal/dupes	name=TestInspectSource_NegativeOneWhenInspectIsOff	action=pass	elapsed=0.000
test	partition=non-ui	package=github.com/frathe/picfetch/internal/dupes	name=TestInspectSource_FollowsKeyAfterFileSetReorders	action=pass	elapsed=0.000
test	partition=non-ui	package=github.com/frathe/picfetch/internal/dupes	name=TestInspectSource_NegativeOneWhenKeyIsGone	action=pass	elapsed=0.000
test	partition=non-ui	package=github.com/frathe/picfetch/internal/dupes	name=TestInspectMembers_NilWhenInspectOff	action=pass	elapsed=0.000
test	partition=non-ui	package=github.com/frathe/picfetch/internal/dupes	name=TestInspectMembers_FullGroupWhenOn	action=pass	elapsed=0.000
test	partition=non-ui	package=github.com/frathe/picfetch/internal/dupes	name=TestInspectMembers_NilWhenInspectedFileIsGone	action=pass	elapsed=0.000
test	partition=non-ui	package=github.com/frathe/picfetch/internal/dupes	name=TestInspectMembers_ReadsSnapshotWithoutRebuild	action=pass	elapsed=0.000
test	partition=non-ui	package=github.com/frathe/picfetch/internal/dupes	name=TestIsHiddenExtra_FalseWhenHideOff	action=pass	elapsed=0.000
test	partition=non-ui	package=github.com/frathe/picfetch/internal/dupes	name=TestIsHiddenExtra_FalseForRepresentative	action=pass	elapsed=0.000
test	partition=non-ui	package=github.com/frathe/picfetch/internal/dupes	name=TestIsHiddenExtra_TrueForNonRepresentativeMember	action=pass	elapsed=0.000
test	partition=non-ui	package=github.com/frathe/picfetch/internal/dupes	name=TestIsHiddenExtra_FalseForUnhashedFile	action=pass	elapsed=0.000
test	partition=non-ui	package=github.com/frathe/picfetch/internal/dupes	name=TestIsHiddenExtra_ChainDoesNotHideUnrelated	action=pass	elapsed=0.000
test	partition=non-ui	package=github.com/frathe/picfetch/internal/dupes	name=TestIsHiddenExtra_HubSpokesDoNotHideUnrelated	action=pass	elapsed=0.000
test	partition=non-ui	package=github.com/frathe/picfetch/internal/dupes	name=TestIsVisible_IsNegationOfIsHiddenExtra	action=pass	elapsed=0.000
test	partition=non-ui	package=github.com/frathe/picfetch/internal/filepicker	name=TestZenityResult_DistinguishesCancelAndFailure	action=pass	elapsed=0.160
test	partition=non-ui	package=github.com/frathe/picfetch/internal/dupes	name=TestVisibility_AgreesWithPerIndexAccessors	action=pass	elapsed=0.000
test	partition=non-ui	package=github.com/frathe/picfetch/internal/dupes	name=TestVisibility_IsAFrozenRead	action=pass	elapsed=0.000
test	partition=non-ui	package=github.com/frathe/picfetch/internal/dupes	name=TestVisibility_TakesOneModelReadPerCall	action=pass	elapsed=0.000
test	partition=non-ui	package=github.com/frathe/picfetch/internal/dupes	name=TestNextVisible_StepsWithinInspectMembersRing	action=pass	elapsed=0.000
test	partition=non-ui	package=github.com/frathe/picfetch/internal/dupes	name=TestNextVisible_DeltaZeroReturnsFromUnchanged	action=pass	elapsed=0.000
test	partition=non-ui	package=github.com/frathe/picfetch/internal/dupes	name=TestNextVisible_HideOffReturnsUnclampedFromPlusDelta	action=pass	elapsed=0.000
test	partition=non-ui	package=github.com/frathe/picfetch/internal/dupes	name=TestNextVisible_SkipsHiddenExtras	action=pass	elapsed=0.000
test	partition=non-ui	package=github.com/frathe/picfetch/internal/dupes	name=TestNextVisible_SkipsHiddenExtrasBackward	action=pass	elapsed=0.000
test	partition=non-ui	package=github.com/frathe/picfetch/internal/dupes	name=TestNextVisible_AllHiddenReturnsFrom	action=pass	elapsed=0.000
test	partition=non-ui	package=github.com/frathe/picfetch/internal/dupes	name=TestNextVisible_EmptyFileSetReturnsZero	action=pass	elapsed=0.000
test	partition=non-ui	package=github.com/frathe/picfetch/internal/dupes	name=TestNextVisible_TakesOneSnapshotPerCall	action=pass	elapsed=0.000
test	partition=non-ui	package=github.com/frathe/picfetch/internal/dupes	name=TestNextVisible_TakesOneSnapshotWhileInspecting	action=pass	elapsed=0.000
test	partition=non-ui	package=github.com/frathe/picfetch/internal/dupes	name=TestNextVisible_TakesOneSnapshotWhileSkippingHiddenExtras	action=pass	elapsed=0.000
test	partition=non-ui	package=github.com/frathe/picfetch/internal/dupes	name=TestStepInMembers_EmptyMembersReturnsFrom	action=pass	elapsed=0.000
test	partition=non-ui	package=github.com/frathe/picfetch/internal/dupes	name=TestStepInMembers_DeltaZeroReturnsFrom	action=pass	elapsed=0.000
test	partition=non-ui	package=github.com/frathe/picfetch/internal/dupes	name=TestStepInMembers_Wraps	action=pass	elapsed=0.000
test	partition=non-ui	package=github.com/frathe/picfetch/internal/dupes	name=TestStepInMembers_FromNotInMembersStartsAtFirst	action=pass	elapsed=0.000
test	partition=non-ui	package=github.com/frathe/picfetch/internal/dupes	name=TestFirstVisible_SkipsHiddenFirstFile	action=pass	elapsed=0.000
test	partition=non-ui	package=github.com/frathe/picfetch/internal/dupes	name=TestLastVisible_SkipsHiddenLastFile	action=pass	elapsed=0.000
test	partition=non-ui	package=github.com/frathe/picfetch/internal/dupes	name=TestFirstVisible_LastVisible_HideOffDoNotFilter	action=pass	elapsed=0.000
test	partition=non-ui	package=github.com/frathe/picfetch/internal/dupes	name=TestFirstVisible_LastVisible_FallBackToZeroWhenNothingVisible	action=pass	elapsed=0.000
test	partition=non-ui	package=github.com/frathe/picfetch/internal/dupes	name=TestVisibleIndexesExcept_ExcludesCurrentAndHiddenExtras	action=pass	elapsed=0.000
test	partition=non-ui	package=github.com/frathe/picfetch/internal/dupes	name=TestVisibleIndexesExcept_HideOffOnlyExcludesCurrent	action=pass	elapsed=0.000
test	partition=non-ui	package=github.com/frathe/picfetch/internal/favthumbs	name=TestHasCurrentPreviewTracksSourceVersion	action=pass	elapsed=0.030
test	partition=non-ui	package=github.com/frathe/picfetch/internal/favthumbs	name=TestReadMissesWhenNothingWritten	action=pass	elapsed=0.050
test	partition=non-ui	package=github.com/frathe/picfetch/internal/favthumbs	name=TestWriteRejectsNilThumbnail	action=pass	elapsed=0.050
test	partition=non-ui	package=github.com/frathe/picfetch/internal/favthumbs	name=TestSweepMissingThumbsDirIsNoOp	action=pass	elapsed=0.060
test	partition=non-ui	package=github.com/frathe/picfetch/internal/favthumbs	name=TestSyncCachedHitDoesNotRewriteExistingPreview	action=pass	elapsed=0.070
test	partition=non-ui	package=github.com/frathe/picfetch/internal/favthumbs	name=TestSweepLeavesNonPreviewFileAlone	action=pass	elapsed=0.000
test	partition=non-ui	package=github.com/frathe/picfetch/internal/favthumbs	name=TestSweepDeletesLeftoverTempFile	action=pass	elapsed=0.000
test	partition=non-ui	package=github.com/frathe/picfetch/internal/favthumbs	name=TestEntryNameStableAcrossCalls	action=pass	elapsed=0.000
test	partition=non-ui	package=github.com/frathe/picfetch/internal/favthumbs	name=TestWriteLeavesNoTempFilesBehind	action=pass	elapsed=0.070
test	partition=non-ui	package=github.com/frathe/picfetch/internal/favthumbs	name=TestWriteReadRoundTripOpaque	action=pass	elapsed=0.070
test	partition=non-ui	package=github.com/frathe/picfetch/internal/favthumbs	name=TestSyncNilSinkStillWritesPreviews	action=pass	elapsed=0.080
test	partition=non-ui	package=github.com/frathe/picfetch/internal/favthumbs	name=TestSyncStoresEveryFileInSink	action=pass	elapsed=0.080
test	partition=non-ui	package=github.com/frathe/picfetch/internal/favthumbs	name=TestSyncCachedHitSkipsReadAndDecode	action=pass	elapsed=0.090
test	partition=non-ui	package=github.com/frathe/picfetch/internal/favthumbs	name=TestEntryNameChangesWhenSizeChanges	action=pass	elapsed=0.080
test	partition=non-ui	package=github.com/frathe/picfetch/internal/favthumbs	name=TestSyncCancelledContextReturnsErrorAndDoesNotSweep	action=pass	elapsed=0.090
test	partition=non-ui	package=github.com/frathe/picfetch/internal/favthumbs	name=TestSweepKeepsPreviewsForUnstatableSource	action=pass	elapsed=0.030
test	partition=non-ui	package=github.com/frathe/picfetch/internal/favthumbs	name=TestSweepWithEmptyFilesDeletesEveryPreview	action=pass	elapsed=0.040
test	partition=non-ui	package=github.com/frathe/picfetch/internal/filescan	name=TestImages_EmptyInput	action=pass	elapsed=0.000
test	partition=non-ui	package=github.com/frathe/picfetch/internal/favthumbs	name=TestSweepDeletesStalePreviewForChangedSource	action=pass	elapsed=0.000
test	partition=non-ui	package=github.com/frathe/picfetch/internal/favthumbs	name=TestReadMissesWhenSourceModTimeChangesButOldFileSurvives	action=pass	elapsed=0.010
test	partition=non-ui	package=github.com/frathe/picfetch/internal/filesort	name=TestModes_MatchesNextsCycleOrder	action=pass	elapsed=0.000
test	partition=non-ui	package=github.com/frathe/picfetch/internal/filesort	name=TestDisplayName_EveryModeHasADistinctNonEmptyName	action=pass	elapsed=0.000
test	partition=non-ui	package=github.com/frathe/picfetch/internal/filesort	name=TestNaturalLess	action=pass	elapsed=0.000
test	partition=non-ui	package=github.com/frathe/picfetch/internal/favthumbs	name=TestSyncDeduplicatesRepeatedFiles	action=pass	elapsed=0.070
test	partition=non-ui	package=github.com/frathe/picfetch/internal/favthumbs	name=TestWriteOpaqueUsesJPEGExtension	action=pass	elapsed=0.020
test	partition=non-ui	package=github.com/frathe/picfetch/internal/favthumbs	name=TestSyncReusesPreviewFromDiskInsteadOfDecoding	action=pass	elapsed=0.130
test	partition=non-ui	package=github.com/frathe/picfetch/internal/favthumbs	name=TestDirJoinsSubDirOntoFavoriteDirectory	action=pass	elapsed=0.010
test	partition=non-ui	package=github.com/frathe/picfetch/internal/favthumbs	name=TestWriteCreatesThumbsDirWhenMissing	action=pass	elapsed=0.030
test	partition=non-ui	package=github.com/frathe/picfetch/internal/favthumbs	name=TestSweepDeletesPreviewForRemovedSource	action=pass	elapsed=0.020
test	partition=non-ui	package=github.com/frathe/picfetch/internal/filesort	name=TestOrderedFiles_SortsByCaptureDate	action=pass	elapsed=0.010
test	partition=non-ui	package=github.com/frathe/picfetch/internal/filesort	name=TestOrderedFiles_SortsByModTime	action=pass	elapsed=0.000
test	partition=non-ui	package=github.com/frathe/picfetch/internal/favthumbs	name=TestSyncBadFileDoesNotStopPeers	action=pass	elapsed=0.130
test	partition=non-ui	package=github.com/frathe/picfetch/internal/favthumbs	name=TestEntryNameChangesWhenModTimeChanges	action=pass	elapsed=0.030
test	partition=non-ui	package=github.com/frathe/picfetch/internal/favthumbs	name=TestSyncSweepsStalePreview	action=pass	elapsed=0.130
test	partition=non-ui	package=github.com/frathe/picfetch/internal/favthumbs	name=TestWriteErrorsWhenSourceCannotBeStated	action=pass	elapsed=0.010
test	partition=non-ui	package=github.com/frathe/picfetch/internal/filesort	name=TestOrderedFiles_SortsBySize	action=pass	elapsed=0.000
test	partition=non-ui	package=github.com/frathe/picfetch/internal/filesort	name=TestOrder_StopsEarlyWhenContextIsCancelled	action=pass	elapsed=0.000
test	partition=non-ui	package=github.com/frathe/picfetch/internal/filesort	name=TestOrder_CaptureDateCancellationStopsReading	action=pass	elapsed=0.000
test	partition=non-ui	package=github.com/frathe/picfetch/internal/filesort	name=TestOrder_CaptureDateReadErrorsPreserveFallbackExceptCancellation	action=pass	elapsed=0.000
test	partition=non-ui	package=github.com/frathe/picfetch/internal/filescan	name=TestImages_FiltersUnsupportedFiles	action=pass	elapsed=0.030
test	partition=non-ui	package=github.com/frathe/picfetch/internal/favthumbs	name=TestEntryNameMissingFileReportsFalse	action=pass	elapsed=0.010
test	partition=non-ui	package=github.com/frathe/picfetch/internal/favthumbs	name=TestSweepKeepsCurrentPreview	action=pass	elapsed=0.010
test	partition=non-ui	package=github.com/frathe/picfetch/internal/favthumbs	name=TestSyncTwiceLeavesNoDuplicates	action=pass	elapsed=0.140
test	partition=non-ui	package=github.com/frathe/picfetch/internal/favthumbs	name=TestReadMissesWhenStoredFileIsGarbage	action=pass	elapsed=0.010
test	partition=non-ui	package=github.com/frathe/picfetch/internal/favthumbs	name=TestEntryNamePreservesSubsecondPrecision	action=pass	elapsed=0.070
test	partition=non-ui	package=github.com/frathe/picfetch/internal/filescan	name=TestImages_RecursesIntoNestedDirectories	action=pass	elapsed=0.000
test	partition=non-ui	package=github.com/frathe/picfetch/internal/filescan	name=TestImages_SymlinkCycleDoesNotHang	action=pass	elapsed=0.000
test	partition=non-ui	package=github.com/frathe/picfetch/internal/favthumbs	name=TestSyncWritesPreviewForEveryFile	action=pass	elapsed=0.040
test	partition=non-ui	package=github.com/frathe/picfetch/internal/favthumbs	name=TestSyncReplacesLegacyPreviewAfterCompletePass	action=pass	elapsed=0.030
test	partition=non-ui	package=github.com/frathe/picfetch/internal/filescan	name=TestImages_DedupesOverlappingDirectories	action=pass	elapsed=0.000
test	partition=non-ui	package=github.com/frathe/picfetch/internal/filescan	name=TestImages_DedupesDuplicateURIsInDirectDrop	action=pass	elapsed=0.000
test	partition=non-ui	package=github.com/frathe/picfetch/internal/filescan	name=TestImages_CapsAtMax	action=pass	elapsed=0.000
test	partition=non-ui	package=github.com/frathe/picfetch/internal/filescan	name=TestImages_CapAppliesToDirectFileDrop	action=pass	elapsed=0.000
test	partition=non-ui	package=github.com/frathe/picfetch/internal/favthumbs	name=TestReadMissesSameSizeSubsecondEdit	action=pass	elapsed=0.150
test	partition=non-ui	package=github.com/frathe/picfetch/internal/filescan	name=TestImages_MaxFlooredAtOne	action=pass	elapsed=0.000
test	partition=non-ui	package=github.com/frathe/picfetch/internal/filescan	name=TestImages_PreservesDropOrder	action=pass	elapsed=0.000
test	partition=non-ui	package=github.com/frathe/picfetch/internal/favthumbs	name=TestSweepDeletesPNGPreviewForRemovedSource	action=pass	elapsed=0.150
test	partition=non-ui	package=github.com/frathe/picfetch/internal/favthumbs	name=TestWriteTransparentUsesPNGExtensionAndRoundTripsExactly	action=pass	elapsed=0.080
test	partition=non-ui	package=github.com/frathe/picfetch/internal/favthumbs	name=TestWriteReplacesSiblingExtension	action=pass	elapsed=0.060
test	partition=non-ui	package=github.com/frathe/picfetch/internal/filescan	name=TestImages_ProgressThrottle	action=pass	elapsed=0.010
test	partition=non-ui	package=github.com/frathe/picfetch/internal/filescan	name=TestImages_ContextCancellationStopsWalk	action=pass	elapsed=0.000
test	partition=non-ui	package=github.com/frathe/picfetch/internal/filescan	name=TestImages_ContextCancellationMidWalkStopsWalk	action=pass	elapsed=0.000
test	partition=non-ui	package=github.com/frathe/picfetch/internal/filescan	name=TestSiblings_ListsSameDirectoryOnly	action=pass	elapsed=0.000
test	partition=non-ui	package=github.com/frathe/picfetch/internal/filescan	name=TestSiblings_ListFailureReturnsOpenedFile	action=pass	elapsed=0.000
test	partition=non-ui	package=github.com/frathe/picfetch/internal/filescan	name=TestSiblings_LonelyFile	action=pass	elapsed=0.000
test	partition=non-ui	package=github.com/frathe/picfetch/internal/filescan	name=TestSiblings_CapsAtMaxKeepsOpenedFile	action=pass	elapsed=0.000
test	partition=non-ui	package=github.com/frathe/picfetch/internal/filescan	name=TestSiblings_MaxFlooredAtOne	action=pass	elapsed=0.000
test	partition=non-ui	package=github.com/frathe/picfetch/internal/filescan	name=TestSiblings_AlreadyCancelledContext	action=pass	elapsed=0.000
test	partition=non-ui	package=github.com/frathe/picfetch/internal/filescan	name=TestSiblings_ProgressThrottle	action=pass	elapsed=0.000
test	partition=non-ui	package=github.com/frathe/picfetch/internal/imaging	name=TestByteCacheCapturedWritesRejectPrePurgeProducers	action=pass	elapsed=0.000
test	partition=non-ui	package=github.com/frathe/picfetch/internal/imaging	name=TestByteCache_EvictsByWeightNotCount	action=pass	elapsed=0.000
test	partition=non-ui	package=github.com/frathe/picfetch/internal/imaging	name=TestByteCache_KeepsTheNewestEntryEvenWhenItAloneExceedsBudget	action=pass	elapsed=0.000
test	partition=non-ui	package=github.com/frathe/picfetch/internal/imaging	name=TestByteCache_AddIfFitsRefusesAnOverBudgetValue	action=pass	elapsed=0.000
test	partition=non-ui	package=github.com/frathe/picfetch/internal/imaging	name=TestByteCache_ReAddingAKeyReplacesItsWeight	action=pass	elapsed=0.000
test	partition=non-ui	package=github.com/frathe/picfetch/internal/imaging	name=TestByteCache_SetBudgetEvictsImmediately	action=pass	elapsed=0.000
test	partition=non-ui	package=github.com/frathe/picfetch/internal/imaging	name=TestByteCache_RemoveAndPurgeRestoreTheByteTotal	action=pass	elapsed=0.000
test	partition=non-ui	package=github.com/frathe/picfetch/internal/imaging	name=TestByteCache_ContainsDoesNotPromote	action=pass	elapsed=0.000
test	partition=non-ui	package=github.com/frathe/picfetch/internal/imaging	name=TestByteCache_GetPromotes	action=pass	elapsed=0.000
test	partition=non-ui	package=github.com/frathe/picfetch/internal/imaging	name=TestByteCache_GetReportsMissesWithoutMutating	action=pass	elapsed=0.000
test	partition=non-ui	package=github.com/frathe/picfetch/internal/imaging	name=TestNewByteCache_RaisesANonPositiveBudget	action=pass	elapsed=0.000
test	partition=non-ui	package=github.com/frathe/picfetch/internal/imaging	name=TestByteCache_ConcurrentUseIsRaceFree	action=pass	elapsed=0.000
test	partition=non-ui	package=github.com/frathe/picfetch/internal/imaging	name=TestImageBytes	action=pass	elapsed=0.000
test	partition=non-ui	package=github.com/frathe/picfetch/internal/imaging	name=TestLoadedImageBytes_SumsEveryFrame	action=pass	elapsed=0.000
test	partition=non-ui	package=github.com/frathe/picfetch/internal/imaging	name=TestEstimateDecodedBytes	action=pass	elapsed=0.000
test	partition=non-ui	package=github.com/frathe/picfetch/internal/imaging	name=TestNewImgCache_WeighsByDecodedFrames	action=pass	elapsed=0.000
test	partition=non-ui	package=github.com/frathe/picfetch/internal/imaging	name=TestNewThumbCache_EvictsByBytes	action=pass	elapsed=0.000
test	partition=non-ui	package=github.com/frathe/picfetch/internal/imaging	name=TestDifferenceHash_SparseDetailSurvivesTheDownsample	action=pass	elapsed=0.010
test	partition=non-ui	package=github.com/frathe/picfetch/internal/imaging	name=TestDifferenceHash_UnrelatedSparseImagesAreNotDuplicates	action=pass	elapsed=0.040
test	partition=non-ui	package=github.com/frathe/picfetch/internal/launch	name=TestParse_FlagsAnywhereAmongPaths	action=pass	elapsed=0.000
test	partition=non-ui	package=github.com/frathe/picfetch/internal/launch	name=TestParse_ValueFlagsAcceptBothForms	action=pass	elapsed=0.000
test	partition=non-ui	package=github.com/frathe/picfetch/internal/launch	name=TestParse_BoolFlagsAcceptExplicitValue	action=pass	elapsed=0.000
test	partition=non-ui	package=github.com/frathe/picfetch/internal/launch	name=TestParse_BareBoolFlagMeansTrue	action=pass	elapsed=0.000
test	partition=non-ui	package=github.com/frathe/picfetch/internal/launch	name=TestParse_DoubleDashEndsFlagParsing	action=pass	elapsed=0.000
test	partition=non-ui	package=github.com/frathe/picfetch/internal/launch	name=TestParse_IgnoresProcessSerialNumberArgument	action=pass	elapsed=0.000
test	partition=non-ui	package=github.com/frathe/picfetch/internal/launch	name=TestParse_HelpReturnsErrHelp	action=pass	elapsed=0.000
test	partition=non-ui	package=github.com/frathe/picfetch/internal/launch	name=TestParse_NoArgumentsLeavesEveryOptionUnset	action=pass	elapsed=0.000
test	partition=non-ui	package=github.com/frathe/picfetch/internal/launch	name=TestParse_Rejects	action=pass	elapsed=0.000
test	partition=non-ui	package=github.com/frathe/picfetch/internal/launch	name=TestParse_RejectsBeforeReturningPaths	action=pass	elapsed=0.000
test	partition=non-ui	package=github.com/frathe/picfetch/internal/launch	name=TestUsage_DocumentsEveryFlag	action=pass	elapsed=0.000
test	partition=non-ui	package=github.com/frathe/picfetch/internal/launch	name=TestUsage_ListsEverySortMode	action=pass	elapsed=0.000
test	partition=non-ui	package=github.com/frathe/picfetch/internal/imaging	name=TestDifferenceHash_SurvivesReEncodeAndResize	action=pass	elapsed=0.140
test	partition=non-ui	package=github.com/frathe/picfetch/internal/imaging	name=TestDifferenceHash_IdenticalImagesHaveDistanceZero	action=pass	elapsed=0.000
test	partition=non-ui	package=github.com/frathe/picfetch/internal/imaging	name=TestDifferenceHash_DifferentPatternsAreFar	action=pass	elapsed=0.000
test	partition=non-ui	package=github.com/frathe/picfetch/internal/imaging	name=TestDifferenceHash_UniformImagesHashToZero	action=pass	elapsed=0.000
test	partition=non-ui	package=github.com/frathe/picfetch/internal/imaging	name=TestHamming_KnownBits	action=pass	elapsed=0.000
test	partition=non-ui	package=github.com/frathe/picfetch/internal/imaging	name=TestDuplicateGroups_ClustersByHamming	action=pass	elapsed=0.000
test	partition=non-ui	package=github.com/frathe/picfetch/internal/imaging	name=TestDuplicateGroups_SingletonsOmitted	action=pass	elapsed=0.000
test	partition=non-ui	package=github.com/frathe/picfetch/internal/imaging	name=TestDuplicateGroups_NegativeMaxDistTreatedAsZero	action=pass	elapsed=0.000
test	partition=non-ui	package=github.com/frathe/picfetch/internal/imaging	name=TestDuplicateGroups_ChainIsNotTransitive	action=pass	elapsed=0.000
test	partition=non-ui	package=github.com/frathe/picfetch/internal/imaging	name=TestDuplicateGroups_ChainJoinsWhenWithinRepDistance	action=pass	elapsed=0.000
test	partition=non-ui	package=github.com/frathe/picfetch/internal/imaging	name=TestDuplicateGroups_MultipleGroupsKeepFirstSeenOrder	action=pass	elapsed=0.000
test	partition=non-ui	package=github.com/frathe/picfetch/internal/imaging	name=TestDuplicateGroups_LaterNearDupesDoNotJoinEarlierFarRep	action=pass	elapsed=0.000
test	partition=non-ui	package=github.com/frathe/picfetch/internal/imaging	name=TestDuplicateGroups_SeparatedHashesStaySingletons	action=pass	elapsed=0.000
test	partition=non-ui	package=github.com/frathe/picfetch/internal/imaging	name=TestDuplicateGroups_SpokesNearHubButFarFromEachOtherDoNotGroup	action=pass	elapsed=0.000
test	partition=non-ui	package=github.com/frathe/picfetch/internal/imaging	name=TestDuplicateGroups_ZeroHashIsNotAStarCenter	action=pass	elapsed=0.000
test	partition=non-ui	package=github.com/frathe/picfetch/internal/imaging	name=TestDuplicateGroupsContextCancelsWithoutPartialResults	action=pass	elapsed=0.000
test	partition=non-ui	package=github.com/frathe/picfetch/internal/imaging	name=TestParseExifOrientation	action=pass	elapsed=0.000
test	partition=non-ui	package=github.com/frathe/picfetch/internal/imaging	name=TestReadMetadata_FullTagSet	action=pass	elapsed=0.000
test	partition=non-ui	package=github.com/frathe/picfetch/internal/imaging	name=TestReadMetadata_GPS	action=pass	elapsed=0.000
test	partition=non-ui	package=github.com/frathe/picfetch/internal/imaging	name=TestReadMetadata_GPSSouthWestIsNegative	action=pass	elapsed=0.000
test	partition=non-ui	package=github.com/frathe/picfetch/internal/imaging	name=TestReadMetadata_GPSLowercaseRef	action=pass	elapsed=0.000
test	partition=non-ui	package=github.com/frathe/picfetch/internal/imaging	name=TestReadMetadata_GPSZeroIslandIsStillAPosition	action=pass	elapsed=0.000
test	partition=non-ui	package=github.com/frathe/picfetch/internal/imaging	name=TestReadMetadata_GPSRejected	action=pass	elapsed=0.000
test	partition=non-ui	package=github.com/frathe/picfetch/internal/imaging	name=TestReadMetadata_GPSExactlyAtTheRangeEdges	action=pass	elapsed=0.000
test	partition=non-ui	package=github.com/frathe/picfetch/internal/imaging	name=TestReadMetadata_NoGPSIFDLeavesThePositionUnset	action=pass	elapsed=0.000
test	partition=non-ui	package=github.com/frathe/picfetch/internal/imaging	name=TestDegreesFromDMS	action=pass	elapsed=0.000
test	partition=non-ui	package=github.com/frathe/picfetch/internal/imaging	name=TestValidCoordinates	action=pass	elapsed=0.000
test	partition=non-ui	package=github.com/frathe/picfetch/internal/imaging	name=TestReadMetadata_NoExifData	action=pass	elapsed=0.000
test	partition=non-ui	package=github.com/frathe/picfetch/internal/imaging	name=TestReadMetadata_NotAJPEG	action=pass	elapsed=0.000
test	partition=non-ui	package=github.com/frathe/picfetch/internal/imaging	name=TestReadMetadata_OrientationOnlySegmentYieldsEmpty	action=pass	elapsed=0.000
test	partition=non-ui	package=github.com/frathe/picfetch/internal/imaging	name=TestReadMetadata_HEICFallback	action=pass	elapsed=0.010
test	partition=non-ui	package=github.com/frathe/picfetch/internal/imaging	name=TestReadMetadata_AVIFFallback	action=pass	elapsed=0.000
test	partition=non-ui	package=github.com/frathe/picfetch/internal/openwith	name=TestQueue_ConcurrentDeliverAndSetHandler	action=pass	elapsed=0.010
test	partition=non-ui	package=github.com/frathe/picfetch/internal/openwith	name=TestDeliver_PackageLevel_BuffersUntilSetHandlerInstalled	action=pass	elapsed=0.000
test	partition=non-ui	package=github.com/frathe/picfetch/internal/openwith	name=TestSetHandler_PackageLevel_CallsThroughAfterInstalled	action=pass	elapsed=0.000
test	partition=non-ui	package=github.com/frathe/picfetch/internal/openwith	name=TestQueue_DeliverBeforeSetHandler_BuffersThenFlushesInArrivalOrder	action=pass	elapsed=0.000
test	partition=non-ui	package=github.com/frathe/picfetch/internal/openwith	name=TestQueue_Deliver_EmptyOrNilIsNoop	action=pass	elapsed=0.000
test	partition=non-ui	package=github.com/frathe/picfetch/internal/openwith	name=TestQueue_SetHandlerNil_ClearsHandlerAndBuffersAgain	action=pass	elapsed=0.000
test	partition=non-ui	package=github.com/frathe/picfetch/internal/openwith	name=TestQueue_SetHandlerNil_DoesNotDiscardPreviouslyBuffered	action=pass	elapsed=0.000
test	partition=non-ui	package=github.com/frathe/picfetch/internal/openwith	name=TestQueue_DeliverAfterSetHandler_CallsThroughImmediatelyAndLeavesPendingEmpty	action=pass	elapsed=0.000
test	partition=non-ui	package=github.com/frathe/picfetch/internal/openwith	name=TestQueue_HandlerNeverInvokedWhileMutexHeld	action=pass	elapsed=0.000
test	partition=non-ui	package=github.com/frathe/picfetch/internal/openwith	name=TestURIsFromFileURLs	action=pass	elapsed=0.000
package	partition=non-ui	package=github.com/frathe/picfetch/internal/decodepool	action=pass	elapsed=1.080
package	partition=non-ui	package=github.com/frathe/picfetch/internal/clipboard	action=pass	elapsed=1.080
package	partition=non-ui	package=github.com/frathe/picfetch/internal/distribution	action=pass	elapsed=1.088
package	partition=non-ui	package=github.com/frathe/picfetch/internal/filemanager	action=pass	elapsed=1.107
package	partition=non-ui	package=github.com/frathe/picfetch/internal/appearance	action=pass	elapsed=1.124
package	partition=non-ui	package=github.com/frathe/picfetch/internal/ui/assets	action=skip	elapsed=0.000
test	partition=non-ui	package=github.com/frathe/picfetch/internal/selection	name=TestNew_IsEmptyAndHasNoAnchor	action=pass	elapsed=0.000
test	partition=non-ui	package=github.com/frathe/picfetch/internal/selection	name=TestToggle_AddsThenRemoves	action=pass	elapsed=0.000
test	partition=non-ui	package=github.com/frathe/picfetch/internal/selection	name=TestToggle_MovesAnchorEvenWhenDeselecting	action=pass	elapsed=0.000
test	partition=non-ui	package=github.com/frathe/picfetch/internal/selection	name=TestAdd_LeavesTheAnchorWhereItWas	action=pass	elapsed=0.000
test	partition=non-ui	package=github.com/frathe/picfetch/internal/selection	name=TestAdd_IsIdempotent	action=pass	elapsed=0.000
test	partition=non-ui	package=github.com/frathe/picfetch/internal/selection	name=TestClear_EmptiesTheSetAndDropsTheAnchor	action=pass	elapsed=0.000
test	partition=non-ui	package=github.com/frathe/picfetch/internal/selection	name=TestReplace_SwapsTheWholeSet	action=pass	elapsed=0.000
test	partition=non-ui	package=github.com/frathe/picfetch/internal/selection	name=TestReplace_KeepsTheAnchor	action=pass	elapsed=0.000
test	partition=non-ui	package=github.com/frathe/picfetch/internal/selection	name=TestIndices_IsSortedAscending	action=pass	elapsed=0.000
test	partition=non-ui	package=github.com/frathe/picfetch/internal/selection	name=TestIndices_ReturnsAFreshSlice	action=pass	elapsed=0.000
test	partition=non-ui	package=github.com/frathe/picfetch/internal/selection	name=TestRange_IsInclusiveAndAscendingWhicheverWayItIsGiven	action=pass	elapsed=0.000
test	partition=non-ui	package=github.com/frathe/picfetch/internal/selection	name=TestSetAnchor_DoesNotChangeMembership	action=pass	elapsed=0.000
test	partition=non-ui	package=github.com/frathe/picfetch/internal/selection	name=TestSetAnchor_WorksOnAnEmptySet	action=pass	elapsed=0.000
package	partition=non-ui	package=github.com/frathe/picfetch/internal/displays	action=pass	elapsed=1.143
test	partition=non-ui	package=github.com/frathe/picfetch/internal/trash	name=TestMoveLinux_PrefersGio	action=pass	elapsed=0.000
test	partition=non-ui	package=github.com/frathe/picfetch/internal/trash	name=TestMoveLinux_FallsBackToTrashPut	action=pass	elapsed=0.000
test	partition=non-ui	package=github.com/frathe/picfetch/internal/trash	name=TestMoveLinux_PreservesOrdinaryXDGAndNormalizesSnap	action=pass	elapsed=0.000
test	partition=non-ui	package=github.com/frathe/picfetch/internal/trash	name=TestMoveLinux_ReturnsErrorWhenNeitherToolInstalled	action=pass	elapsed=0.000
test	partition=non-ui	package=github.com/frathe/picfetch/internal/session	name=TestLoadSession_NothingSavedReturnsNil	action=pass	elapsed=0.000
package	partition=non-ui	package=github.com/frathe/picfetch/internal/completion	action=pass	elapsed=1.173
test	partition=non-ui	package=github.com/frathe/picfetch/internal/preferences	name=TestMosaicPreferencesRotationRange	action=pass	elapsed=0.000
test	partition=non-ui	package=github.com/frathe/picfetch/internal/preferences	name=TestMosaicPreferences_DefaultsAndRoundTrip	action=pass	elapsed=0.000
test	partition=non-ui	package=github.com/frathe/picfetch/internal/preferences	name=TestMosaicPreferences_DropShadowDefaultsEnabled	action=pass	elapsed=0.000
test	partition=non-ui	package=github.com/frathe/picfetch/internal/preferences	name=TestMosaicPreferences_DropShadowRoundTripsBothChoices	action=pass	elapsed=0.000
test	partition=non-ui	package=github.com/frathe/picfetch/internal/preferences	name=TestMosaicPreferences_NormalizesEachInvalidFieldIndependently	action=pass	elapsed=0.000
test	partition=non-ui	package=github.com/frathe/picfetch/internal/preferences	name=TestMosaicPreferences_GeometryRoundTripsAndUnsetDoesNotOverwrite	action=pass	elapsed=0.000
test	partition=non-ui	package=github.com/frathe/picfetch/internal/preferences	name=TestLoadPreferences_NothingSavedReturnsDefaults	action=pass	elapsed=0.000
test	partition=non-ui	package=github.com/frathe/picfetch/internal/preferences	name=TestSavePreferences_RoundTrip	action=pass	elapsed=0.000
test	partition=non-ui	package=github.com/frathe/picfetch/internal/preferences	name=TestLoadPreferences_UnknownThemeModeFallsBackToSystem	action=pass	elapsed=0.000
test	partition=non-ui	package=github.com/frathe/picfetch/internal/preferences	name=TestSavePreferences_RoundTripAtOrigin	action=pass	elapsed=0.000
test	partition=non-ui	package=github.com/frathe/picfetch/internal/preferences	name=TestSavePreferences_UnsetSecondaryWindowGeometryDoesNotOverwritePreviouslySaved	action=pass	elapsed=0.000
test	partition=non-ui	package=github.com/frathe/picfetch/internal/preferences	name=TestSavePreferences_SecondaryWindowGeometryRoundTripsAtOrigin	action=pass	elapsed=0.000
test	partition=non-ui	package=github.com/frathe/picfetch/internal/preferences	name=TestSavePreferences_ZeroDuplicateDistanceRoundTrips	action=pass	elapsed=0.000
test	partition=non-ui	package=github.com/frathe/picfetch/internal/preferences	name=TestSavePreferences_UnsetDuplicateDistanceDoesNotOverwritePreviouslySaved	action=pass	elapsed=0.000
test	partition=non-ui	package=github.com/frathe/picfetch/internal/preferences	name=TestSavePreferences_ZeroSlideIntervalDoesNotOverwritePreviouslySaved	action=pass	elapsed=0.000
test	partition=non-ui	package=github.com/frathe/picfetch/internal/preferences	name=TestSavePreferences_ZeroMaxScanFilesDoesNotOverwritePreviouslySaved	action=pass	elapsed=0.000
test	partition=non-ui	package=github.com/frathe/picfetch/internal/preferences	name=TestSavePreferences_ZeroMaxWindowSizeDoesNotOverwritePreviouslySaved	action=pass	elapsed=0.000
test	partition=non-ui	package=github.com/frathe/picfetch/internal/preferences	name=TestSavePreferences_ZeroMemoryLimitsDoNotOverwritePreviouslySaved	action=pass	elapsed=0.000
test	partition=non-ui	package=github.com/frathe/picfetch/internal/preferences	name=TestSavePreferences_ZeroWindowSizeDoesNotOverwritePreviouslySaved	action=pass	elapsed=0.000
test	partition=non-ui	package=github.com/frathe/picfetch/internal/preferences	name=TestSavePreferences_FavoritePreviewCacheFalseRoundTrips	action=pass	elapsed=0.000
test	partition=non-ui	package=github.com/frathe/picfetch/internal/preferences	name=TestSavePreferences_FavoritePreviewCacheTrueRoundTrips	action=pass	elapsed=0.000
test	partition=non-ui	package=github.com/frathe/picfetch/internal/preferences	name=TestSavePreferences_UnsetWindowPositionDoesNotOverwritePreviouslySaved	action=pass	elapsed=0.000
test	partition=non-ui	package=github.com/frathe/picfetch/internal/preferences	name=TestSaveLastUpdateCheckDay	action=pass	elapsed=0.000
test	partition=non-ui	package=github.com/frathe/picfetch/internal/preferences	name=TestSaveDoesNotClobberLastUpdateCheckDay	action=pass	elapsed=0.000
test	partition=non-ui	package=github.com/frathe/picfetch/internal/session	name=TestSaveSession_RoundTrip	action=pass	elapsed=0.010
test	partition=non-ui	package=github.com/frathe/picfetch/internal/session	name=TestSaveSession_EmptyFilesClearsPreviouslySavedSession	action=pass	elapsed=0.000
test	partition=non-ui	package=github.com/frathe/picfetch/internal/trash	name=TestMoveWindows_BuildsExpectedScript	action=pass	elapsed=0.000
test	partition=non-ui	package=github.com/frathe/picfetch/internal/trash	name=TestMoveWindows_EscapesPathMetacharacters	action=pass	elapsed=0.000
test	partition=non-ui	package=github.com/frathe/picfetch/internal/trash	name=TestMoveWindows_ReturnsStatErrorBeforeRunningCommand	action=pass	elapsed=0.000
test	partition=non-ui	package=github.com/frathe/picfetch/internal/trash	name=TestMoveWindows_ReturnsCommandError	action=pass	elapsed=0.000
test	partition=non-ui	package=github.com/frathe/picfetch/internal/trash	name=TestEscapePowerShellPath	action=pass	elapsed=0.000
test	partition=non-ui	package=github.com/frathe/picfetch/internal/session	name=TestLoadSession_CorruptCacheEntryReturnsNil	action=pass	elapsed=0.000
test	partition=non-ui	package=github.com/frathe/picfetch/internal/preferences	name=TestSaveAndSaveLastUpdateCheckDayConcurrent	action=pass	elapsed=0.000
test	partition=ui-2	package=github.com/frathe/picfetch/internal/ui	name=TestActionsMenu_PictureFrameLeavesRotateEnabled	action=pass	elapsed=1.030
package	partition=non-ui	package=github.com/frathe/picfetch	action=pass	elapsed=1.211
package	partition=non-ui	package=github.com/frathe/picfetch/internal/favstore	action=pass	elapsed=1.223
package	partition=non-ui	package=github.com/frathe/picfetch/internal/filepicker	action=pass	elapsed=1.279
package	partition=non-ui	package=github.com/frathe/picfetch/internal/dupes	action=pass	elapsed=1.286
test	partition=non-ui	package=github.com/frathe/picfetch/internal/ui/autoupdate	name=TestApplyFailureCache_RoundTrip	action=pass	elapsed=0.000
test	partition=non-ui	package=github.com/frathe/picfetch/internal/ui/autoupdate	name=TestLoadApplyFailure_NothingCachedIsNilWithoutError	action=pass	elapsed=0.000
test	partition=non-ui	package=github.com/frathe/picfetch/internal/ui/autoupdate	name=TestClearApplyFailure_RemovesTheRecord	action=pass	elapsed=0.000
test	partition=non-ui	package=github.com/frathe/picfetch/internal/ui/autoupdate	name=TestClearApplyFailure_NothingCachedIsANoop	action=pass	elapsed=0.000
test	partition=non-ui	package=github.com/frathe/picfetch/internal/ui/autoupdate	name=TestSaveApplyFailure_ReplacesTheEarlierRecord	action=pass	elapsed=0.000
test	partition=non-ui	package=github.com/frathe/picfetch/internal/ui/autoupdate	name=TestSaveApplyFailure_UsesStableJSONKeys	action=pass	elapsed=0.000
test	partition=non-ui	package=github.com/frathe/picfetch/internal/ui/autoupdate	name=TestLoadApplyFailure_UnreadableRecordIsAnError	action=pass	elapsed=0.000
test	partition=non-ui	package=github.com/frathe/picfetch/internal/ui/display	name=TestZeroValue_IsEmptyAndSafe	action=pass	elapsed=0.000
test	partition=non-ui	package=github.com/frathe/picfetch/internal/ui/display	name=TestRotateBy_NormalizesIntoQuarterTurnRange	action=pass	elapsed=0.000
test	partition=non-ui	package=github.com/frathe/picfetch/internal/ui/display	name=TestRotateBy_AlwaysLandsInRange	action=pass	elapsed=0.000
test	partition=non-ui	package=github.com/frathe/picfetch/internal/ui/display	name=TestResetRotation_ReportsWhetherItChangedAnything	action=pass	elapsed=0.000
test	partition=non-ui	package=github.com/frathe/picfetch/internal/ui/display	name=TestCurrentAndReplaceCurrent_FollowTheIndex	action=pass	elapsed=0.000
test	partition=non-ui	package=github.com/frathe/picfetch/internal/ui/display	name=TestRotated_ComposesTheCurrentIndexWithTheRotation	action=pass	elapsed=0.000
test	partition=non-ui	package=github.com/frathe/picfetch/internal/ui/display	name=TestRotated_AtZeroRotationIsTheCurrentFrame	action=pass	elapsed=0.000
test	partition=non-ui	package=github.com/frathe/picfetch/internal/ui/display	name=TestClear_ZeroesEverything	action=pass	elapsed=0.000
test	partition=non-ui	package=github.com/frathe/picfetch/internal/ui/display	name=TestStartFade_TicksToTheEndUnderTheTestDriver	action=pass	elapsed=0.000
test	partition=non-ui	package=github.com/frathe/picfetch/internal/ui/display	name=TestStartFade_ReplacesTheFadeInProgress	action=pass	elapsed=0.000
test	partition=non-ui	package=github.com/frathe/picfetch/internal/ui/display	name=TestResetFade_SafeWithNoFadeAndClearsARunningOne	action=pass	elapsed=0.000
test	partition=ui-2	package=github.com/frathe/picfetch/internal/ui	name=TestActionsMenu_ToggleMergeMode	action=pass	elapsed=0.140
test	partition=non-ui	package=github.com/frathe/picfetch/internal/ui/autoupdate	name=TestApplyStagedUpdate_RecordsWhyTheSwapFailed	action=pass	elapsed=0.040
test	partition=non-ui	package=github.com/frathe/picfetch/internal/ui/autoupdate	name=TestApplyStagedUpdate_FailureKeepsTheStageForARetry	action=pass	elapsed=0.000
test	partition=non-ui	package=github.com/frathe/picfetch/internal/ui/autoupdate	name=TestApplyStagedUpdate_PlainErrorIsRecordedAsUnknown	action=pass	elapsed=0.010
test	partition=non-ui	package=github.com/frathe/picfetch/internal/ui/autoupdate	name=TestApplyStagedUpdate_AFailedRelaunchIsNotAFailedInstall	action=pass	elapsed=0.000
test	partition=non-ui	package=github.com/frathe/picfetch/internal/ui/autoupdate	name=TestApplyStagedUpdate_AFailedRelaunchClearsAnEarlierRecord	action=pass	elapsed=0.000
test	partition=non-ui	package=github.com/frathe/picfetch/internal/ui/autoupdate	name=TestApplyStagedUpdate_SuccessRemovesTheStageOnEveryPlatform	action=pass	elapsed=0.000
test	partition=non-ui	package=github.com/frathe/picfetch/internal/ui/autoupdate	name=TestUpdater_Due	action=pass	elapsed=0.000
test	partition=non-ui	package=github.com/frathe/picfetch/internal/ui/autoupdate	name=TestUpdater_LastCheckDayZeroValueIsEmpty	action=pass	elapsed=0.000
test	partition=non-ui	package=github.com/frathe/picfetch/internal/ui/autoupdate	name=TestUpdater_SetLastCheckDayCallsPersist	action=pass	elapsed=0.000
test	partition=non-ui	package=github.com/frathe/picfetch/internal/ui/autoupdate	name=TestUpdater_NilPersistIsSafe	action=pass	elapsed=0.000
test	partition=non-ui	package=github.com/frathe/picfetch/internal/ui/autoupdate	name=TestUpdater_LastCheckDayConcurrent	action=pass	elapsed=0.000
test	partition=non-ui	package=github.com/frathe/picfetch/internal/ui/autoupdate	name=TestUpdater_RemoveStaleStage_NoStagePresentIsNoop	action=pass	elapsed=0.000
test	partition=non-ui	package=github.com/frathe/picfetch/internal/ui/autoupdate	name=TestUpdater_RemoveStaleStage_OlderStagedVersionIsRemoved	action=pass	elapsed=0.000
test	partition=non-ui	package=github.com/frathe/picfetch/internal/ui/autoupdate	name=TestUpdater_RemoveStaleStage_SameStagedVersionIsRemoved	action=pass	elapsed=0.000
test	partition=non-ui	package=github.com/frathe/picfetch/internal/ui/autoupdate	name=TestUpdater_RemoveStaleStage_DoesNotBlockActiveTransaction	action=pass	elapsed=0.000
test	partition=non-ui	package=github.com/frathe/picfetch/internal/ui/autoupdate	name=TestUpdater_RemoveStaleStage_NewerStagedVersionIsKept	action=pass	elapsed=0.000
test	partition=non-ui	package=github.com/frathe/picfetch/internal/ui/autoupdate	name=TestUpdater_CurrentVersion_OverrideWins	action=pass	elapsed=0.000
test	partition=non-ui	package=github.com/frathe/picfetch/internal/ui/autoupdate	name=TestUpdater_CurrentVersion_FallsBackToAppMetadata	action=pass	elapsed=0.000
test	partition=non-ui	package=github.com/frathe/picfetch/internal/ui/autoupdate	name=TestUpdater_CurrentVersion_EmptyOverrideDoesNotStick	action=pass	elapsed=0.000
test	partition=non-ui	package=github.com/frathe/picfetch/internal/ui/autoupdate	name=TestUpdater_DirRoundTrip	action=pass	elapsed=0.000
test	partition=non-ui	package=github.com/frathe/picfetch/internal/ui/autoupdate	name=TestUpdater_ClientRoundTrip	action=pass	elapsed=0.000
test	partition=non-ui	package=github.com/frathe/picfetch/internal/ui/autoupdate	name=TestUpdater_EnsureClient_PreSetClientBypassesVerifierFactory	action=pass	elapsed=0.000
test	partition=non-ui	package=github.com/frathe/picfetch/internal/ui/autoupdate	name=TestUpdater_EnsureClient_SuccessIsIdempotent	action=pass	elapsed=0.000
package	partition=non-ui	package=github.com/frathe/picfetch/internal/filesort	action=pass	elapsed=1.117
package	partition=non-ui	package=github.com/frathe/picfetch/internal/favthumbs	action=pass	elapsed=1.406
test	partition=ui-1	package=github.com/frathe/picfetch/internal/ui	name=TestActionsMenu_HideDuplicatesEnablesVariantsOnPairNotUnique	action=pass	elapsed=3.270
package	partition=non-ui	package=github.com/frathe/picfetch/internal/filescan	action=pass	elapsed=1.168
test	partition=non-ui	package=github.com/frathe/picfetch/internal/ui/autoupdate	name=TestUpdateHTTPClient_AllowsSlowResponseBody	action=pass	elapsed=0.100
test	partition=non-ui	package=github.com/frathe/picfetch/internal/ui/autoupdate	name=TestUpdater_EnsureClient_FailureIsRetryable	action=pass	elapsed=0.000
test	partition=non-ui	package=github.com/frathe/picfetch/internal/ui/autoupdate	name=TestUpdater_EnsureClient_NilVerifierFactoryRestoresDefault	action=pass	elapsed=0.000
test	partition=non-ui	package=github.com/frathe/picfetch/internal/ui/autoupdate	name=TestUpdater_Start_RequiresPreparedClient	action=pass	elapsed=0.000
test	partition=non-ui	package=github.com/frathe/picfetch/internal/ui/autoupdate	name=TestUpdater_Now_FallsBackToRealClockWithoutClient	action=pass	elapsed=0.000
test	partition=non-ui	package=github.com/frathe/picfetch/internal/ui/autoupdate	name=TestUpdater_Now_UsesClientClockOnceOneExists	action=pass	elapsed=0.000
test	partition=non-ui	package=github.com/frathe/picfetch/internal/ui/autoupdate	name=TestUpdater_Done_StartsNotBegun	action=pass	elapsed=0.000
test	partition=non-ui	package=github.com/frathe/picfetch/internal/ui/autoupdate	name=TestDefaultDir_EndsInPicfetchUpdates	action=pass	elapsed=0.000
test	partition=non-ui	package=github.com/frathe/picfetch/internal/ui/autoupdate	name=TestUpdater_StartManual_CurrentEventAndSuccessfulCheckDay	action=pass	elapsed=0.000
test	partition=non-ui	package=github.com/frathe/picfetch/internal/ui/copyselection	name=TestDrawSelection	action=pass	elapsed=0.200
test	partition=non-ui	package=github.com/frathe/picfetch/internal/ui/autoupdate	name=TestUpdater_StartManual_DownloadEventOrder	action=pass	elapsed=0.010
test	partition=non-ui	package=github.com/frathe/picfetch/internal/ui/autoupdate	name=TestUpdater_StartManual_ReusesMatchingUsableStageAfterCheck	action=pass	elapsed=0.010
test	partition=non-ui	package=github.com/frathe/picfetch/internal/ui/autoupdate	name=TestUpdater_StartManual_MissingVerifierNeverReusesVerifiedStage	action=pass	elapsed=0.000
test	partition=non-ui	package=github.com/frathe/picfetch/internal/ui/autoupdate	name=TestUpdater_StartManual_UnverifiedMatchingStageNeverReady	action=pass	elapsed=0.000
test	partition=non-ui	package=github.com/frathe/picfetch/internal/ui/autoupdate	name=TestUpdater_StartManual_TamperedVerifiedStageIsRedownloaded	action=pass	elapsed=0.010
test	partition=non-ui	package=github.com/frathe/picfetch/internal/ui/autoupdate	name=TestUpdater_StartManual_CheckFailureDoesNotRecordDay	action=pass	elapsed=0.000
test	partition=non-ui	package=github.com/frathe/picfetch/internal/ui/deletion	name=TestRequestFiles_NamesTheCountRatherThanEachFile	action=pass	elapsed=0.210
test	partition=non-ui	package=github.com/frathe/picfetch/internal/ui/deletion	name=TestRequestFiles_OneTargetReadsExactlyLikeTheSingleFilePrompt	action=pass	elapsed=0.000
test	partition=non-ui	package=github.com/frathe/picfetch/internal/ui/deletion	name=TestRequestFiles_NoOpWithNoTargets	action=pass	elapsed=0.000
test	partition=non-ui	package=github.com/frathe/picfetch/internal/ui/autoupdate	name=TestUpdater_StartManual_WrongDigestNeverReadyAndLeavesNoStage	action=pass	elapsed=0.000
test	partition=non-ui	package=github.com/frathe/picfetch/internal/ui/copyselection	name=TestFeatureEncode_UsesSourceCapturedAtStart	action=pass	elapsed=0.040
test	partition=non-ui	package=github.com/frathe/picfetch/internal/ui/deletion	name=TestPerformDelete_BatchRemovesEveryTarget	action=pass	elapsed=0.000
test	partition=non-ui	package=github.com/frathe/picfetch/internal/ui/autoupdate	name=TestUpdater_StartManual_AttestationFailureNeverReadyAndLeavesNoStage	action=pass	elapsed=0.000
test	partition=non-ui	package=github.com/frathe/picfetch/internal/ui/deletion	name=TestPerformDelete_BatchRemovesInOneCall	action=pass	elapsed=0.000
test	partition=non-ui	package=github.com/frathe/picfetch/internal/ui/autoupdate	name=TestUpdater_StartManual_PreparesVerifierOnTrackedWorker	action=pass	elapsed=0.000
test	partition=non-ui	package=github.com/frathe/picfetch/internal/ui/deletion	name=TestPerformDelete_BatchOfEverythingFallsBackToEmptyState	action=pass	elapsed=0.000
test	partition=non-ui	package=github.com/frathe/picfetch/internal/ui/deletion	name=TestPerformDelete_PartialFailureKeepsTheFilesItCouldNotMove	action=pass	elapsed=0.000
test	partition=non-ui	package=github.com/frathe/picfetch/internal/ui/deletion	name=TestPerformDelete_TotalFailureRemovesNothing	action=pass	elapsed=0.000
test	partition=non-ui	package=github.com/frathe/picfetch/internal/ui/deletion	name=TestPerformDelete_BatchReconcilesAfterGenerationChanges	action=pass	elapsed=0.000
test	partition=non-ui	package=github.com/frathe/picfetch/internal/ui/autoupdate	name=TestUpdater_SettleWaitsForSupersededWorker	action=pass	elapsed=0.000
test	partition=non-ui	package=github.com/frathe/picfetch/internal/ui/deletion	name=TestHandleKey_EscapeCancelsABatch	action=pass	elapsed=0.000
test	partition=non-ui	package=github.com/frathe/picfetch/internal/ui/deletion	name=TestPerformDelete_ReorderBeforeConfirmationKeepsTargetIdentity	action=pass	elapsed=0.000
test	partition=non-ui	package=github.com/frathe/picfetch/internal/ui/deletion	name=TestRequestFiles_CopiesCallerTargets	action=pass	elapsed=0.000
test	partition=non-ui	package=github.com/frathe/picfetch/internal/ui/infoview	name=TestFormatFileSize	action=pass	elapsed=0.000
test	partition=non-ui	package=github.com/frathe/picfetch/internal/ui/deletion	name=TestPerformDelete_ReorderDuringMoveKeepsTargetIdentity	action=pass	elapsed=0.000
test	partition=non-ui	package=github.com/frathe/picfetch/internal/ui/infoview	name=TestToggle_FlipsAndReportsVisible	action=pass	elapsed=0.000
test	partition=non-ui	package=github.com/frathe/picfetch/internal/ui/infoview	name=TestUpdate_NoopWhileNotVisible	action=pass	elapsed=0.000
test	partition=non-ui	package=github.com/frathe/picfetch/internal/ui/deletion	name=TestRequestFiles_RepeatedURIMovesOnceAndRemovesEveryOccurrence	action=pass	elapsed=0.000
test	partition=non-ui	package=github.com/frathe/picfetch/internal/ui/infoview	name=TestUpdate_PreviewSuffix	action=pass	elapsed=0.000
test	partition=non-ui	package=github.com/frathe/picfetch/internal/ui/deletion	name=TestSettle_DrainsQueuedTrashCompletions	action=pass	elapsed=0.000
test	partition=non-ui	package=github.com/frathe/picfetch/internal/ui/infoview	name=TestUpdate_NoPreviewSuffixWhenNotAPreview	action=pass	elapsed=0.000
test	partition=non-ui	package=github.com/frathe/picfetch/internal/ui/infoview	name=TestUpdate_PositionSuffixOnlyWhenMoreThanOneFile	action=pass	elapsed=0.000
test	partition=non-ui	package=github.com/frathe/picfetch/internal/ui/infoview	name=TestUpdate_RendersDimensionsAndZoom	action=pass	elapsed=0.000
test	partition=non-ui	package=github.com/frathe/picfetch/internal/ui/infoview	name=TestSync_HidesCardWhenNoImage	action=pass	elapsed=0.000
test	partition=non-ui	package=github.com/frathe/picfetch/internal/ui/infoview	name=TestSync_HidesCardWhenPreferenceOff	action=pass	elapsed=0.000
test	partition=non-ui	package=github.com/frathe/picfetch/internal/ui/infoview	name=TestSync_ShowsCardAndRefreshesTextWhenBothTrue	action=pass	elapsed=0.000
test	partition=non-ui	package=github.com/frathe/picfetch/internal/ui/infoview	name=TestSync_ExifLinkFollowsHasEXIF	action=pass	elapsed=0.000
test	partition=non-ui	package=github.com/frathe/picfetch/internal/ui/infoview	name=TestAfterMetadataRemoved_ClearsEXIFAndUpdatesSizeWhenKnown	action=pass	elapsed=0.000
test	partition=non-ui	package=github.com/frathe/picfetch/internal/ui/infoview	name=TestAfterMetadataRemoved_KeepsOldSizeWhenUnknown	action=pass	elapsed=0.000
test	partition=non-ui	package=github.com/frathe/picfetch/internal/ui/infoview	name=TestFileSizeAndHasEXIF_ReflectLastSetFile	action=pass	elapsed=0.000
test	partition=non-ui	package=github.com/frathe/picfetch/internal/ui/infoview	name=TestOnShowExif_FiresOnTap	action=pass	elapsed=0.000
test	partition=non-ui	package=github.com/frathe/picfetch/internal/ui/infoview	name=TestOnReveal_FiresOnTap	action=pass	elapsed=0.000
test	partition=non-ui	package=github.com/frathe/picfetch/internal/ui/infoview	name=TestSync_RevealLinkFollowsTheCardNotEXIF	action=pass	elapsed=0.000
test	partition=non-ui	package=github.com/frathe/picfetch/internal/ui/deletion	name=TestPerformDelete_ReplacementSetKeepsUnrelatedFiles	action=pass	elapsed=0.000
test	partition=non-ui	package=github.com/frathe/picfetch/internal/ui/deletion	name=TestPerformDelete_OverlappingConfirmationsOwnTheirResults	action=pass	elapsed=0.000
test	partition=non-ui	package=github.com/frathe/picfetch/internal/ui/deletion	name=TestClose_StopsUnstartedBatchMoves	action=pass	elapsed=0.000
test	partition=non-ui	package=github.com/frathe/picfetch/internal/ui/deletion	name=TestPerformDelete_PartialFailureAfterReorderKeepsFailedIdentity	action=pass	elapsed=0.000
test	partition=non-ui	package=github.com/frathe/picfetch/internal/ui/deletion	name=TestRequest_ShowsCardWithMessageAndCancelSelectedByDefault	action=pass	elapsed=0.000
test	partition=non-ui	package=github.com/frathe/picfetch/internal/ui/deletion	name=TestRequest_NoOpWithNothingLoaded	action=pass	elapsed=0.000
test	partition=non-ui	package=github.com/frathe/picfetch/internal/ui/deletion	name=TestRequest_ReopeningDoesNotResetAnAlreadyMadeSelection	action=pass	elapsed=0.000
test	partition=non-ui	package=github.com/frathe/picfetch/internal/ui/deletion	name=TestSetSelection_TogglesRingVisibility	action=pass	elapsed=0.000
test	partition=non-ui	package=github.com/frathe/picfetch/internal/ui/deletion	name=TestHandleKey_MovesSelectionAndCancels	action=pass	elapsed=0.000
test	partition=non-ui	package=github.com/frathe/picfetch/internal/ui/deletion	name=TestHandleKey_ReturnWithCancelSelectedJustHidesTheCard	action=pass	elapsed=0.000
test	partition=non-ui	package=github.com/frathe/picfetch/internal/ui/deletion	name=TestPerformDelete_RemovesFileAndAdvances	action=pass	elapsed=0.000
test	partition=non-ui	package=github.com/frathe/picfetch/internal/ui/deletion	name=TestPerformDelete_LastFileFallsBackToEmptyState	action=pass	elapsed=0.000
test	partition=non-ui	package=github.com/frathe/picfetch/internal/ui/deletion	name=TestPerformDelete_OSFailureKeepsTheFileAndToastsAnError	action=pass	elapsed=0.000
test	partition=non-ui	package=github.com/frathe/picfetch/internal/ui/autoupdate	name=TestUpdater_AutomaticAndManualShareCompleteTransaction	action=pass	elapsed=0.020
test	partition=non-ui	package=github.com/frathe/picfetch/internal/ui/deletion	name=TestClose_CancelsWaitingFileMutation	action=pass	elapsed=0.000
test	partition=non-ui	package=github.com/frathe/picfetch/internal/ui/deletion	name=TestPerformDelete_MovesSymlinkWithoutFollowingIt	action=pass	elapsed=0.000
test	partition=non-ui	package=github.com/frathe/picfetch/internal/ui/deletion	name=TestPerformDelete_ReconcilesAfterGenerationChangesDuringMove	action=pass	elapsed=0.000
test	partition=non-ui	package=github.com/frathe/picfetch/internal/ui/deletion	name=TestShortcutHandler_RunsOnlyOnSecondaryCut	action=pass	elapsed=0.000
test	partition=non-ui	package=github.com/frathe/picfetch/internal/ui/copyselection	name=TestInvalidReplacement	action=pass	elapsed=0.040
test	partition=non-ui	package=github.com/frathe/picfetch/internal/ui/grid	name=TestHideDuplicatesPublishesWhileSourceReadsRemainPending	action=pass	elapsed=0.060
test	partition=non-ui	package=github.com/frathe/picfetch/internal/ui/grid	name=TestWarm_RecordsDifferenceHash	action=pass	elapsed=0.000
test	partition=non-ui	package=github.com/frathe/picfetch/internal/ui/grid	name=TestRequestThumbnail_CacheHitFillsMissingHash	action=pass	elapsed=0.000
test	partition=non-ui	package=github.com/frathe/picfetch/internal/ui/grid	name=TestWipeHashesIfStale_DropsHashesOnGenerationChange	action=pass	elapsed=0.000
test	partition=non-ui	package=github.com/frathe/picfetch/internal/ui/favorites	name=TestNameEntryEscapeRunsOnEscapeAndLeavesTextUntouched	action=pass	elapsed=0.180
test	partition=non-ui	package=github.com/frathe/picfetch/internal/ui/copyselection	name=TestMoveSelection	action=pass	elapsed=0.040
test	partition=non-ui	package=github.com/frathe/picfetch/internal/ui/favorites	name=TestNameEntryDownRunsOnDown	action=pass	elapsed=0.030
test	partition=non-ui	package=github.com/frathe/picfetch/internal/ui/exifwin	name=TestShowConfirmGivesTheKeyboardToItsPanelStartingOnCancel	action=pass	elapsed=0.240
test	partition=non-ui	package=github.com/frathe/picfetch/internal/ui/favorites	name=TestNameEntryEscapeAndDownAreInertWithNilHooks	action=pass	elapsed=0.030
test	partition=non-ui	package=github.com/frathe/picfetch/internal/ui/copyselection	name=TestResizeSelection	action=pass	elapsed=0.040
test	partition=ui-3	package=github.com/frathe/picfetch/internal/ui	name=TestActionsMenu_FreshViewer	action=pass	elapsed=1.990
test	partition=non-ui	package=github.com/frathe/picfetch/internal/ui/favorites	name=TestNameEntryOtherKeysReachTheEmbeddedEntry	action=pass	elapsed=0.020
package	partition=non-ui	package=github.com/frathe/picfetch/internal/launch	action=pass	elapsed=1.088
test	partition=non-ui	package=github.com/frathe/picfetch/internal/ui/favorites	name=TestNameEntryTypedRunesLandInText	action=pass	elapsed=0.020
test	partition=non-ui	package=github.com/frathe/picfetch/internal/ui/copyselection	name=TestCrossedResizeHandle	action=pass	elapsed=0.040
test	partition=non-ui	package=github.com/frathe/picfetch/internal/ui/exifwin	name=TestShowConfirmEscapeRunsOnCancelAfterTheDialogCloses	action=pass	elapsed=0.050
test	partition=non-ui	package=github.com/frathe/picfetch/internal/ui/compare	name=TestShaderPaneRenderer_RapidScenesUseAtMostOneTileWorker	action=pass	elapsed=0.410
test	partition=non-ui	package=github.com/frathe/picfetch/internal/ui/favorites	name=TestNameEntryReturnFiresOnSubmittedWithCurrentText	action=pass	elapsed=0.020
test	partition=non-ui	package=github.com/frathe/picfetch/internal/ui/favorites	name=TestNameEntryAClickFocusesTheOuterEntry	action=pass	elapsed=0.020
test	partition=non-ui	package=github.com/frathe/picfetch/internal/ui/copyselection	name=TestPixelBounds	action=pass	elapsed=0.030
test	partition=non-ui	package=github.com/frathe/picfetch/internal/ui/grid	name=TestSetHideDuplicates_HidesExtrasKeepsUniques	action=pass	elapsed=0.150
test	partition=non-ui	package=github.com/frathe/picfetch/internal/ui/grid	name=TestSetHideDuplicates_IntersectsSearch	action=pass	elapsed=0.010
test	partition=non-ui	package=github.com/frathe/picfetch/internal/ui/exifwin	name=TestShowConfirmEscapeDoesNotCloseTheEXIFWindow	action=pass	elapsed=0.050
test	partition=non-ui	package=github.com/frathe/picfetch/internal/ui/grid	name=TestSetHideDuplicates_JumpsToRepresentative	action=pass	elapsed=0.010
test	partition=non-ui	package=github.com/frathe/picfetch/internal/ui/copyselection	name=TestViewportTransform	action=pass	elapsed=0.030
test	partition=non-ui	package=github.com/frathe/picfetch/internal/ui/grid	name=TestHandleKey_DTogglesHideDuplicates	action=pass	elapsed=0.010
test	partition=non-ui	package=github.com/frathe/picfetch/internal/ui/help	name=TestShowAbout_OpensAndRaisesSameWindow	action=pass	elapsed=0.220
test	partition=non-ui	package=github.com/frathe/picfetch/internal/ui/grid	name=TestHandleRune_DIsAQueryCharacterWhileSearching	action=pass	elapsed=0.010
test	partition=non-ui	package=github.com/frathe/picfetch/internal/ui/help	name=TestManualView_SecretPhraseFiresCallbackOnce	action=pass	elapsed=0.010
test	partition=non-ui	package=github.com/frathe/picfetch/internal/ui/menus	name=TestNew_InitialDisabledMatchesTheBarAsBuilt	action=pass	elapsed=0.000
test	partition=non-ui	package=github.com/frathe/picfetch/internal/ui/help	name=TestManualView_SecretPhraseCaseAndWhitespaceInsensitive	action=pass	elapsed=0.000
test	partition=non-ui	package=github.com/frathe/picfetch/internal/ui/menus	name=TestNew_LabelsAndAccelerators	action=pass	elapsed=0.000
test	partition=non-ui	package=github.com/frathe/picfetch/internal/ui/help	name=TestManualView_SubstringOfSecretDoesNotFireIt	action=pass	elapsed=0.000
test	partition=non-ui	package=github.com/frathe/picfetch/internal/ui/menus	name=TestNew_SortItemsFollowFilesortModes	action=pass	elapsed=0.000
test	partition=non-ui	package=github.com/frathe/picfetch/internal/ui/help	name=TestManualView_SecretPhraseClearsEntryAndSearchState	action=pass	elapsed=0.000
test	partition=non-ui	package=github.com/frathe/picfetch/internal/ui/menus	name=TestFileMenu_Composition	action=pass	elapsed=0.000
test	partition=non-ui	package=github.com/frathe/picfetch/internal/ui/menus	name=TestActionsMenu_Composition	action=pass	elapsed=0.000
test	partition=non-ui	package=github.com/frathe/picfetch/internal/ui/menus	name=TestApply_MosaicFollowsCanMosaicAndComparisonIsolation	action=pass	elapsed=0.000
test	partition=non-ui	package=github.com/frathe/picfetch/internal/ui/help	name=TestManualView_OrdinaryQueryDoesNotFireSecretAndStillHighlights	action=pass	elapsed=0.000
test	partition=non-ui	package=github.com/frathe/picfetch/internal/ui/menus	name=TestActionsMenu_CopySelection	action=pass	elapsed=0.000
test	partition=non-ui	package=github.com/frathe/picfetch/internal/ui/menus	name=TestCompareEntry_MenuItem	action=pass	elapsed=0.000
test	partition=non-ui	package=github.com/frathe/picfetch/internal/ui/menus	name=TestWindowMenu_Composition	action=pass	elapsed=0.000
test	partition=non-ui	package=github.com/frathe/picfetch/internal/ui/grid	name=TestHandleKey_EscapeTurnsOffHideDuplicatesBeforeClosing	action=pass	elapsed=0.010
test	partition=non-ui	package=github.com/frathe/picfetch/internal/ui/menus	name=TestApply_SortCheckFollowsSortMode	action=pass	elapsed=0.000
test	partition=non-ui	package=github.com/frathe/picfetch/internal/ui/menus	name=TestApply_SortChecksNothingForAnUnknownMode	action=pass	elapsed=0.000
test	partition=non-ui	package=github.com/frathe/picfetch/internal/ui/menus	name=TestApply_SortIsNeverDisabled	action=pass	elapsed=0.000
test	partition=non-ui	package=github.com/frathe/picfetch/internal/ui/menus	name=TestApply_Hide	action=pass	elapsed=0.000
test	partition=non-ui	package=github.com/frathe/picfetch/internal/ui/grid	name=TestClose_LeavesHideDuplicatesOn	action=pass	elapsed=0.010
test	partition=non-ui	package=github.com/frathe/picfetch/internal/ui/menus	name=TestApply_ShowVariant	action=pass	elapsed=0.000
test	partition=non-ui	package=github.com/frathe/picfetch/internal/ui/favorites	name=TestShowAddFocusesTheNameField	action=pass	elapsed=0.060
test	partition=non-ui	package=github.com/frathe/picfetch/internal/ui/grid	name=TestHandleKey_GLeavesHideDuplicatesOn	action=pass	elapsed=0.010
test	partition=non-ui	package=github.com/frathe/picfetch/internal/ui/exifwin	name=TestShowConfirmEscapeLeavesCanvasUnfocused	action=pass	elapsed=0.050
test	partition=non-ui	package=github.com/frathe/picfetch/internal/ui/exifwin	name=TestFormatExifMetadata	action=pass	elapsed=0.000
test	partition=non-ui	package=github.com/frathe/picfetch/internal/ui/help	name=TestHelp_SecretPhraseInManualOpensSpiral	action=pass	elapsed=0.020
test	partition=non-ui	package=github.com/frathe/picfetch/internal/ui/grid	name=TestApplyDupBadge_ShowsGroupSize	action=pass	elapsed=0.010
test	partition=non-ui	package=github.com/frathe/picfetch/internal/ui/help	name=TestHelp_OpenSpiralOpensTheSpiralWindow	action=pass	elapsed=0.000
test	partition=non-ui	package=github.com/frathe/picfetch/internal/ui/help	name=TestHelp_OpenSpiralTwiceKeepsOneWindow	action=pass	elapsed=0.000
test	partition=non-ui	package=github.com/frathe/picfetch/internal/ui/copyselection	name=TestHiDPIGeometry	action=pass	elapsed=0.040
test	partition=non-ui	package=github.com/frathe/picfetch/internal/ui/menus	name=TestApply_RotateAndZoomShareOneCondition	action=pass	elapsed=0.020
test	partition=non-ui	package=github.com/frathe/picfetch/internal/ui/grid	name=TestApplyDupBadge_HiddenWhileBrowsingDuplicates	action=pass	elapsed=0.010
test	partition=non-ui	package=github.com/frathe/picfetch/internal/ui/menus	name=TestApply_Info	action=pass	elapsed=0.000
test	partition=non-ui	package=github.com/frathe/picfetch/internal/ui/menus	name=TestApply_MergeIsNeverDisabled	action=pass	elapsed=0.000
test	partition=non-ui	package=github.com/frathe/picfetch/internal/ui/menus	name=TestApply_ClipboardWallpaperAndTrash	action=pass	elapsed=0.000
test	partition=non-ui	package=github.com/frathe/picfetch/internal/ui/grid	name=TestDupBadge_TopRightClearsTheHighlightRing	action=pass	elapsed=0.010
test	partition=non-ui	package=github.com/frathe/picfetch/internal/ui/menus	name=TestApply_FileItems	action=pass	elapsed=0.000
test	partition=non-ui	package=github.com/frathe/picfetch/internal/ui/menus	name=TestApply_WindowViewer	action=pass	elapsed=0.000
test	partition=non-ui	package=github.com/frathe/picfetch/internal/ui/menus	name=TestApply_WindowExif	action=pass	elapsed=0.000
test	partition=non-ui	package=github.com/frathe/picfetch/internal/ui/menus	name=TestApply_WindowGrid	action=pass	elapsed=0.000
test	partition=non-ui	package=github.com/frathe/picfetch/internal/ui/grid	name=TestSetHideDuplicates_HashesRemainingWithoutWarm	action=pass	elapsed=0.000
test	partition=non-ui	package=github.com/frathe/picfetch/internal/ui/menus	name=TestApply_WindowPictureFrame	action=pass	elapsed=0.000
test	partition=non-ui	package=github.com/frathe/picfetch/internal/ui/menus	name=TestApply_WindowHelp	action=pass	elapsed=0.000
test	partition=non-ui	package=github.com/frathe/picfetch/internal/ui/menus	name=TestApply_ChangedIsFalseWhenNothingMoves	action=pass	elapsed=0.000
test	partition=non-ui	package=github.com/frathe/picfetch/internal/ui/menus	name=TestApply_ChangedIsTrueForASingleFlip	action=pass	elapsed=0.000
test	partition=non-ui	package=github.com/frathe/picfetch/internal/ui/grid	name=TestSetHideDuplicates_PendingShowsChromeAndLeavesUnhashedVisible	action=pass	elapsed=0.010
test	partition=non-ui	package=github.com/frathe/picfetch/internal/ui/menus	name=TestApply_ChangedIgnoresStateFieldsNoItemReads	action=pass	elapsed=0.000
test	partition=non-ui	package=github.com/frathe/picfetch/internal/ui/menus	name=TestApply_IsIdempotent	action=pass	elapsed=0.000
test	partition=non-ui	package=github.com/frathe/picfetch/internal/ui/menus	name=TestPairs_CoversEveryStatefulItem	action=pass	elapsed=0.000
test	partition=non-ui	package=github.com/frathe/picfetch/internal/ui/menus	name=TestCompareMenuState_DisablesEveryOrdinaryItemButHelp	action=pass	elapsed=0.000
test	partition=non-ui	package=github.com/frathe/picfetch/internal/ui/menus	name=TestNew_ItemsRunTheirOwnCallback	action=pass	elapsed=0.000
test	partition=non-ui	package=github.com/frathe/picfetch/internal/ui/grid	name=TestHashRemaining_CoalescesHideAppliesOntoTheUIQueue	action=pass	elapsed=0.010
test	partition=non-ui	package=github.com/frathe/picfetch/internal/ui/copyselection	name=TestViewChangedKeepsImageBounds	action=pass	elapsed=0.040
test	partition=non-ui	package=github.com/frathe/picfetch/internal/ui/grid	name=TestHashRemaining_CachedThumbsJoinThePool	action=pass	elapsed=0.010
test	partition=non-ui	package=github.com/frathe/picfetch/internal/ui/favorites	name=TestShowAddDownMovesToChoicesUpMovesBackToTheField	action=pass	elapsed=0.050
test	partition=non-ui	package=github.com/frathe/picfetch/internal/ui/grid	name=TestHashRemaining_HideApplyStaysArmedUntilCallbackReturns	action=pass	elapsed=0.010
test	partition=non-ui	package=github.com/frathe/picfetch/internal/ui/grid	name=TestHashRemaining_ComputesGroupsBeforeTheUIQueue	action=pass	elapsed=0.000
test	partition=non-ui	package=github.com/frathe/picfetch/internal/ui/exifwin	name=TestWindow_ArrowKeysStepImage	action=pass	elapsed=0.050
test	partition=non-ui	package=github.com/frathe/picfetch/internal/ui/grid	name=TestSetHideDuplicates_OnePendingJobHidesExtraWithoutWaitingForAPeer	action=pass	elapsed=0.010
test	partition=non-ui	package=github.com/frathe/picfetch/internal/ui/grid	name=TestSetDuplicateDistance_RegroupsLive	action=pass	elapsed=0.000
test	partition=non-ui	package=github.com/frathe/picfetch/internal/ui/grid	name=TestSetDuplicateDistance_HashWorkerInstallKeepsCurrentDistance	action=pass	elapsed=0.000
test	partition=non-ui	package=github.com/frathe/picfetch/internal/ui/grid	name=TestSetBrowsingDuplicates_ShowsOnlyTheGroup	action=pass	elapsed=0.010
test	partition=non-ui	package=github.com/frathe/picfetch/internal/ui/grid	name=TestSetBrowsingDuplicates_NoopOnUnique	action=pass	elapsed=0.010
test	partition=non-ui	package=github.com/frathe/picfetch/internal/ui/grid	name=TestSetBrowsingDuplicates_ShowsExtrasEvenWhenHideOn	action=pass	elapsed=0.010
test	partition=non-ui	package=github.com/frathe/picfetch/internal/ui/favorites	name=TestShowAddChoiceEnabledTracksValidationLive	action=pass	elapsed=0.040
test	partition=non-ui	package=github.com/frathe/picfetch/internal/ui/grid	name=TestSetBrowsingDuplicates_IntersectsSearch	action=pass	elapsed=0.010
test	partition=non-ui	package=github.com/frathe/picfetch/internal/ui/grid	name=TestSyncTopBar_ShowingDuplicates	action=pass	elapsed=0.010
test	partition=non-ui	package=github.com/frathe/picfetch/internal/ui/exifwin	name=TestWindow_UpDownHomeEndDoNotStepImage	action=pass	elapsed=0.050
test	partition=non-ui	package=github.com/frathe/picfetch/internal/ui/grid	name=TestGroupMembers_Pair	action=pass	elapsed=0.010
test	partition=non-ui	package=github.com/frathe/picfetch/internal/ui/grid	name=TestHandleKey_ShiftDTogglesBrowseDuplicates	action=pass	elapsed=0.010
test	partition=non-ui	package=github.com/frathe/picfetch/internal/ui/grid	name=TestHandleKey_PlainDStillTogglesHideWhileNotSearching	action=pass	elapsed=0.010
test	partition=non-ui	package=github.com/frathe/picfetch/internal/ui/grid	name=TestHandleKey_ShiftDWhileSearchingDoesNotBrowse	action=pass	elapsed=0.010
test	partition=non-ui	package=github.com/frathe/picfetch/internal/ui/grid	name=TestHandleKey_EscapeTurnsOffBrowseBeforeHide	action=pass	elapsed=0.010
test	partition=non-ui	package=github.com/frathe/picfetch/internal/ui/grid	name=TestClose_ClearsBrowseLeavesHide	action=pass	elapsed=0.000
test	partition=non-ui	package=github.com/frathe/picfetch/internal/ui/grid	name=TestHandleKey_GClearsBrowse	action=pass	elapsed=0.010
test	partition=non-ui	package=github.com/frathe/picfetch/internal/ui/favorites	name=TestShowAddReturnWithAValidNameSavesAndClosesTheDialog	action=pass	elapsed=0.060
test	partition=non-ui	package=github.com/frathe/picfetch/internal/ui/grid	name=TestSetBrowsingDuplicates_HashesRemainingWithoutWarm	action=pass	elapsed=0.010
test	partition=non-ui	package=github.com/frathe/picfetch/internal/ui/exifwin	name=TestWindow_ShowLeavesCanvasUnfocused	action=pass	elapsed=0.050
test	partition=non-ui	package=github.com/frathe/picfetch/internal/ui/grid	name=TestApplyFilter_BrowsePendingDoesNotCollapseGrid	action=pass	elapsed=0.010
test	partition=non-ui	package=github.com/frathe/picfetch/internal/ui/grid	name=TestSetDuplicateDistance_ExitsBrowseWhenGroupSplits	action=pass	elapsed=0.000
test	partition=non-ui	package=github.com/frathe/picfetch/internal/ui/grid	name=TestSetHideDuplicates_ChainDoesNotHideUnrelated	action=pass	elapsed=0.000
test	partition=non-ui	package=github.com/frathe/picfetch/internal/ui/grid	name=TestSetBrowsingDuplicates_ChainDoesNotListUnrelated	action=pass	elapsed=0.000
test	partition=non-ui	package=github.com/frathe/picfetch/internal/ui/grid	name=TestSetBrowsingDuplicates_HubSpokesDoNotListUnrelated	action=pass	elapsed=0.000
test	partition=non-ui	package=github.com/frathe/picfetch/internal/ui/favorites	name=TestShowAddReturnWithAnInvalidNameSavesNothingAndLeavesTheRingOnCancel	action=pass	elapsed=0.040
test	partition=non-ui	package=github.com/frathe/picfetch/internal/ui/grid	name=TestSetHideDuplicates_UnrelatedLineArtStaysVisible	action=pass	elapsed=0.030
test	partition=non-ui	package=github.com/frathe/picfetch/internal/ui/grid	name=TestSetBrowsingDuplicates_FailedDecodeDoesNotRetoast	action=pass	elapsed=0.000
test	partition=non-ui	package=github.com/frathe/picfetch/internal/ui/exifwin	name=TestWindow_ArrowKeysIgnoredWhileConfirming	action=pass	elapsed=0.050
test	partition=non-ui	package=github.com/frathe/picfetch/internal/ui/favorites	name=TestShowAddDownRightReturnSaves	action=pass	elapsed=0.060
package	partition=non-ui	package=github.com/frathe/picfetch/internal/openwith	action=pass	elapsed=1.121
test	partition=non-ui	package=github.com/frathe/picfetch/internal/ui/exifwin	name=TestRestoreGeometry_OpensAtTheSavedGeometry	action=pass	elapsed=0.050
test	partition=non-ui	package=github.com/frathe/picfetch/internal/ui/favorites	name=TestShowAddDownReturnOnCancelClosesWithoutSaving	action=pass	elapsed=0.040
test	partition=non-ui	package=github.com/frathe/picfetch/internal/ui/exifwin	name=TestGeometry_TracksAResizeAndOutlivesTheWindow	action=pass	elapsed=0.050
test	partition=non-ui	package=github.com/frathe/picfetch/internal/ui/exifwin	name=TestStopTracking_IsSafeWithNoWindowOpen	action=pass	elapsed=0.000
test	partition=non-ui	package=github.com/frathe/picfetch/internal/ui/favorites	name=TestShowAddEscapeClosesWithoutSavingFromTheField	action=pass	elapsed=0.040
test	partition=non-ui	package=github.com/frathe/picfetch/internal/ui/grid	name=TestRebuildFilter_PreservesViewportWhenExtrasDisappearBeforeRing	action=pass	elapsed=0.150
test	partition=non-ui	package=github.com/frathe/picfetch/internal/ui/exifwin	name=TestShow_WithoutRestoreGeometryUsesTheBuiltInSize	action=pass	elapsed=0.050
package	partition=non-ui	package=github.com/frathe/picfetch/internal/selection	action=pass	elapsed=1.052
test	partition=non-ui	package=github.com/frathe/picfetch/internal/ui/favorites	name=TestShowAddEscapeClosesWithoutSavingFromTheChoices	action=pass	elapsed=0.050
test	partition=non-ui	package=github.com/frathe/picfetch/internal/ui/exifwin	name=TestShow_LocationSectionIsShownCollapsedForAPhotoWithGPS	action=pass	elapsed=0.050
package	partition=non-ui	package=github.com/frathe/picfetch/internal/trash	action=pass	elapsed=1.071
package	partition=non-ui	package=github.com/frathe/picfetch/internal/preferences	action=pass	elapsed=1.102
package	partition=non-ui	package=github.com/frathe/picfetch/internal/session	action=pass	elapsed=1.098
test	partition=non-ui	package=github.com/frathe/picfetch/internal/ui/favorites	name=TestShowAddTrimsTheName	action=pass	elapsed=0.040
test	partition=non-ui	package=github.com/frathe/picfetch/internal/ui/exifwin	name=TestShow_LocationSectionIsHiddenWithoutGPS	action=pass	elapsed=0.050
test	partition=non-ui	package=github.com/frathe/picfetch/internal/ui/favorites	name=TestShowAddASecondCallWhileOneIsUpDoesNotStackAnotherOverlay	action=pass	elapsed=0.050
test	partition=non-ui	package=github.com/frathe/picfetch/internal/ui/copyselection	name=TestHandleKey_OwnsModeKeys	action=pass	elapsed=0.440
test	partition=non-ui	package=github.com/frathe/picfetch/internal/ui/slideshow	name=TestWaitDuration	action=pass	elapsed=0.000
test	partition=non-ui	package=github.com/frathe/picfetch/internal/ui/slideshow	name=TestToggle_NoFilesIsNoop	action=pass	elapsed=0.000
test	partition=non-ui	package=github.com/frathe/picfetch/internal/ui/slideshow	name=TestToggle_EntersAndExitsFullScreen	action=pass	elapsed=0.000
test	partition=non-ui	package=github.com/frathe/picfetch/internal/ui/slideshow	name=TestToggle_SingleFileStillEnters	action=pass	elapsed=0.000
test	partition=non-ui	package=github.com/frathe/picfetch/internal/ui/slideshow	name=TestExit_NoopWhenAlreadyOff	action=pass	elapsed=0.000
test	partition=non-ui	package=github.com/frathe/picfetch/internal/ui/slideshow	name=TestController_SetOnActiveChanged	action=pass	elapsed=0.000
test	partition=non-ui	package=github.com/frathe/picfetch/internal/ui/slideshow	name=TestController_SetOnActiveChanged_ToggleWhileActiveFiresOnce	action=pass	elapsed=0.000
test	partition=non-ui	package=github.com/frathe/picfetch/internal/ui/slideshow	name=TestController_SetOnActiveChanged_SetAfterEnterStillFires	action=pass	elapsed=0.000
test	partition=non-ui	package=github.com/frathe/picfetch/internal/ui/slideshow	name=TestExit_StopsTheRunGoroutineImmediately	action=pass	elapsed=0.000
test	partition=non-ui	package=github.com/frathe/picfetch/internal/ui/slideshow	name=TestEnter_SubstitutesTheDefaultIntervalOnlyWhenUnset	action=pass	elapsed=0.000
test	partition=non-ui	package=github.com/frathe/picfetch/internal/ui/slideshow	name=TestEnter_KeepsAnIntervalAlreadyChosen	action=pass	elapsed=0.000
test	partition=non-ui	package=github.com/frathe/picfetch/internal/ui/slideshow	name=TestAdjustInterval_ClampsToTheMinimum	action=pass	elapsed=0.000
test	partition=non-ui	package=github.com/frathe/picfetch/internal/ui/slideshow	name=TestShuffle_DefaultsOff	action=pass	elapsed=0.000
test	partition=non-ui	package=github.com/frathe/picfetch/internal/ui/slideshow	name=TestToggleShuffle_Flips	action=pass	elapsed=0.000
test	partition=non-ui	package=github.com/frathe/picfetch/internal/ui/slideshow	name=TestSetShuffle_SetsOutright	action=pass	elapsed=0.000
test	partition=non-ui	package=github.com/frathe/picfetch/internal/ui/slideshow	name=TestKick_NonBlockingAndCoalesces	action=pass	elapsed=0.000
test	partition=non-ui	package=github.com/frathe/picfetch/internal/ui/slideshow	name=TestKick_BeforeEnterIsANoop	action=pass	elapsed=0.000
test	partition=non-ui	package=github.com/frathe/picfetch/internal/ui/slideshow	name=TestAdvance_StaleGenReportsStaleWithoutAdvancing	action=pass	elapsed=0.000
test	partition=non-ui	package=github.com/frathe/picfetch/internal/ui/slideshow	name=TestAdvance_SingleFileDoesNotAdvance	action=pass	elapsed=0.000
test	partition=non-ui	package=github.com/frathe/picfetch/internal/ui/slideshow	name=TestAdvance_AdvancesToTheNextFile	action=pass	elapsed=0.000
test	partition=non-ui	package=github.com/frathe/picfetch/internal/ui/slideshow	name=TestSetAnimDuration_ExtendsTheWait	action=pass	elapsed=0.000
test	partition=non-ui	package=github.com/frathe/picfetch/internal/ui/slideshow	name=TestQueuedAdvanceWaitsForApplication	action=pass	elapsed=0.000
test	partition=non-ui	package=github.com/frathe/picfetch/internal/ui/slideshow	name=TestQueuedAdvanceIsDiscardedAfterExitOrRestart	action=pass	elapsed=0.000
test	partition=non-ui	package=github.com/frathe/picfetch/internal/ui/slideshow	name=TestKickDiscardsAlreadyQueuedTimedAdvance	action=pass	elapsed=0.000
test	partition=non-ui	package=github.com/frathe/picfetch/internal/ui/slideshow	name=TestCloseStopsQueuedWorkAndPreventsRestart	action=pass	elapsed=0.000
test	partition=non-ui	package=github.com/frathe/picfetch/internal/ui/slideshow	name=TestQueuedAdvanceRechecksSessionAtApplication	action=pass	elapsed=0.000
test	partition=non-ui	package=github.com/frathe/picfetch/internal/ui/favorites	name=TestShowAddClosingReleasesTheKeyboard	action=pass	elapsed=0.050
test	partition=non-ui	package=github.com/frathe/picfetch/internal/ui/copyselection	name=TestCopyLifecycle	action=pass	elapsed=0.050
test	partition=non-ui	package=github.com/frathe/picfetch/internal/ui/exifwin	name=TestRefresh_LocationSectionFollowsTheCurrentImage	action=pass	elapsed=0.080
test	partition=non-ui	package=github.com/frathe/picfetch/internal/ui/spiral	name=TestF32toStr	action=pass	elapsed=0.000
test	partition=non-ui	package=github.com/frathe/picfetch/internal/ui/spiral	name=TestMonitorInfoName	action=pass	elapsed=0.000
test	partition=non-ui	package=github.com/frathe/picfetch/internal/ui/spiral	name=TestGetMonitorInfo	action=pass	elapsed=0.000
test	partition=non-ui	package=github.com/frathe/picfetch/internal/ui/spiral	name=TestNewMouseTrackerMouseMovedStoresPositionAndFiresActivity	action=pass	elapsed=0.000
test	partition=non-ui	package=github.com/frathe/picfetch/internal/ui/spiral	name=TestNewMouseTrackerMouseInStoresPositionAndFiresActivity	action=pass	elapsed=0.000
test	partition=non-ui	package=github.com/frathe/picfetch/internal/ui/spiral	name=TestNewMouseTrackerMouseOutDoesNothing	action=pass	elapsed=0.000
test	partition=non-ui	package=github.com/frathe/picfetch/internal/ui/spiral	name=TestNewMouseTrackerSizeExceedsAnyPlausibleWindow	action=pass	elapsed=0.000
test	partition=non-ui	package=github.com/frathe/picfetch/internal/ui/spiral	name=TestNewContentOverlayStartsHidden	action=pass	elapsed=0.000
test	partition=non-ui	package=github.com/frathe/picfetch/internal/ui/spiral	name=TestSetOverlayContentTextKeepsBackdropAtIndexZero	action=pass	elapsed=0.000
test	partition=non-ui	package=github.com/frathe/picfetch/internal/ui/spiral	name=TestSetOverlayContentTextBackdropGrowsWithLineCount	action=pass	elapsed=0.000
test	partition=non-ui	package=github.com/frathe/picfetch/internal/ui/spiral	name=TestFPSBackdropColorValues	action=pass	elapsed=0.000
test	partition=non-ui	package=github.com/frathe/picfetch/internal/ui/spiral	name=TestUpdateFPSBackdropColorThresholds	action=pass	elapsed=0.000
test	partition=non-ui	package=github.com/frathe/picfetch/internal/ui/spiral	name=TestUpdateStatusIncludesResolutionScaleAndPreset	action=pass	elapsed=0.000
test	partition=non-ui	package=github.com/frathe/picfetch/internal/ui/spiral	name=TestUpdateStatusIncludesCurrentSpeeds	action=pass	elapsed=0.000
test	partition=non-ui	package=github.com/frathe/picfetch/internal/ui/spiral	name=TestRefreshStatusOnlyUpdatesWhenVisible	action=pass	elapsed=0.000
test	partition=non-ui	package=github.com/frathe/picfetch/internal/ui/spiral	name=TestUpdateHelpTextOneLinePerCommand	action=pass	elapsed=0.000
test	partition=ui-2	package=github.com/frathe/picfetch/internal/ui	name=TestActionsMenu_SortItemNoopWhenAlreadySelected	action=pass	elapsed=1.000
package	partition=non-ui	package=github.com/frathe/picfetch/internal/ui/display	action=pass	elapsed=1.106
test	partition=non-ui	package=github.com/frathe/picfetch/internal/ui/favorites	name=TestShowAddOpensWithInitialNameAndAddAlreadyEnabled	action=pass	elapsed=0.040
test	partition=non-ui	package=github.com/frathe/picfetch/internal/ui/spiral	name=TestAddSliderRowOnChangedUpdatesTargetShaderUniformAndActivity	action=pass	elapsed=0.000
test	partition=non-ui	package=github.com/frathe/picfetch/internal/ui/spiral	name=TestPanelVisible	action=pass	elapsed=0.000
test	partition=non-ui	package=github.com/frathe/picfetch/internal/ui/spiral	name=TestPanelAnchor	action=pass	elapsed=0.000
test	partition=non-ui	package=github.com/frathe/picfetch/internal/ui/spiral	name=TestNewSettingsPanelOverlayHoldsTrackerAndBoxAsSeparateChildren	action=pass	elapsed=0.000
test	partition=non-ui	package=github.com/frathe/picfetch/internal/ui/spiral	name=TestNewSettingsPanelStartsVisibleAndTickHidesAfterIdleTimeout	action=pass	elapsed=0.000
test	partition=non-ui	package=github.com/frathe/picfetch/internal/ui/spiral	name=TestTickAnchorsBoxToWindowRightEdge	action=pass	elapsed=0.000
test	partition=non-ui	package=github.com/frathe/picfetch/internal/ui/spiral	name=TestAddSliderRowStepSmallerThanRange	action=pass	elapsed=0.000
test	partition=non-ui	package=github.com/frathe/picfetch/internal/ui/spiral	name=TestShaderUniformsDeclaredInBothSources	action=pass	elapsed=0.000
test	partition=non-ui	package=github.com/frathe/picfetch/internal/ui/spiral	name=TestShaderSourcesStructurallyComplete	action=pass	elapsed=0.000
test	partition=non-ui	package=github.com/frathe/picfetch/internal/ui/spiral	name=TestShaderSourcesAgreeBelowPreamble	action=pass	elapsed=0.000
test	partition=non-ui	package=github.com/frathe/picfetch/internal/ui/spiral	name=TestNewShaderSeedsFromState	action=pass	elapsed=0.000
test	partition=non-ui	package=github.com/frathe/picfetch/internal/ui/spiral	name=TestShowOpensFullScreenShaderWindow	action=pass	elapsed=0.000
test	partition=non-ui	package=github.com/frathe/picfetch/internal/ui/spiral	name=TestShowTwiceRaisesTheSameWindow	action=pass	elapsed=0.000
test	partition=non-ui	package=github.com/frathe/picfetch/internal/ui/spiral	name=TestEscapeClosesHelpThenWindow	action=pass	elapsed=0.000
test	partition=non-ui	package=github.com/frathe/picfetch/internal/ui/spiral	name=TestSettingsOverlayIsTopmost	action=pass	elapsed=0.000
test	partition=non-ui	package=github.com/frathe/picfetch/internal/ui/copyselection	name=TestScrollForwarding	action=pass	elapsed=0.050
test	partition=non-ui	package=github.com/frathe/picfetch/internal/ui/copyselection	name=TestPNG_CropsLiteralPixelsAndPreservesAlpha	action=pass	elapsed=0.000
test	partition=non-ui	package=github.com/frathe/picfetch/internal/ui/copyselection	name=TestPNG_RejectsInvalidBounds	action=pass	elapsed=0.000
test	partition=non-ui	package=github.com/frathe/picfetch/internal/ui/copyselection	name=TestSourceEncode_CropsLiteralRasterPixelsAndPreservesAlpha	action=pass	elapsed=0.000
test	partition=non-ui	package=github.com/frathe/picfetch/internal/ui/copyselection	name=TestSourceEncode_MapsLogicalSVGSelectionToCappedRaster	action=pass	elapsed=0.000
test	partition=non-ui	package=github.com/frathe/picfetch/internal/ui/copyselection	name=TestSourceEncode_MapsRotatedSVGSelectionToCappedRaster	action=pass	elapsed=0.000
test	partition=non-ui	package=github.com/frathe/picfetch/internal/ui/copyselection	name=TestSourceEncode_RejectsInvalidBounds	action=pass	elapsed=0.000
test	partition=non-ui	package=github.com/frathe/picfetch/internal/ui/copyselection	name=TestSourceBounds	action=pass	elapsed=0.000
test	partition=non-ui	package=github.com/frathe/picfetch/internal/ui/spiral	name=TestKeyNTogglesPresetUniform	action=pass	elapsed=0.030
test	partition=non-ui	package=github.com/frathe/picfetch/internal/ui/spiral	name=TestLeftRightAdjustAndClampSpeedUniform	action=pass	elapsed=0.000
test	partition=non-ui	package=github.com/frathe/picfetch/internal/ui/spiral	name=TestUpDownAdjustAndClampHueSpeedUniform	action=pass	elapsed=0.000
test	partition=non-ui	package=github.com/frathe/picfetch/internal/ui/spiral	name=TestOverlayToggleKeys	action=pass	elapsed=0.000
test	partition=non-ui	package=github.com/frathe/picfetch/internal/ui/spiral	name=TestKeyFTogglesFollowMode	action=pass	elapsed=0.000
test	partition=non-ui	package=github.com/frathe/picfetch/internal/ui/spiral	name=TestFrameFollowModeTracksMouse	action=pass	elapsed=0.000
test	partition=non-ui	package=github.com/frathe/picfetch/internal/ui/spiral	name=TestShowThenCloseStopsTheFrameGoroutine	action=pass	elapsed=0.000
test	partition=non-ui	package=github.com/frathe/picfetch/internal/ui/spiral	name=TestCloseAndSettleOnUnopenedSpiralAreNoOps	action=pass	elapsed=0.000
test	partition=non-ui	package=github.com/frathe/picfetch/internal/ui/exifwin	name=TestRefresh_LocationSectionIsHiddenForAnUnreadableFile	action=pass	elapsed=0.060
test	partition=non-ui	package=github.com/frathe/picfetch/internal/ui/spiral	name=TestRunReturnsOnStaleGeneration	action=pass	elapsed=0.000
test	partition=non-ui	package=github.com/frathe/picfetch/internal/ui/spiral	name=TestShowForGestureClockwiseOpensTheNautilus	action=pass	elapsed=0.000
test	partition=non-ui	package=github.com/frathe/picfetch/internal/ui/spiral	name=TestShowForGestureCounterClockwiseOpensTheRipple	action=pass	elapsed=0.000
test	partition=non-ui	package=github.com/frathe/picfetch/internal/ui/spiral	name=TestShowForGestureOnAnOpenWindowSwitchesPatternInPlace	action=pass	elapsed=0.000
test	partition=non-ui	package=github.com/frathe/picfetch/internal/ui/spiral	name=TestShowAfterAGestureKeepsThatPattern	action=pass	elapsed=0.000
test	partition=non-ui	package=github.com/frathe/picfetch/internal/ui/spiral	name=TestClampFloat	action=pass	elapsed=0.000
test	partition=non-ui	package=github.com/frathe/picfetch/internal/ui/spiral	name=TestNewStateSeedsDefaults	action=pass	elapsed=0.000
test	partition=non-ui	package=github.com/frathe/picfetch/internal/ui/spiral	name=TestSpeedAdjustment	action=pass	elapsed=0.000
test	partition=non-ui	package=github.com/frathe/picfetch/internal/ui/spiral	name=TestHueSpeedAdjustment	action=pass	elapsed=0.000
test	partition=non-ui	package=github.com/frathe/picfetch/internal/ui/spiral	name=TestPresetName	action=pass	elapsed=0.000
test	partition=non-ui	package=github.com/frathe/picfetch/internal/ui/spiral	name=TestTogglePreset	action=pass	elapsed=0.000
test	partition=non-ui	package=github.com/frathe/picfetch/internal/ui/spiral	name=TestToggleFollow	action=pass	elapsed=0.000
test	partition=non-ui	package=github.com/frathe/picfetch/internal/ui/spiral	name=TestMouseRoundTrip	action=pass	elapsed=0.000
test	partition=non-ui	package=github.com/frathe/picfetch/internal/ui/spiral	name=TestCenterOffsetRoundTrip	action=pass	elapsed=0.000
test	partition=non-ui	package=github.com/frathe/picfetch/internal/ui/spiral	name=TestSetPresetSelectsRatherThanToggles	action=pass	elapsed=0.000
test	partition=non-ui	package=github.com/frathe/picfetch/internal/ui/spiral	name=TestSetPresetSelectsTheRipple	action=pass	elapsed=0.000
test	partition=non-ui	package=github.com/frathe/picfetch/internal/ui/favorites	name=TestShowAddDismissesBeforeOnChosenRuns	action=pass	elapsed=0.050
test	partition=non-ui	package=github.com/frathe/picfetch/internal/ui/copyselection	name=TestModeActivation	action=pass	elapsed=0.050
test	partition=non-ui	package=github.com/frathe/picfetch/internal/ui/favorites	name=TestShowConfirmGivesTheKeyboardToItsPanelStartingOnCancel	action=pass	elapsed=0.040
test	partition=non-ui	package=github.com/frathe/picfetch/internal/ui/zoom	name=TestGeometry_FitReportsDisplayedImageBounds	action=pass	elapsed=0.000
test	partition=non-ui	package=github.com/frathe/picfetch/internal/ui/copyselection	name=TestCopyButtonVisibility	action=pass	elapsed=0.040
test	partition=non-ui	package=github.com/frathe/picfetch/internal/ui/favorites	name=TestShowConfirmCancelChoiceRunsOnCancelAfterTheDialogCloses	action=pass	elapsed=0.040
test	partition=non-ui	package=github.com/frathe/picfetch/internal/ui/zoom	name=TestGeometry_ManualZoomReportsScaledBounds	action=pass	elapsed=0.000
test	partition=non-ui	package=github.com/frathe/picfetch/internal/ui/zoom	name=TestGeometry_CursorAnchoredWheelZoom	action=pass	elapsed=0.000
test	partition=non-ui	package=github.com/frathe/picfetch/internal/ui/zoom	name=TestGeometry_TracksPanResetAndViewportResize	action=pass	elapsed=0.000
test	partition=non-ui	package=github.com/frathe/picfetch/internal/ui/zoom	name=TestGeometry_ShiftScrollPan	action=pass	elapsed=0.000
test	partition=non-ui	package=github.com/frathe/picfetch/internal/ui/zoom	name=TestGeometryChanged_ReportsOnlyRealChanges	action=pass	elapsed=0.000
test	partition=non-ui	package=github.com/frathe/picfetch/internal/ui/zoom	name=TestClampPanAxis	action=pass	elapsed=0.000
test	partition=non-ui	package=github.com/frathe/picfetch/internal/ui/zoom	name=TestApply_FitFillsViewportAndResetsPan	action=pass	elapsed=0.000
test	partition=non-ui	package=github.com/frathe/picfetch/internal/ui/zoom	name=TestApply_NoImageBehavesLikeFit	action=pass	elapsed=0.000
test	partition=non-ui	package=github.com/frathe/picfetch/internal/ui/zoom	name=TestApply_ManualScaleCentersImage	action=pass	elapsed=0.000
test	partition=non-ui	package=github.com/frathe/picfetch/internal/ui/zoom	name=TestApply_ClampsPanWithinViewport	action=pass	elapsed=0.000
test	partition=non-ui	package=github.com/frathe/picfetch/internal/ui/zoom	name=TestPanBy_UpdatesOffsetAndReflowsImage	action=pass	elapsed=0.000
test	partition=non-ui	package=github.com/frathe/picfetch/internal/ui/zoom	name=TestPanBy_NoopAtFitScale	action=pass	elapsed=0.000
test	partition=non-ui	package=github.com/frathe/picfetch/internal/ui/zoom	name=TestIn_StartsFromCurrentFitScale	action=pass	elapsed=0.000
test	partition=non-ui	package=github.com/frathe/picfetch/internal/ui/zoom	name=TestInOut_ClampToMinAndMax	action=pass	elapsed=0.000
test	partition=non-ui	package=github.com/frathe/picfetch/internal/ui/zoom	name=TestInThenOutLeavesNothingToPan	action=pass	elapsed=0.010
test	partition=non-ui	package=github.com/frathe/picfetch/internal/ui/zoom	name=TestActualSize	action=pass	elapsed=0.000
test	partition=non-ui	package=github.com/frathe/picfetch/internal/ui/zoom	name=TestFitToWindow_ReturnsToFitAndNotifies	action=pass	elapsed=0.000
test	partition=non-ui	package=github.com/frathe/picfetch/internal/ui/zoom	name=TestResetToFit_DoesNotNotify	action=pass	elapsed=0.000
test	partition=non-ui	package=github.com/frathe/picfetch/internal/ui/zoom	name=TestPercent	action=pass	elapsed=0.000
test	partition=non-ui	package=github.com/frathe/picfetch/internal/ui/zoom	name=TestAt_AnchorsCursorPoint	action=pass	elapsed=0.000
test	partition=non-ui	package=github.com/frathe/picfetch/internal/ui/zoom	name=TestAt_NegativeDYZoomsOut	action=pass	elapsed=0.000
test	partition=non-ui	package=github.com/frathe/picfetch/internal/ui/zoom	name=TestAt_StartsFromCurrentFitScale	action=pass	elapsed=0.000
test	partition=non-ui	package=github.com/frathe/picfetch/internal/ui/zoom	name=TestAt_ClampsToMinAndMax	action=pass	elapsed=0.000
test	partition=non-ui	package=github.com/frathe/picfetch/internal/ui/zoom	name=TestAt_NoImageIsNoop	action=pass	elapsed=0.000
test	partition=non-ui	package=github.com/frathe/picfetch/internal/ui/zoom	name=TestScrolled_ZoomsAtCursor	action=pass	elapsed=0.000
test	partition=non-ui	package=github.com/frathe/picfetch/internal/ui/zoom	name=TestScrolled_IgnoresHorizontalOnlyScroll	action=pass	elapsed=0.000
test	partition=non-ui	package=github.com/frathe/picfetch/internal/ui/zoom	name=TestScrolled_ShiftPansInsteadOfZooming	action=pass	elapsed=0.000
test	partition=non-ui	package=github.com/frathe/picfetch/internal/ui/zoom	name=TestScrolled_ShiftWithNothingToPanIsNoop	action=pass	elapsed=0.000
test	partition=non-ui	package=github.com/frathe/picfetch/internal/ui/zoom	name=TestScrolled_NilModifiersZoomsRatherThanPanning	action=pass	elapsed=0.000
test	partition=non-ui	package=github.com/frathe/picfetch/internal/ui/zoom	name=TestHandleScroll_MatchesImageWidget	action=pass	elapsed=0.000
test	partition=non-ui	package=github.com/frathe/picfetch/internal/ui/zoom	name=TestDragged_Pans	action=pass	elapsed=0.000
test	partition=non-ui	package=github.com/frathe/picfetch/internal/ui/zoom	name=TestCanPan	action=pass	elapsed=0.000
test	partition=non-ui	package=github.com/frathe/picfetch/internal/ui/zoom	name=TestCursor_SignalsWhetherTheImageIsDraggable	action=pass	elapsed=0.000
test	partition=non-ui	package=github.com/frathe/picfetch/internal/ui/zoom	name=TestLayout_CachesViewportAndReflows	action=pass	elapsed=0.000
test	partition=non-ui	package=github.com/frathe/picfetch/internal/ui/zoom	name=TestLogicalSizeDrivesFitScale	action=pass	elapsed=0.000
test	partition=non-ui	package=github.com/frathe/picfetch/internal/ui/zoom	name=TestLogicalSizeDrivesScaledSize	action=pass	elapsed=0.000
test	partition=non-ui	package=github.com/frathe/picfetch/internal/ui/zoom	name=TestZeroLogicalSizeFallsBackToBounds	action=pass	elapsed=0.000
test	partition=non-ui	package=github.com/frathe/picfetch/internal/ui/zoom	name=TestOnScaleChangedFiresOnResizeWhileFitting	action=pass	elapsed=0.000
test	partition=non-ui	package=github.com/frathe/picfetch/internal/ui/zoom	name=TestOnScaleChangedDoesNotFireOnPan	action=pass	elapsed=0.000
test	partition=non-ui	package=github.com/frathe/picfetch/internal/ui/zoom	name=TestScaleMatchesPercent	action=pass	elapsed=0.000
test	partition=non-ui	package=github.com/frathe/picfetch/internal/ui/zoom	name=TestSetLogicalSizeReArmsTheScaleNotification	action=pass	elapsed=0.000
test	partition=non-ui	package=github.com/frathe/picfetch/internal/ui/copyselection	name=TestVisualState	action=pass	elapsed=0.040
test	partition=ui-2	package=github.com/frathe/picfetch/internal/ui	name=TestActionsMenu_HideNoopsWithoutFiles	action=pass	elapsed=0.170
test	partition=non-ui	package=github.com/frathe/picfetch/internal/ui/favorites	name=TestShowConfirmEscapeRunsOnCancelAfterTheDialogCloses	action=pass	elapsed=0.050
test	partition=non-ui	package=github.com/frathe/picfetch/internal/ui/exifwin	name=TestToggleLocation_ShowsAndHidesTheMap	action=pass	elapsed=0.150
test	partition=non-ui	package=github.com/frathe/picfetch/internal/ui/copyselection	name=TestCursorState	action=pass	elapsed=0.040
package	partition=non-ui	package=github.com/frathe/picfetch/internal/ui/infoview	action=pass	elapsed=1.113
package	partition=non-ui	package=github.com/frathe/picfetch/internal/ui/autoupdate	action=pass	elapsed=1.427
package	partition=non-ui	package=github.com/frathe/picfetch/internal/ui/deletion	action=pass	elapsed=1.347
test	partition=non-ui	package=github.com/frathe/picfetch/internal/ui/favorites	name=TestShowConfirmOnClosedRunsBeforeOnConfirm	action=pass	elapsed=0.040
test	partition=non-ui	package=github.com/frathe/picfetch/internal/ui/widgets	name=TestChoiceCard_SelectClampsAtTheLowEnd	action=pass	elapsed=0.280
test	partition=non-ui	package=github.com/frathe/picfetch/internal/ui/widgets	name=TestChoiceCard_SelectClampsAtTheHighEnd	action=pass	elapsed=0.000
test	partition=non-ui	package=github.com/frathe/picfetch/internal/ui/widgets	name=TestChoiceCard_HandleKeyLeftRightClampRatherThanWrap	action=pass	elapsed=0.000
test	partition=non-ui	package=github.com/frathe/picfetch/internal/ui/widgets	name=TestChoiceCard_ShowResetsSelectionToIndexZero	action=pass	elapsed=0.000
test	partition=non-ui	package=github.com/frathe/picfetch/internal/ui/widgets	name=TestChoiceCard_ReturnRunsTheSelectedChoice	action=pass	elapsed=0.000
test	partition=non-ui	package=github.com/frathe/picfetch/internal/ui/settingswin	name=TestShow_SeedsEveryControlFromHostWithoutRoundTripping	action=pass	elapsed=0.320
test	partition=non-ui	package=github.com/frathe/picfetch/internal/ui/widgets	name=TestChoiceCard_ReturnHidesBeforeRunningTheChoice	action=pass	elapsed=0.000
test	partition=non-ui	package=github.com/frathe/picfetch/internal/ui/widgets	name=TestChoiceCard_EnterAlsoConfirms	action=pass	elapsed=0.000
test	partition=non-ui	package=github.com/frathe/picfetch/internal/ui/widgets	name=TestChoiceCard_EscapeCancelsWithoutRunningAnyChoice	action=pass	elapsed=0.000
test	partition=non-ui	package=github.com/frathe/picfetch/internal/ui/widgets	name=TestChoiceCard_EscapeRunsTheRegisteredOnCancel	action=pass	elapsed=0.000
test	partition=non-ui	package=github.com/frathe/picfetch/internal/ui/widgets	name=TestChoiceCard_EscapeWithoutOnCancelJustHides	action=pass	elapsed=0.000
test	partition=non-ui	package=github.com/frathe/picfetch/internal/ui/widgets	name=TestChoiceCard_VisibleTransitions	action=pass	elapsed=0.000
test	partition=non-ui	package=github.com/frathe/picfetch/internal/ui/widgets	name=TestChoiceCard_RepaintFiresOnShowSelectAndHide	action=pass	elapsed=0.000
test	partition=non-ui	package=github.com/frathe/picfetch/internal/ui/widgets	name=TestChoiceCard_RepaintCallbackIsOptional	action=pass	elapsed=0.000
test	partition=non-ui	package=github.com/frathe/picfetch/internal/ui/widgets	name=TestChoiceCard_ClickRunsThatButtonRegardlessOfSelection	action=pass	elapsed=0.000
test	partition=non-ui	package=github.com/frathe/picfetch/internal/ui/widgets	name=TestChoiceCard_ConfirmingAChoiceWithNoActionJustHides	action=pass	elapsed=0.000
test	partition=non-ui	package=github.com/frathe/picfetch/internal/ui/widgets	name=TestChoiceCard_NoChoicesIsInertRatherThanPanicking	action=pass	elapsed=0.000
test	partition=non-ui	package=github.com/frathe/picfetch/internal/ui/widgets	name=TestChoiceCard_RingReturnsNilOutOfRange	action=pass	elapsed=0.000
test	partition=non-ui	package=github.com/frathe/picfetch/internal/ui/grid	name=TestRebuildFilter_ReconcilesRingWithinViewport	action=pass	elapsed=0.490
test	partition=non-ui	package=github.com/frathe/picfetch/internal/ui/widgets	name=TestChoiceCard_ShowStartsOnTheButtonRow	action=pass	elapsed=0.000
test	partition=non-ui	package=github.com/frathe/picfetch/internal/ui/widgets	name=TestChoiceCard_ShowResetsTheRows	action=pass	elapsed=0.000
test	partition=non-ui	package=github.com/frathe/picfetch/internal/ui/widgets	name=TestChoiceCard_UpAndDownMoveBetweenRowsAndButtonsAndClamp	action=pass	elapsed=0.000
test	partition=non-ui	package=github.com/frathe/picfetch/internal/ui/widgets	name=TestChoiceCard_KeysGoToWhicheverStopHoldsTheSelection	action=pass	elapsed=0.000
test	partition=non-ui	package=github.com/frathe/picfetch/internal/ui/widgets	name=TestChoiceCard_ReturnAndEscapeAlwaysReachTheButtons	action=pass	elapsed=0.000
test	partition=non-ui	package=github.com/frathe/picfetch/internal/ui/widgets	name=TestChoiceCard_RowsContentIsInTheCard	action=pass	elapsed=0.000
test	partition=non-ui	package=github.com/frathe/picfetch/internal/ui/widgets	name=TestChoiceCard_WithoutRowsIgnoresUpAndDown	action=pass	elapsed=0.000
test	partition=non-ui	package=github.com/frathe/picfetch/internal/ui/widgets	name=TestChoiceCard_OnlyOneRingIsAtFullStrength	action=pass	elapsed=0.000
test	partition=non-ui	package=github.com/frathe/picfetch/internal/ui/widgets	name=TestChoiceCard_WithoutRowsKeepsItsRingAtFullStrength	action=pass	elapsed=0.000
test	partition=non-ui	package=github.com/frathe/picfetch/internal/ui/widgets	name=TestChoicePanel_SelectClampsAtTheLowEnd	action=pass	elapsed=0.000
test	partition=non-ui	package=github.com/frathe/picfetch/internal/ui/widgets	name=TestChoicePanel_SelectClampsAtTheHighEnd	action=pass	elapsed=0.000
test	partition=non-ui	package=github.com/frathe/picfetch/internal/ui/favorites	name=TestShowConfirmOnClosedRunsBeforeOnCancel	action=pass	elapsed=0.040
test	partition=non-ui	package=github.com/frathe/picfetch/internal/ui/widgets	name=TestChoicePanel_StartsOnIndexZero	action=pass	elapsed=0.000
test	partition=non-ui	package=github.com/frathe/picfetch/internal/ui/widgets	name=TestChoicePanel_ArrowKeysClampRatherThanWrap	action=pass	elapsed=0.000
test	partition=non-ui	package=github.com/frathe/picfetch/internal/ui/widgets	name=TestChoicePanel_ReturnRunsTheSelectedChoice	action=pass	elapsed=0.000
test	partition=non-ui	package=github.com/frathe/picfetch/internal/ui/widgets	name=TestChoicePanel_EnterAlsoConfirms	action=pass	elapsed=0.000
test	partition=non-ui	package=github.com/frathe/picfetch/internal/ui/widgets	name=TestChoicePanel_ConfirmingAChoiceWithNoActionIsSafe	action=pass	elapsed=0.000
test	partition=non-ui	package=github.com/frathe/picfetch/internal/ui/widgets	name=TestChoicePanel_DismissRunsBeforeTheChosenAction	action=pass	elapsed=0.000
test	partition=non-ui	package=github.com/frathe/picfetch/internal/ui/widgets	name=TestChoicePanel_EscapeDismissesAndCancelsWithoutRunningAnyChoice	action=pass	elapsed=0.000
test	partition=non-ui	package=github.com/frathe/picfetch/internal/ui/widgets	name=TestChoicePanel_EscapeWithoutHooksIsInert	action=pass	elapsed=0.000
test	partition=non-ui	package=github.com/frathe/picfetch/internal/ui/widgets	name=TestChoicePanel_ClickRunsItsOwnChoiceRegardlessOfSelection	action=pass	elapsed=0.000
test	partition=non-ui	package=github.com/frathe/picfetch/internal/ui/exifwin	name=TestToggleLocation_ReleasesKeyboard	action=pass	elapsed=0.090
test	partition=non-ui	package=github.com/frathe/picfetch/internal/ui/exifwin	name=TestRefresh_IsANoOpWhileTheWindowIsClosed	action=pass	elapsed=0.000
test	partition=non-ui	package=github.com/frathe/picfetch/internal/ui/widgets	name=TestChoicePanel_NoChoicesIsInertRatherThanPanicking	action=pass	elapsed=0.000
test	partition=non-ui	package=github.com/frathe/picfetch/internal/ui/widgets	name=TestChoicePanel_RingReturnsNilOutOfRange	action=pass	elapsed=0.000
test	partition=non-ui	package=github.com/frathe/picfetch/internal/ui/widgets	name=TestChoicePanel_RepaintFiresOnEverySelectionChange	action=pass	elapsed=0.000
test	partition=non-ui	package=github.com/frathe/picfetch/internal/ui/widgets	name=TestChoicePanel_TypedRuneLeavesTheSelectionAlone	action=pass	elapsed=0.000
test	partition=non-ui	package=github.com/frathe/picfetch/internal/ui/widgets	name=TestChoicePanel_FocusedInADialogReceivesKeys	action=pass	elapsed=0.000
test	partition=non-ui	package=github.com/frathe/picfetch/internal/ui/widgets	name=TestChoicePanel_FocusedInADialogAnswersEscape	action=pass	elapsed=0.000
test	partition=non-ui	package=github.com/frathe/picfetch/internal/ui/widgets	name=TestChoicePanel_FocusChangesLeaveTheRingWhereItIs	action=pass	elapsed=0.000
test	partition=non-ui	package=github.com/frathe/picfetch/internal/ui/widgets	name=TestChoicePanel_UpWithNoOnBackIsInert	action=pass	elapsed=0.000
test	partition=non-ui	package=github.com/frathe/picfetch/internal/ui/widgets	name=TestChoicePanel_UpRunsOnBackWithoutMovingSelection	action=pass	elapsed=0.000
test	partition=non-ui	package=github.com/frathe/picfetch/internal/ui/widgets	name=TestChoicePanel_SetChoiceEnabledTogglesTheButtonAndTheReport	action=pass	elapsed=0.000
test	partition=non-ui	package=github.com/frathe/picfetch/internal/ui/widgets	name=TestChoicePanel_ConfirmOnADisabledChoiceRunsNothing	action=pass	elapsed=0.000
test	partition=non-ui	package=github.com/frathe/picfetch/internal/ui/widgets	name=TestChoicePanel_TapOnADisabledChoiceRunsNothing	action=pass	elapsed=0.000
test	partition=non-ui	package=github.com/frathe/picfetch/internal/ui/widgets	name=TestChoicePanel_ChoiceEnabledOutOfRangeIsFalse	action=pass	elapsed=0.000
test	partition=non-ui	package=github.com/frathe/picfetch/internal/ui/widgets	name=TestChoicePanel_SetChoiceEnabledOutOfRangeIsANoOp	action=pass	elapsed=0.000
test	partition=non-ui	package=github.com/frathe/picfetch/internal/ui/widgets	name=TestChoicePanel_SelectStillLandsOnADisabledChoice	action=pass	elapsed=0.000
test	partition=non-ui	package=github.com/frathe/picfetch/internal/ui/compare	name=TestShaderPaneRenderer_SameSourceViewChangeDoesNotCancelAllocatedTile	action=pass	elapsed=0.940
test	partition=non-ui	package=github.com/frathe/picfetch/internal/ui/widgets	name=TestChoicePanel_RegressionOldStyleCallerStillConfirmsAndDismisses	action=pass	elapsed=0.000
test	partition=non-ui	package=github.com/frathe/picfetch/internal/ui/settingswin	name=TestThemeSelect_ChangeCallsSetThemeMode	action=pass	elapsed=0.040
test	partition=non-ui	package=github.com/frathe/picfetch/internal/uitest	name=TestUIQueue_DoDefersInsteadOfRunning	action=pass	elapsed=0.000
test	partition=non-ui	package=github.com/frathe/picfetch/internal/uitest	name=TestUIQueue_DrainRunsInOrderThenReportsEmpty	action=pass	elapsed=0.000
test	partition=non-ui	package=github.com/frathe/picfetch/internal/uitest	name=TestUIQueue_WorkQueuedDuringADrainWaitsForTheNext	action=pass	elapsed=0.000
test	partition=non-ui	package=github.com/frathe/picfetch/internal/uitest	name=TestUIQueue_ConcurrentDo	action=pass	elapsed=0.000
test	partition=non-ui	package=github.com/frathe/picfetch/internal/uitest	name=TestStubDisplays	action=pass	elapsed=0.000
test	partition=non-ui	package=github.com/frathe/picfetch/internal/uitest	name=TestLittleEndianTIFF_WritesHeaderAndIntegers	action=pass	elapsed=0.000
test	partition=non-ui	package=github.com/frathe/picfetch/internal/uitest	name=TestWrapAPP1_SplicesExifAfterSOI	action=pass	elapsed=0.000
test	partition=ui-1	package=github.com/frathe/picfetch/internal/ui	name=TestActionsMenu_ToggleBrowseDuplicatesChecksVariants	action=pass	elapsed=1.230
test	partition=non-ui	package=github.com/frathe/picfetch/internal/ui/favorites	name=TestShowConfirmToleratesNoOnClosed	action=pass	elapsed=0.040
test	partition=non-ui	package=github.com/frathe/picfetch/internal/ui/widgets	name=TestSingleton_WithoutRememberOpensAtTheGivenSize	action=pass	elapsed=0.030
test	partition=non-ui	package=github.com/frathe/picfetch/internal/ui/favorites	name=TestMenuActionsRunThroughHostRunCommand	action=pass	elapsed=0.010
test	partition=non-ui	package=github.com/frathe/picfetch/internal/ui/favorites	name=TestNewBuildsStaticMenuWithoutDiskAccess	action=pass	elapsed=0.000
test	partition=non-ui	package=github.com/frathe/picfetch/internal/ui/favorites	name=TestNewSetsManageItemAccelerator	action=pass	elapsed=0.000
test	partition=non-ui	package=github.com/frathe/picfetch/internal/ui/favorites	name=TestNewSetsAddItemAccelerator	action=pass	elapsed=0.000
test	partition=non-ui	package=github.com/frathe/picfetch/internal/wallpaper	name=TestRequestAndTargetUnsupportedAreTyped	action=pass	elapsed=0.000
test	partition=non-ui	package=github.com/frathe/picfetch/internal/wallpaper	name=TestLinuxTarget_ReturnsUnsupportedBeforeAnyLookupOrCommand	action=pass	elapsed=0.000
test	partition=non-ui	package=github.com/frathe/picfetch/internal/wallpaper	name=TestLinuxTarget_SoleDisplayAppliesGlobally	action=pass	elapsed=0.000
test	partition=non-ui	package=github.com/frathe/picfetch/internal/ui/settingswin	name=TestShow_RaisesTheSameWindowOnASecondCall	action=pass	elapsed=0.040
test	partition=non-ui	package=github.com/frathe/picfetch/internal/wallpaper	name=TestHostSchemaEnv_DropsSandboxInjectedSchemaSources	action=pass	elapsed=0.000
test	partition=non-ui	package=github.com/frathe/picfetch/internal/wallpaper	name=TestHostSchemaEnv_DropsAnEntirelySandboxedDataDirList	action=pass	elapsed=0.000
test	partition=non-ui	package=github.com/frathe/picfetch/internal/wallpaper	name=TestHostSchemaEnv_LeavesAnOrdinaryEnvironmentAlone	action=pass	elapsed=0.000
test	partition=non-ui	package=github.com/frathe/picfetch/internal/wallpaper	name=TestSetLinux_ReportsAFailedDarkKeyWrite	action=pass	elapsed=0.000
test	partition=non-ui	package=github.com/frathe/picfetch/internal/wallpaper	name=TestSetLinux_SkipsTheDarkKeyBeforeGnome42	action=pass	elapsed=0.000
test	partition=non-ui	package=github.com/frathe/picfetch/internal/wallpaper	name=TestSetLinux_StaysForgivingWhenTheSchemaCannotBeRead	action=pass	elapsed=0.000
test	partition=non-ui	package=github.com/frathe/picfetch/internal/wallpaper	name=TestDarkBackgroundKeyExists_ReadsTheHostSchemaListing	action=pass	elapsed=0.000
test	partition=non-ui	package=github.com/frathe/picfetch/internal/wallpaper	name=TestSetLinux_SetsBothGnomeBackgroundKeys	action=pass	elapsed=0.000
test	partition=non-ui	package=github.com/frathe/picfetch/internal/wallpaper	name=TestSetLinux_ReturnsErrorWhenTheLightKeyIsRejected	action=pass	elapsed=0.000
test	partition=non-ui	package=github.com/frathe/picfetch/internal/wallpaper	name=TestSetLinux_PercentEncodesThePath	action=pass	elapsed=0.000
test	partition=non-ui	package=github.com/frathe/picfetch/internal/wallpaper	name=TestSetLinux_PrefersPlasmaOnKDE	action=pass	elapsed=0.000
test	partition=non-ui	package=github.com/frathe/picfetch/internal/wallpaper	name=TestSetLinux_FallsBackToGsettingsOnKDEWithoutPlasmaApply	action=pass	elapsed=0.000
test	partition=non-ui	package=github.com/frathe/picfetch/internal/wallpaper	name=TestSetLinux_ReturnsErrorWhenNeitherToolIsInstalled	action=pass	elapsed=0.000
test	partition=non-ui	package=github.com/frathe/picfetch/internal/ui/favorites	name=TestSetDirBuildsSortedFavoriteItems	action=pass	elapsed=0.010
test	partition=non-ui	package=github.com/frathe/picfetch/internal/wallpaper	name=TestSetWindows_BuildsExpectedScript	action=pass	elapsed=0.000
test	partition=non-ui	package=github.com/frathe/picfetch/internal/wallpaper	name=TestSetWindows_DispatchesTargetWithoutGlobalFallback	action=pass	elapsed=0.000
test	partition=non-ui	package=github.com/frathe/picfetch/internal/wallpaper	name=TestSetWindows_LegacyRequestUsesExistingPowerShellPath	action=pass	elapsed=0.000
test	partition=non-ui	package=github.com/frathe/picfetch/internal/wallpaper	name=TestSetWindows_EscapesPathMetacharacters	action=pass	elapsed=0.000
test	partition=non-ui	package=github.com/frathe/picfetch/internal/wallpaper	name=TestEscapePowerShellPath	action=pass	elapsed=0.000
test	partition=non-ui	package=github.com/frathe/picfetch/internal/ui/favorites	name=TestRefreshMenuLabelsCarryStoredCounts	action=pass	elapsed=0.010
test	partition=non-ui	package=github.com/frathe/picfetch/internal/ui/widgets	name=TestSingleton_RememberedSizeWinsOverTheDefault	action=pass	elapsed=0.020
test	partition=non-ui	package=github.com/frathe/picfetch/internal/ui/favorites	name=TestRefreshMenuFallsBackToBareNameForUnreadableCount	action=pass	elapsed=0.010
test	partition=non-ui	package=github.com/frathe/picfetch/internal/ui/favorites	name=TestOpenMapsDigitSlotsThroughNamesDespiteCountLabels	action=pass	elapsed=0.000
test	partition=non-ui	package=github.com/frathe/picfetch/internal/update	name=TestApplyUnix_ReplacesDest	action=pass	elapsed=0.010
test	partition=non-ui	package=github.com/frathe/picfetch/internal/update	name=TestApplyUnix_CopiesPlist	action=pass	elapsed=0.000
test	partition=non-ui	package=github.com/frathe/picfetch/internal/ui/widgets	name=TestSingleton_UnrememberedSizeFallsBackToTheDefault	action=pass	elapsed=0.020
test	partition=non-ui	package=github.com/frathe/picfetch/internal/update	name=TestApplyUnix_PlistCopyFailureLeavesInstalledFilesUntouched	action=pass	elapsed=0.000
test	partition=non-ui	package=github.com/frathe/picfetch/internal/ui/favorites	name=TestSetDirAssignsDigitShortcutsToFirstTenFavorites	action=pass	elapsed=0.010
test	partition=non-ui	package=github.com/frathe/picfetch/internal/update	name=TestApplyUnix_PlistBackupFailureAfterBinarySwapRestoresOriginals	action=pass	elapsed=0.000
test	partition=non-ui	package=github.com/frathe/picfetch/internal/update	name=TestApplyUnix_UnwritableDestLeavesOld	action=skip	elapsed=0.000
test	partition=non-ui	package=github.com/frathe/picfetch/internal/ui/exifwin	name=TestToggleLocation_ShowsTheLoadingIndicatorUntilTheTilesAreIn	action=pass	elapsed=0.090
test	partition=non-ui	package=github.com/frathe/picfetch/internal/ui/settingswin	name=TestSortSelect_ChangeCallsSetSortMode	action=pass	elapsed=0.040
test	partition=non-ui	package=github.com/frathe/picfetch/internal/ui/widgets	name=TestSingleton_GeometryTracksResizes	action=pass	elapsed=0.020
test	partition=non-ui	package=github.com/frathe/picfetch/internal/ui/favorites	name=TestOpenUsesCurrentSortedShortcutSlots	action=pass	elapsed=0.020
test	partition=non-ui	package=github.com/frathe/picfetch/internal/ui/favorites	name=TestSetHasFilesTogglesAddItem	action=pass	elapsed=0.000
test	partition=non-ui	package=github.com/frathe/picfetch/internal/ui/favorites	name=TestCompareMenuState_DisablesStaticAndRefreshedFavoriteCommands	action=pass	elapsed=0.000
test	partition=non-ui	package=github.com/frathe/picfetch/internal/ui/favorites	name=TestSetHasFilesDoesNotRefreshMenus	action=pass	elapsed=0.000
test	partition=non-ui	package=github.com/frathe/picfetch/internal/ui/favorites	name=TestWriteFavoriteSavesCurrentListAndRefreshesMenu	action=pass	elapsed=0.000
test	partition=non-ui	package=github.com/frathe/picfetch/internal/update	name=TestApplyUnix_CopyFailureRestoresOld	action=pass	elapsed=0.030
test	partition=non-ui	package=github.com/frathe/picfetch/internal/update	name=TestApplyUnix_EvalSymlinks	action=pass	elapsed=0.000
test	partition=non-ui	package=github.com/frathe/picfetch/internal/update	name=TestApplyUnix_RelaunchesOnlyAfterExecutableAndPlistAreInstalled	action=pass	elapsed=0.000
test	partition=non-ui	package=github.com/frathe/picfetch/internal/update	name=TestApplyUnix_NormalApplyDoesNotRelaunch	action=pass	elapsed=0.000
test	partition=non-ui	package=github.com/frathe/picfetch/internal/update	name=TestApplyUnix_RelaunchFailureReturnedAfterInstall	action=pass	elapsed=0.000
test	partition=non-ui	package=github.com/frathe/picfetch/internal/update	name=TestUnixRelaunchCommand_WaitsForOldProcessAndPassesPathAsArgument	action=pass	elapsed=0.000
test	partition=non-ui	package=github.com/frathe/picfetch/internal/update	name=TestApplyError_UnwrapsAndFormats	action=pass	elapsed=0.000
test	partition=non-ui	package=github.com/frathe/picfetch/internal/update	name=TestClassifyApplyError_PermissionIsAccessDenied	action=pass	elapsed=0.000
test	partition=non-ui	package=github.com/frathe/picfetch/internal/update	name=TestClassifyApplyError_NilAndUnknown	action=pass	elapsed=0.000
test	partition=non-ui	package=github.com/frathe/picfetch/internal/update	name=TestReleaseAttestationIdentity	action=pass	elapsed=0.000
test	partition=non-ui	package=github.com/frathe/picfetch/internal/ui/settingswin	name=TestChecks_ChangeCallTheMatchingSetter	action=pass	elapsed=0.040
test	partition=non-ui	package=github.com/frathe/picfetch/internal/ui/widgets	name=TestSingleton_RememberedPositionSurvivesWithoutALiveReading	action=pass	elapsed=0.030
test	partition=non-ui	package=github.com/frathe/picfetch/internal/update	name=TestCheckReleaseStatement	action=pass	elapsed=0.010
test	partition=ui-3	package=github.com/frathe/picfetch/internal/ui	name=TestActionsMenu_AfterOneJPEGDrop	action=pass	elapsed=1.120
test	partition=non-ui	package=github.com/frathe/picfetch/internal/ui/widgets	name=TestSingleton_GeometrySurvivesTheWindowClosing	action=pass	elapsed=0.020
test	partition=non-ui	package=github.com/frathe/picfetch/internal/ui/favorites	name=TestAddCurrentListRefreshesMenusExactlyOnce	action=pass	elapsed=0.050
test	partition=non-ui	package=github.com/frathe/picfetch/internal/ui/favorites	name=TestWriteFavoriteSyncsPreviewsForSavedList	action=pass	elapsed=0.000
test	partition=non-ui	package=github.com/frathe/picfetch/internal/ui/favorites	name=TestWriteFavoriteDoesNotSyncPreviewsForAFailedSave	action=pass	elapsed=0.000
test	partition=non-ui	package=github.com/frathe/picfetch/internal/ui/favorites	name=TestWriteFavoriteRejectsEmptyCurrentList	action=pass	elapsed=0.000
test	partition=non-ui	package=github.com/frathe/picfetch/internal/ui/favorites	name=TestSaveFavoriteRejectsInvalidName	action=pass	elapsed=0.000
test	partition=non-ui	package=github.com/frathe/picfetch/internal/ui/favorites	name=TestOpenFavoriteLoadsStoredList	action=pass	elapsed=0.000
test	partition=non-ui	package=github.com/frathe/picfetch/internal/ui/favorites	name=TestOpenFavoriteSyncsPreviewsForLoadedList	action=pass	elapsed=0.000
test	partition=non-ui	package=github.com/frathe/picfetch/internal/ui/favorites	name=TestOpenFavoriteReportsLoadError	action=pass	elapsed=0.000
test	partition=non-ui	package=github.com/frathe/picfetch/internal/ui/exifwin	name=TestToggleLocation_FetchesNothingUntilTheSectionIsExpanded	action=pass	elapsed=0.080
test	partition=non-ui	package=github.com/frathe/picfetch/internal/ui/widgets	name=TestSingleton_KeepOnTopOnANonDesktopWindow	action=pass	elapsed=0.020
test	partition=non-ui	package=github.com/frathe/picfetch/internal/ui/widgets	name=TestSingleton_StopTrackingIsSafeWhenNothingIsTracking	action=pass	elapsed=0.000
test	partition=non-ui	package=github.com/frathe/picfetch/internal/update	name=TestDownload_CallsVerify	action=pass	elapsed=0.040
test	partition=non-ui	package=github.com/frathe/picfetch/internal/update	name=TestDownload_Attest404	action=pass	elapsed=0.010
test	partition=non-ui	package=github.com/frathe/picfetch/internal/update	name=TestDownload_EmptyAttestations	action=pass	elapsed=0.000
test	partition=non-ui	package=github.com/frathe/picfetch/internal/update	name=TestDownload_VerifierError	action=pass	elapsed=0.000
package	partition=non-ui	package=github.com/frathe/picfetch/internal/ui/menus	action=pass	elapsed=1.159
test	partition=non-ui	package=github.com/frathe/picfetch/internal/update	name=TestDownload_NilVerifier	action=pass	elapsed=0.010
test	partition=non-ui	package=github.com/frathe/picfetch/internal/update	name=TestCleanupPredecessor_NoEnvReturnsImmediately	action=pass	elapsed=0.000
test	partition=non-ui	package=github.com/frathe/picfetch/internal/ui/widgets	name=TestSingleton_ExtraKeysReceiveNonEscape	action=pass	elapsed=0.030
test	partition=non-ui	package=github.com/frathe/picfetch/internal/update	name=TestCleanupPredecessor_IgnoresAPIDItCannotUse	action=pass	elapsed=0.000
test	partition=non-ui	package=github.com/frathe/picfetch/internal/update	name=TestSweepBackup_RemovesTheBackupBesideAnInstalledExecutable	action=pass	elapsed=0.000
test	partition=non-ui	package=github.com/frathe/picfetch/internal/update	name=TestSweepBackup_KeepsTheBackupWhenTheExecutableIsMissing	action=pass	elapsed=0.000
test	partition=non-ui	package=github.com/frathe/picfetch/internal/update	name=TestSweepBackup_LeavesTheScriptEraLeftoversToCleanupPredecessor	action=pass	elapsed=0.000
test	partition=non-ui	package=github.com/frathe/picfetch/internal/update	name=TestSweepBackup_ToleratesNothingToSweep	action=pass	elapsed=0.000
test	partition=non-ui	package=github.com/frathe/picfetch/internal/ui/settingswin	name=TestFavPreviewCheck_ReflectsHostValue	action=pass	elapsed=0.080
test	partition=non-ui	package=github.com/frathe/picfetch/internal/ui/widgets	name=TestSingleton_EscapeStillClosesWhenExtraKeysSet	action=pass	elapsed=0.020
test	partition=non-ui	package=github.com/frathe/picfetch/internal/ui/favorites	name=TestSaveFavoriteExistingNameRaisesConfirmationFocusedOnCancel	action=pass	elapsed=0.070
test	partition=non-ui	package=github.com/frathe/picfetch/internal/ui/settingswin	name=TestFavPreviewCheck_ChangeCallsSetFavoritePreviewCache	action=pass	elapsed=0.030
test	partition=non-ui	package=github.com/frathe/picfetch/internal/ui/widgets	name=TestSingleton_EscapeOverrideCanHandleWithoutClosing	action=pass	elapsed=0.020
test	partition=non-ui	package=github.com/frathe/picfetch/internal/wincom	name=TestMonitorAttached_DistinguishesDetachedStatus	action=pass	elapsed=0.000
test	partition=non-ui	package=github.com/frathe/picfetch/internal/ui/exifwin	name=TestRefresh_ExpandedSectionRefetchesForANewPosition	action=pass	elapsed=0.100
test	partition=non-ui	package=github.com/frathe/picfetch/internal/ui/widgets	name=TestSingleton_NilExtraKeysKeepsEscapeOnly	action=pass	elapsed=0.020
test	partition=non-ui	package=github.com/frathe/picfetch/internal/uitest	name=TestDimensionTaggedJPEG_RoundTripsThroughExifIFD0Tag	action=pass	elapsed=0.260
test	partition=non-ui	package=github.com/frathe/picfetch/internal/ui/widgets	name=TestSingleton_ExtraKeysReadAtEventTime	action=pass	elapsed=0.020
test	partition=non-ui	package=github.com/frathe/picfetch/internal/ui/widgets	name=TestSingleton_TrackingCompletionRetainsClosedWindowWorkers	action=pass	elapsed=0.000
test	partition=non-ui	package=github.com/frathe/picfetch/internal/ui/widgets	name=TestSizeTracker_RecordsTheWindowSizeOnEveryLayout	action=pass	elapsed=0.000
test	partition=non-ui	package=github.com/frathe/picfetch/internal/ui/widgets	name=TestSizeTracker_LaysOutItsContentLikeAStack	action=pass	elapsed=0.000
test	partition=non-ui	package=github.com/frathe/picfetch/internal/ui/favorites	name=TestSaveFavoriteReplaceOnConfirmWritesNewListAndSyncsPreviews	action=pass	elapsed=0.050
test	partition=non-ui	package=github.com/frathe/picfetch/internal/ui/widgets	name=TestRinged_LeavesTheRingRoomOutsideTheButton	action=pass	elapsed=0.020
test	partition=non-ui	package=github.com/frathe/picfetch/internal/ui/widgets	name=TestNewSelectionTint_IsTranslucent	action=pass	elapsed=0.000
test	partition=non-ui	package=github.com/frathe/picfetch/internal/ui/settingswin	name=TestUpdateCheck_ReflectsHostValue	action=pass	elapsed=0.070
test	partition=non-ui	package=github.com/frathe/picfetch/internal/ui/exifwin	name=TestClose_StopsTheFetcherFromTouchingDeadWidgets	action=pass	elapsed=0.060
test	partition=non-ui	package=github.com/frathe/picfetch/internal/ui/favorites	name=TestSaveFavoriteReplaceCancelReopensAddDialogWithNameStillInField	action=pass	elapsed=0.050
test	partition=non-ui	package=github.com/frathe/picfetch/internal/ui/settingswin	name=TestUpdateCheck_ChangeCallsSetCheckForUpdates	action=pass	elapsed=0.030
test	partition=non-ui	package=github.com/frathe/picfetch/internal/ui/grid	name=TestRebuildFilter_ExplicitFiltersResetViewport	action=pass	elapsed=0.360
test	partition=non-ui	package=github.com/frathe/picfetch/internal/ui/grid	name=TestSourceDuplicateGroupSize_UnknownUntilGroupsBuilt	action=pass	elapsed=0.010
test	partition=non-ui	package=github.com/frathe/picfetch/internal/ui/grid	name=TestSourceDuplicateGroupSize_ClosedGridUsesCurrentIndex	action=pass	elapsed=0.010
test	partition=non-ui	package=github.com/frathe/picfetch/internal/ui/grid	name=TestSetOnDupeStateChanged_HideAndBrowse	action=pass	elapsed=0.010
test	partition=non-ui	package=github.com/frathe/picfetch/internal/ui/grid	name=TestSetOnDupeStateChanged_SetAfterHideStillFiresOnNextChange	action=pass	elapsed=0.010
test	partition=non-ui	package=github.com/frathe/picfetch/internal/ui/grid	name=TestSetOnDupeStateChanged_NilIsNoop	action=pass	elapsed=0.010
test	partition=non-ui	package=github.com/frathe/picfetch/internal/ui/favorites	name=TestSaveFavoriteReplaceEscapeReopensAddDialogWithNameStillInField	action=pass	elapsed=0.050
test	partition=non-ui	package=github.com/frathe/picfetch/internal/ui/grid	name=TestSetOnDupeStateChanged_SetDuplicateDistanceWhileHide	action=pass	elapsed=0.010
test	partition=non-ui	package=github.com/frathe/picfetch/internal/ui/grid	name=TestSetOnDupeStateChanged_SetDuplicateDistanceWhileIdleRebuilds	action=pass	elapsed=0.010
test	partition=non-ui	package=github.com/frathe/picfetch/internal/ui/grid	name=TestSetOnDupeStateChanged_LastHashJobFiresOnce	action=pass	elapsed=0.010
test	partition=non-ui	package=github.com/frathe/picfetch/internal/ui/settingswin	name=TestStaticSizeCheck_ReflectsHostValue	action=pass	elapsed=0.060
test	partition=non-ui	package=github.com/frathe/picfetch/internal/ui/grid	name=TestSetOnDupeStateChanged_PendingBrowseFiresOnceThenFinish	action=pass	elapsed=0.010
test	partition=non-ui	package=github.com/frathe/picfetch/internal/ui/favorites	name=TestManagePanelStartsOnTheFirstRowsOpenButton	action=pass	elapsed=0.040
test	partition=non-ui	package=github.com/frathe/picfetch/internal/ui/settingswin	name=TestStaticSizeCheck_ChangeCallsSetStaticWindowSize	action=pass	elapsed=0.040
test	partition=non-ui	package=github.com/frathe/picfetch/internal/ui/compare	name=TestShaderPaneRenderer_CoalescesTilePublicationWhileUIQueueIsHeld	action=pass	elapsed=0.450
test	partition=non-ui	package=github.com/frathe/picfetch/internal/ui/settingswin	name=TestIntervalEntry_ValidChangeCallsSetSlideInterval	action=pass	elapsed=0.030
test	partition=non-ui	package=github.com/frathe/picfetch/internal/ui/favorites	name=TestManagePanelArrowKeysMoveTheRingInBothAxes	action=pass	elapsed=0.050
test	partition=non-ui	package=github.com/frathe/picfetch/internal/uitest	name=TestExifIFD0Tag_NotFoundWithoutReadableExif	action=pass	elapsed=0.200
test	partition=non-ui	package=github.com/frathe/picfetch/internal/update	name=TestSweepBackup_RetriesABackupItCannotRemoveYet	action=pass	elapsed=0.300
test	partition=non-ui	package=github.com/frathe/picfetch/internal/update	name=TestSweepBackup_EmptyDestSweepsNothing	action=pass	elapsed=0.000
test	partition=non-ui	package=github.com/frathe/picfetch/internal/update	name=TestSweepLeftovers_RemovesTheScriptEraFilesAndKeepsTheBackup	action=pass	elapsed=0.000
test	partition=non-ui	package=github.com/frathe/picfetch/internal/update	name=TestSweepLeftovers_ToleratesNothingToSweep	action=pass	elapsed=0.000
test	partition=non-ui	package=github.com/frathe/picfetch/internal/update	name=TestSweepLeftovers_EmptyDestSweepsNothing	action=pass	elapsed=0.000
test	partition=non-ui	package=github.com/frathe/picfetch/internal/ui/settingswin	name=TestIntervalEntry_InvalidTextIsIgnored	action=pass	elapsed=0.040
test	partition=non-ui	package=github.com/frathe/picfetch/internal/ui/favorites	name=TestManagePanelClampsAtEveryEdge	action=pass	elapsed=0.050
test	partition=non-ui	package=github.com/frathe/picfetch/internal/ui/grid	name=TestWarm_RecordsNativePixelCountNotThumbnailSize	action=pass	elapsed=0.140
test	partition=non-ui	package=github.com/frathe/picfetch/internal/ui/settingswin	name=TestMaxScanEntry_ValidChangeCallsSetMaxScan	action=pass	elapsed=0.030
test	partition=non-ui	package=github.com/frathe/picfetch/internal/ui/exifwin	name=TestPaint_DoesNotBlockOnSlowTiles	action=pass	elapsed=0.240
test	partition=non-ui	package=github.com/frathe/picfetch/internal/ui/favorites	name=TestManagePanelClampsOnASingleRow	action=pass	elapsed=0.040
test	partition=non-ui	package=github.com/frathe/picfetch/internal/ui/mosaicwin	name=TestMosaicExport_UsesTimestampDirectoryFormatAndExactPixels	action=pass	elapsed=1.070
test	partition=non-ui	package=github.com/frathe/picfetch/internal/ui/settingswin	name=TestMaxScanEntry_InvalidTextIsIgnored	action=pass	elapsed=0.030
test	partition=non-ui	package=github.com/frathe/picfetch/internal/ui/favorites	name=TestManagePanelMarksRemoveAsDestructive	action=pass	elapsed=0.050
test	partition=non-ui	package=github.com/frathe/picfetch/internal/ui/settingswin	name=TestMaxScanEntry_AcceptsAValueAboveMaxMemoryMB	action=pass	elapsed=0.030
test	partition=non-ui	package=github.com/frathe/picfetch/internal/ui/exifwin	name=TestToggleLocation_ExpandedMapGetsRealSpace	action=pass	elapsed=0.060
test	partition=non-ui	package=github.com/frathe/picfetch/internal/ui/settingswin	name=TestMaxWidthEntry_ValidChangeCallsSetMaxWindowWidth	action=pass	elapsed=0.030
test	partition=non-ui	package=github.com/frathe/picfetch/internal/ui/favorites	name=TestManagePanelReturnRunsTheRingedButton	action=pass	elapsed=0.040
package	partition=non-ui	package=github.com/frathe/picfetch/internal/ui/slideshow	action=pass	elapsed=1.105
test	partition=non-ui	package=github.com/frathe/picfetch/internal/ui/settingswin	name=TestMaxWidthEntry_InvalidTextIsIgnored	action=pass	elapsed=0.030
test	partition=non-ui	package=github.com/frathe/picfetch/internal/ui/grid	name=TestNativeSize_ReportsProbeWidthAndHeight	action=pass	elapsed=0.140
test	partition=non-ui	package=github.com/frathe/picfetch/internal/ui/grid	name=TestNativeSize_UnknownWhenUnprobed	action=pass	elapsed=0.000
test	partition=non-ui	package=github.com/frathe/picfetch/internal/ui/exifwin	name=TestToggleLocation_MapGrowsWithTheWindow	action=pass	elapsed=0.070
test	partition=non-ui	package=github.com/frathe/picfetch/internal/ui/grid	name=TestWipeHashesIfStale_DropsPixelsOnGenerationChange	action=pass	elapsed=0.000
test	partition=non-ui	package=github.com/frathe/picfetch/internal/ui/favorites	name=TestManagePanelEscapeCloses	action=pass	elapsed=0.040
test	partition=non-ui	package=github.com/frathe/picfetch/internal/ui/settingswin	name=TestMaxHeightEntry_ValidChangeCallsSetMaxWindowHeight	action=pass	elapsed=0.030
test	partition=non-ui	package=github.com/frathe/picfetch/internal/ui/help	name=TestHelp_FinisSearchOpensCompanion	action=pass	elapsed=1.560
test	partition=non-ui	package=github.com/frathe/picfetch/internal/wingesture	name=TestClockwiseInwardSpiralFires	action=pass	elapsed=0.000
test	partition=non-ui	package=github.com/frathe/picfetch/internal/wingesture	name=TestCounterClockwiseSpiralReportsCounterClockwise	action=pass	elapsed=0.000
test	partition=non-ui	package=github.com/frathe/picfetch/internal/wingesture	name=TestOutwardSpiralReportsNotInward	action=pass	elapsed=0.000
test	partition=non-ui	package=github.com/frathe/picfetch/internal/wingesture	name=TestClockwiseOnScreenMeansIncreasingAngle	action=pass	elapsed=0.000
test	partition=non-ui	package=github.com/frathe/picfetch/internal/wingesture	name=TestStraightDragDoesNotFire	action=pass	elapsed=0.000
test	partition=non-ui	package=github.com/frathe/picfetch/internal/wingesture	name=TestPerfectCircleDoesNotFire	action=pass	elapsed=0.000
test	partition=non-ui	package=github.com/frathe/picfetch/internal/wingesture	name=TestSingleTurnDoesNotFire	action=pass	elapsed=0.000
test	partition=non-ui	package=github.com/frathe/picfetch/internal/wingesture	name=TestIdleGapResetsTheGesture	action=pass	elapsed=0.000
test	partition=non-ui	package=github.com/frathe/picfetch/internal/wingesture	name=TestRepeatedIdenticalPositionsAreIgnored	action=pass	elapsed=0.000
test	partition=non-ui	package=github.com/frathe/picfetch/internal/wingesture	name=TestTinyJitterDoesNotFire	action=pass	elapsed=0.000
test	partition=non-ui	package=github.com/frathe/picfetch/internal/wingesture	name=TestFiresOnceThenResets	action=pass	elapsed=0.000
test	partition=non-ui	package=github.com/frathe/picfetch/internal/wingesture	name=TestResetDiscardsThePartialGesture	action=pass	elapsed=0.000
test	partition=non-ui	package=github.com/frathe/picfetch/internal/wingesture	name=TestRealClockwiseInwardDragFires	action=pass	elapsed=0.000
test	partition=non-ui	package=github.com/frathe/picfetch/internal/wingesture	name=TestRealCounterClockwiseInwardDragFires	action=pass	elapsed=0.000
test	partition=non-ui	package=github.com/frathe/picfetch/internal/wingesture	name=TestRealShortDragDoesNotFire	action=pass	elapsed=0.000
test	partition=non-ui	package=github.com/frathe/picfetch/internal/ui/favorites	name=TestManagePanelEmptyStateStillTakesTheKeyboard	action=pass	elapsed=0.040
test	partition=non-ui	package=github.com/frathe/picfetch/internal/ui/exifwin	name=TestStripButton_HiddenForAJPEGWithNoMetadata	action=pass	elapsed=0.050
test	partition=non-ui	package=github.com/frathe/picfetch/internal/ui/settingswin	name=TestMaxHeightEntry_InvalidTextIsIgnored	action=pass	elapsed=0.050
package	partition=non-ui	package=github.com/frathe/picfetch/internal/ui/spiral	action=pass	elapsed=1.200
test	partition=non-ui	package=github.com/frathe/picfetch/internal/ui/favorites	name=TestManagePanelIgnoresTypedRunes	action=pass	elapsed=0.040
test	partition=non-ui	package=github.com/frathe/picfetch/internal/ui/settingswin	name=TestImgCacheEntry_ValidChangeCallsSetMaxImageCacheMB	action=pass	elapsed=0.030
test	partition=non-ui	package=github.com/frathe/picfetch/internal/ui/exifwin	name=TestStripButton_ShownForAGPSJPEG	action=pass	elapsed=0.060
test	partition=non-ui	package=github.com/frathe/picfetch/internal/ui/favorites	name=TestManagePanelClickRunsItsOwnButtonAndMovesTheRing	action=pass	elapsed=0.040
test	partition=non-ui	package=github.com/frathe/picfetch/internal/ui/compare	name=TestShaderPaneRenderer_ClearCancelsActiveTileGeneration	action=pass	elapsed=0.370
test	partition=non-ui	package=github.com/frathe/picfetch/internal/ui/grid	name=TestHashRemaining_BackfillsPixelsForAlreadyHashedFiles	action=pass	elapsed=0.140
test	partition=non-ui	package=github.com/frathe/picfetch/internal/ui/grid	name=TestHashRemaining_DoesNotRequeueWhenHashAndPixelsExist	action=pass	elapsed=0.000
test	partition=non-ui	package=github.com/frathe/picfetch/internal/ui/settingswin	name=TestImgCacheEntry_AcceptsMaxMemoryMB	action=pass	elapsed=0.040
test	partition=non-ui	package=github.com/frathe/picfetch/internal/ui/exifwin	name=TestStripButton_DoesNotSpanTheWindow	action=pass	elapsed=0.050
test	partition=non-ui	package=github.com/frathe/picfetch/internal/ui/settingswin	name=TestThumbCacheEntry_ValidChangeCallsSetMaxThumbCacheMB	action=pass	elapsed=0.030
test	partition=non-ui	package=github.com/frathe/picfetch/internal/winpos	name=TestPoll_NonNativeWindowRecordsNothing	action=pass	elapsed=0.000
test	partition=non-ui	package=github.com/frathe/picfetch/internal/winpos	name=TestPoll_StopIsSafeToCallOnANonNativeWindow	action=pass	elapsed=0.000
package	partition=non-ui	package=github.com/frathe/picfetch/internal/ui/zoom	action=pass	elapsed=1.170
test	partition=non-ui	package=github.com/frathe/picfetch/internal/ui/settingswin	name=TestMaxFileSizeEntry_ValidChangeCallsSetMaxFileSizeMB	action=pass	elapsed=0.030
test	partition=non-ui	package=github.com/frathe/picfetch/internal/ui/exifwin	name=TestStripButton_HiddenForAPNG	action=pass	elapsed=0.050
test	partition=non-ui	package=github.com/frathe/picfetch/internal/winpos	name=TestPollAt_NonNativeWindowNeverCallsBack	action=pass	elapsed=0.050
test	partition=non-ui	package=github.com/frathe/picfetch/internal/winpos	name=TestPollAt_StopIsSafeToCallOnANonNativeWindow	action=pass	elapsed=0.000
test	partition=non-ui	package=github.com/frathe/picfetch/internal/winpos	name=TestPoller_StopDiscardsQueuedReadWithoutDrainingUI	action=pass	elapsed=0.000
test	partition=non-ui	package=github.com/frathe/picfetch/internal/winpos	name=TestPoller_StopDuringNativeReadWaitsForReadWithoutPublishing	action=pass	elapsed=0.000
test	partition=non-ui	package=github.com/frathe/picfetch/internal/winpos	name=TestPoller_StopWhileDispatchHeldExposesWorkerCompletion	action=pass	elapsed=0.000
test	partition=non-ui	package=github.com/frathe/picfetch/internal/winpos	name=TestPoller_StopBeforeTickPreventsAdmission	action=pass	elapsed=0.000
test	partition=non-ui	package=github.com/frathe/picfetch/internal/winpos	name=TestPoller_QueuedReadChecksStopWhileDispatchIsHeld	action=pass	elapsed=0.000
test	partition=non-ui	package=github.com/frathe/picfetch/internal/winpos	name=TestPoller_ChecksSkipOnUIAndPreservesSuccessfulReads	action=pass	elapsed=0.000
test	partition=non-ui	package=github.com/frathe/picfetch/internal/winpos	name=TestTracker_ZeroValueHasNothingRecorded	action=pass	elapsed=0.000
test	partition=non-ui	package=github.com/frathe/picfetch/internal/winpos	name=TestTracker_StoreThenGet	action=pass	elapsed=0.000
test	partition=non-ui	package=github.com/frathe/picfetch/internal/winpos	name=TestTracker_StoreKeepsNegativeCoordinates	action=pass	elapsed=0.000
test	partition=non-ui	package=github.com/frathe/picfetch/internal/winpos	name=TestTracker_FailedCaptureKeepsThePreviousReading	action=pass	elapsed=0.000
test	partition=non-ui	package=github.com/frathe/picfetch/internal/winpos	name=TestTracker_RestoreWithoutARecordingIsANoop	action=pass	elapsed=0.000
test	partition=non-ui	package=github.com/frathe/picfetch/internal/winpos	name=TestGet_NonNativeWindowReportsNotOK	action=pass	elapsed=0.000
test	partition=non-ui	package=github.com/frathe/picfetch/internal/winpos	name=TestSet_NonDesktopWindowDoesNotPanic	action=pass	elapsed=0.000
test	partition=non-ui	package=github.com/frathe/picfetch/internal/ui/settingswin	name=TestDupeDistSlider_ChangeCallsSetDuplicateDistance	action=pass	elapsed=0.030
test	partition=non-ui	package=github.com/frathe/picfetch/internal/ui/favorites	name=TestManagePanelScrollsTheRingBackIntoView	action=pass	elapsed=0.110
package	partition=non-ui	package=github.com/frathe/picfetch/internal/ui/copyselection	action=pass	elapsed=2.386
test	partition=non-ui	package=github.com/frathe/picfetch/internal/ui/grid	name=TestHashRemaining_FailedProbeRecordsZeroAndDoesNotRequeue	action=pass	elapsed=0.120
test	partition=non-ui	package=github.com/frathe/picfetch/internal/ui/grid	name=TestComputeDuplicateGroups_PicksHighestPixelCount	action=pass	elapsed=0.000
test	partition=non-ui	package=github.com/frathe/picfetch/internal/ui/grid	name=TestSetHideDuplicates_JumpsToHighestResolution	action=pass	elapsed=0.000
test	partition=non-ui	package=github.com/frathe/picfetch/internal/ui/exifwin	name=TestStripButton_HiddenWhenTheTagListIsEmpty	action=pass	elapsed=0.050
test	partition=non-ui	package=github.com/frathe/picfetch/internal/ui/grid	name=TestBeginInspect_ReportsMembersAndSkipsJump	action=pass	elapsed=0.010
test	partition=non-ui	package=github.com/frathe/picfetch/scripts/msixstage	name=TestRenderManifest_UsesStoreIdentityVersionAndArchitecture	action=pass	elapsed=0.000
test	partition=non-ui	package=github.com/frathe/picfetch/internal/ui/grid	name=TestJumpIfHiddenExtra_StillJumpsWhenNotInspecting	action=pass	elapsed=0.010
test	partition=non-ui	package=github.com/frathe/picfetch/scripts/msixstage	name=TestRenderManifest_MapsArm64AndRejectsUnsupportedArchitecture	action=pass	elapsed=0.000
test	partition=non-ui	package=github.com/frathe/picfetch/scripts/msixstage	name=TestRenderManifest_EmitsEverySupportedImageExtension	action=pass	elapsed=0.000
test	partition=non-ui	package=github.com/frathe/picfetch/scripts/msixstage	name=TestStoreVersion_UsesSemanticVersionAndStoreReservedRevision	action=pass	elapsed=0.000
test	partition=non-ui	package=github.com/frathe/picfetch/scripts/msixstage	name=TestReadAppMetadata	action=pass	elapsed=0.000
test	partition=non-ui	package=github.com/frathe/picfetch/internal/ui/grid	name=TestClose_ClearsInspectEvenWhenAlreadyHidden	action=pass	elapsed=0.010
test	partition=non-ui	package=github.com/frathe/picfetch/internal/ui/grid	name=TestToggleOpen_ClearsInspect	action=pass	elapsed=0.010
test	partition=non-ui	package=github.com/frathe/picfetch/internal/ui/favorites	name=TestShowManageBuildsEmptyAndPopulatedDialogs	action=pass	elapsed=0.050
test	partition=non-ui	package=github.com/frathe/picfetch/internal/ui/grid	name=TestClearInspect_StopsSkippingJump	action=pass	elapsed=0.010
test	partition=non-ui	package=github.com/frathe/picfetch/internal/ui/grid	name=TestHandleKey_ReturnFromBrowseCommitsExtra	action=pass	elapsed=0.010
test	partition=non-ui	package=github.com/frathe/picfetch/scripts/nativeguards	name=TestNativeSuitesSelectPlatformAndDistributionGuards	action=pass	elapsed=0.000
test	partition=non-ui	package=github.com/frathe/picfetch/internal/ui/grid	name=TestOnSelected_ClickFromBrowseCommitsExtra	action=pass	elapsed=0.010
test	partition=non-ui	package=github.com/frathe/picfetch/scripts/nativeguards	name=TestNativeRunnerListsMatchingTagsBeforeExecutingFullSuite	action=pass	elapsed=0.010
test	partition=non-ui	package=github.com/frathe/picfetch/scripts/nativeguards	name=TestNativeRunnerRejectsMissingInventoryBeforeExecution	action=pass	elapsed=0.000
test	partition=non-ui	package=github.com/frathe/picfetch/scripts/nativeguards	name=TestNativeEventsRejectMissingSkippedFailedOrMalformedEvidence	action=pass	elapsed=0.000
test	partition=non-ui	package=github.com/frathe/picfetch/scripts/nativeguards	name=TestNativeRunnerPreservesRawOutputAndProcessFailure	action=pass	elapsed=0.000
test	partition=non-ui	package=github.com/frathe/picfetch/internal/ui/grid	name=TestHandleKey_ReturnFromHideGridDoesNotInspect	action=pass	elapsed=0.010
test	partition=non-ui	package=github.com/frathe/picfetch/scripts/nativeguards	name=TestNativeCIExecutesAndRetainsEveryDeclaredSuite	action=pass	elapsed=0.000
test	partition=non-ui	package=github.com/frathe/picfetch/internal/ui/exifwin	name=TestStripButton_HiddenBarTakesNoHeightAfterNavigate	action=pass	elapsed=0.060
test	partition=non-ui	package=github.com/frathe/picfetch/internal/ui/grid	name=TestHandleKey_DNoopWhileBrowsing	action=pass	elapsed=0.010
test	partition=non-ui	package=github.com/frathe/picfetch/internal/ui/grid	name=TestFilesChanged_ClearsInspectWhenGroupDissolves	action=pass	elapsed=0.010
test	partition=non-ui	package=github.com/frathe/picfetch/internal/ui/favorites	name=TestShowManageRowsCarryTheMenuLabel	action=pass	elapsed=0.050
test	partition=non-ui	package=github.com/frathe/picfetch/internal/ui/settingswin	name=TestMemoryEntries_InvalidTextIsIgnored	action=pass	elapsed=0.110
test	partition=non-ui	package=github.com/frathe/picfetch/internal/ui/grid	name=TestFilesChanged_RetargetsInspectWhenCurrentStillGrouped	action=pass	elapsed=0.010
test	partition=ui-2	package=github.com/frathe/picfetch/internal/ui	name=TestActionsMenu_ShowVariantsSecondClickLeavesBrowse	action=pass	elapsed=1.160
test	partition=non-ui	package=github.com/frathe/picfetch/internal/ui/grid	name=TestFilesChanged_HideDuplicatesGroupingSurvivesDelete	action=pass	elapsed=0.010
package	partition=non-ui	package=github.com/frathe/picfetch/internal/wallpaper	action=pass	elapsed=1.108
test	partition=non-ui	package=github.com/frathe/picfetch/internal/ui/grid	name=TestFilesChanged_RequeuesUnfinishedHashesAfterReorder	action=pass	elapsed=0.010
test	partition=non-ui	package=github.com/frathe/picfetch/internal/ui/settingswin	name=TestOpen_ReflectsWindowLifecycle	action=pass	elapsed=0.030
test	partition=non-ui	package=github.com/frathe/picfetch/internal/ui/favorites	name=TestShowManageFocusesThePanelAndReleasesOnClose	action=pass	elapsed=0.040
test	partition=non-ui	package=github.com/frathe/picfetch/internal/ui/grid	name=TestFilesChanged_PreservesBrowsedSourceByIdentity	action=pass	elapsed=0.010
test	partition=non-ui	package=github.com/frathe/picfetch/internal/ui/mosaicwin	name=TestMosaicExport_CancelAndFailuresKeepPreview	action=pass	elapsed=0.500
test	partition=non-ui	package=github.com/frathe/picfetch/internal/ui/grid	name=TestGroupingRequestsLeaveUIAndReuseWarmSearch	action=pass	elapsed=0.010
test	partition=non-ui	package=github.com/frathe/picfetch/internal/ui/grid	name=TestGroupingSettleIncludesWorkerAndDelivery	action=pass	elapsed=0.000
test	partition=non-ui	package=github.com/frathe/picfetch/internal/ui/grid	name=TestGroupingQueuedResultCoalescesLatestInputs	action=pass	elapsed=0.000
test	partition=non-ui	package=github.com/frathe/picfetch/internal/ui/exifwin	name=TestStripButton_GainsHeightAfterNavigateToGPS	action=pass	elapsed=0.060
test	partition=non-ui	package=github.com/frathe/picfetch/internal/ui/grid	name=TestGroupingQueuedCompletionCancelledByCloseOrStop	action=pass	elapsed=0.000
test	partition=non-ui	package=github.com/frathe/picfetch/internal/ui/grid	name=TestGroupingSourceReplacementRejectsQueuedOldIndices	action=pass	elapsed=0.000
test	partition=non-ui	package=github.com/frathe/picfetch/internal/ui/grid	name=TestGroupingFactsBetweenInstallAndNotificationCannotSuppressNextResult	action=pass	elapsed=0.000
test	partition=non-ui	package=github.com/frathe/picfetch/internal/ui/grid	name=TestGroupingChangedRequestCancelsActiveComputation	action=pass	elapsed=0.000
test	partition=non-ui	package=github.com/frathe/picfetch/internal/ui/grid	name=TestGroupingEmptyDistanceChangeStartsNoBackgroundWork	action=pass	elapsed=0.000
test	partition=non-ui	package=github.com/frathe/picfetch/internal/ui/grid	name=TestToggle_NoFilesIsNoop	action=pass	elapsed=0.000
test	partition=non-ui	package=github.com/frathe/picfetch/internal/ui/grid	name=TestToggle_OpensAndCloses	action=pass	elapsed=0.000
test	partition=non-ui	package=github.com/frathe/picfetch/internal/ui/grid	name=TestToggle_StartsHighlightOnCurrentImage	action=pass	elapsed=0.000
test	partition=non-ui	package=github.com/frathe/picfetch/internal/ui/grid	name=TestClose_NoopWhenAlreadyClosed	action=pass	elapsed=0.000
test	partition=non-ui	package=github.com/frathe/picfetch/internal/ui/grid	name=TestClose_UnfocusesCanvas	action=pass	elapsed=0.000
test	partition=non-ui	package=github.com/frathe/picfetch/internal/ui/grid	name=TestToggle_KeyboardCursorStartsOnTheCurrentImage	action=pass	elapsed=0.000
test	partition=non-ui	package=github.com/frathe/picfetch/internal/ui/settingswin	name=TestRestoreGeometry_OpensAtTheSavedGeometry	action=pass	elapsed=0.030
test	partition=non-ui	package=github.com/frathe/picfetch/internal/ui/grid	name=TestClose_ClearsTheSearch	action=pass	elapsed=0.000
test	partition=non-ui	package=github.com/frathe/picfetch/internal/ui/grid	name=TestOverview_SetOnVisibilityChanged	action=pass	elapsed=0.000
test	partition=non-ui	package=github.com/frathe/picfetch/internal/ui/grid	name=TestOverview_SetOnVisibilityChanged_HandleKeyGFiresOnce	action=pass	elapsed=0.000
test	partition=non-ui	package=github.com/frathe/picfetch/internal/ui/grid	name=TestOverview_SetOnVisibilityChanged_ToggleWhileVisibleFiresOnce	action=pass	elapsed=0.000
test	partition=non-ui	package=github.com/frathe/picfetch/internal/ui/grid	name=TestOverview_SetOnVisibilityChanged_SetAfterOpenStillFires	action=pass	elapsed=0.000
test	partition=non-ui	package=github.com/frathe/picfetch/internal/ui/grid	name=TestOverview_SetOnVisibilityChanged_NoFilesDoesNotFire	action=pass	elapsed=0.000
test	partition=non-ui	package=github.com/frathe/picfetch/internal/ui/grid	name=TestBeginPass_ClearsHideApplyFloorWhenNothingInFlight	action=pass	elapsed=0.000
test	partition=non-ui	package=github.com/frathe/picfetch/internal/ui/grid	name=TestBeginPass_KeepsHideApplyFloorWhileJobsInFlight	action=pass	elapsed=0.000
test	partition=non-ui	package=github.com/frathe/picfetch/internal/ui/grid	name=TestRun_SkipsNilURI	action=pass	elapsed=0.000
test	partition=non-ui	package=github.com/frathe/picfetch/internal/ui/favorites	name=TestShowManageTwiceDoesNotStackDialogs	action=pass	elapsed=0.040
test	partition=non-ui	package=github.com/frathe/picfetch/scripts/plistdoctypes	name=TestRenderDocumentTypes_Golden	action=pass	elapsed=0.000
test	partition=non-ui	package=github.com/frathe/picfetch/scripts/plistdoctypes	name=TestRenderDocumentTypes_EveryExtensionEmitted	action=pass	elapsed=0.000
test	partition=non-ui	package=github.com/frathe/picfetch/scripts/plistdoctypes	name=TestContentTypeUTIs_ExtensionsAreAllSupported	action=pass	elapsed=0.000
test	partition=non-ui	package=github.com/frathe/picfetch/scripts/plistdoctypes	name=TestRenderDocumentTypes_DeclaresFolderType	action=pass	elapsed=0.000
test	partition=non-ui	package=github.com/frathe/picfetch/scripts/plistdoctypes	name=TestContentTypeList_DedupesPreservingOrder	action=pass	elapsed=0.000
test	partition=non-ui	package=github.com/frathe/picfetch/scripts/plistdoctypes	name=TestInsertDocumentTypes_RoundTripsValidXMLInsideTopLevelDict	action=pass	elapsed=0.000
test	partition=non-ui	package=github.com/frathe/picfetch/scripts/plistdoctypes	name=TestInsertDocumentTypes_ErrorsWhenAnchorMissing	action=pass	elapsed=0.000
test	partition=non-ui	package=github.com/frathe/picfetch/scripts/plistdoctypes	name=TestInsertDocumentTypes_ErrorsWhenDictMissingAfterAnchor	action=pass	elapsed=0.000
test	partition=non-ui	package=github.com/frathe/picfetch/scripts/plistdoctypes	name=TestInsertDocumentTypes_ErrorsWhenAlreadyPresent	action=pass	elapsed=0.000
test	partition=non-ui	package=github.com/frathe/picfetch/scripts/plistdoctypes	name=TestRun_Usage	action=pass	elapsed=0.000
test	partition=non-ui	package=github.com/frathe/picfetch/internal/ui/settingswin	name=TestGeometry_TracksAResizeAndOutlivesTheWindow	action=pass	elapsed=0.040
test	partition=non-ui	package=github.com/frathe/picfetch/internal/ui/settingswin	name=TestStopTracking_IsSafeWithNoWindowOpen	action=pass	elapsed=0.000
test	partition=non-ui	package=github.com/frathe/picfetch/scripts/plistdoctypes	name=TestRun_MissingFile	action=pass	elapsed=0.000
test	partition=non-ui	package=github.com/frathe/picfetch/scripts/plistdoctypes	name=TestRun_PatchesFileInPlace	action=pass	elapsed=0.000
test	partition=non-ui	package=github.com/frathe/picfetch/scripts/plistdoctypes	name=TestRun_FailsLoudlyOnSecondInvocation	action=pass	elapsed=0.000
test	partition=non-ui	package=github.com/frathe/picfetch/internal/ui/exifwin	name=TestStripButton_NorthRowFollowsVisibilityWithoutWindowResize	action=pass	elapsed=0.080
test	partition=non-ui	package=github.com/frathe/picfetch/internal/ui/grid	name=TestScrollFollower_CanvasScrollKeepsRingVisible	action=pass	elapsed=0.050
test	partition=non-ui	package=github.com/frathe/picfetch/internal/ui/favorites	name=TestManageIgnoresACloseFromASupersededDialog	action=pass	elapsed=0.050
test	partition=non-ui	package=github.com/frathe/picfetch/internal/ui/settingswin	name=TestShow_WithoutRestoreGeometryUsesTheBuiltInSize	action=pass	elapsed=0.040
test	partition=non-ui	package=github.com/frathe/picfetch/internal/ui/settingswin	name=TestNewPositiveIntEntry	action=pass	elapsed=0.010
test	partition=ui-2	package=github.com/frathe/picfetch/internal/ui	name=TestActionsMenu_RotateNoopsWithoutImage	action=pass	elapsed=0.150
test	partition=non-ui	package=github.com/frathe/picfetch/internal/ui/favorites	name=TestManageOpenHidesTheDialogAndOpensThatFavorite	action=pass	elapsed=0.050
test	partition=non-ui	package=github.com/frathe/picfetch/internal/ui/settingswin	name=TestSettingsTabs_GroupControlsAndOpenOnGeneral	action=pass	elapsed=0.030
test	partition=non-ui	package=github.com/frathe/picfetch/internal/ui/exifwin	name=TestStripButton_SitsAboveTheMap	action=pass	elapsed=0.060
test	partition=non-ui	package=github.com/frathe/picfetch/internal/ui/settingswin	name=TestUpdatesTab_ShowsCurrentVersionAndBuild	action=pass	elapsed=0.030
test	partition=non-ui	package=github.com/frathe/picfetch/internal/ui/mosaicwin	name=TestMosaicExport_FormatControlSelectsJPEG	action=pass	elapsed=0.170
package	partition=non-ui	package=github.com/frathe/picfetch/internal/wincom	action=pass	elapsed=1.057
test	partition=non-ui	package=github.com/frathe/picfetch/internal/ui/favorites	name=TestManageRemoveRaisesTheConfirmation	action=pass	elapsed=0.050
test	partition=non-ui	package=github.com/frathe/picfetch/internal/ui/exifwin	name=TestRequestStrip_CancelLeavesTheFileUnchanged	action=pass	elapsed=0.060
test	partition=non-ui	package=github.com/frathe/picfetch/internal/ui/settingswin	name=TestUpdatesTab_MicrosoftStoreOwnsUpdates	action=pass	elapsed=0.030
test	partition=non-ui	package=github.com/frathe/picfetch/internal/ui/favorites	name=TestManageConfirmationHandsTheKeyboardBack	action=pass	elapsed=0.050
test	partition=non-ui	package=github.com/frathe/picfetch/internal/ui/settingswin	name=TestUpdateNow_IsDirectlyBelowTheAutomaticCheckAndStartsOneFlow	action=pass	elapsed=0.030
package	partition=non-ui	package=github.com/frathe/picfetch/internal/ui/widgets	action=pass	elapsed=1.738
test	partition=non-ui	package=github.com/frathe/picfetch/scripts/releasenotes	name=TestRun_RequiresRepoRoot	action=pass	elapsed=0.010
test	partition=non-ui	package=github.com/frathe/picfetch/scripts/releasenotes	name=TestRun_Usage	action=pass	elapsed=0.000
test	partition=non-ui	package=github.com/frathe/picfetch/scripts/releasenotes	name=TestRun_WriteAndClearDone	action=pass	elapsed=0.000
test	partition=non-ui	package=github.com/frathe/picfetch/scripts/releasenotes	name=TestBuild_DropsEmptyCategoriesAndAppendsChangelog	action=pass	elapsed=0.000
test	partition=non-ui	package=github.com/frathe/picfetch/scripts/releasenotes	name=TestBuild_KeepsOnlyCategoriesWithItems	action=pass	elapsed=0.000
test	partition=non-ui	package=github.com/frathe/picfetch/scripts/releasenotes	name=TestBuild_RejectsEmptyDone	action=pass	elapsed=0.000
test	partition=non-ui	package=github.com/frathe/picfetch/scripts/releasenotes	name=TestBuild_MissingDone	action=pass	elapsed=0.000
test	partition=non-ui	package=github.com/frathe/picfetch/scripts/releasenotes	name=TestClearDone_KeepsSkeletonAndRestOfFile	action=pass	elapsed=0.000
test	partition=non-ui	package=github.com/frathe/picfetch/internal/ui/settingswin	name=TestSettingsContentFitsActualWindow	action=pass	elapsed=0.030
test	partition=non-ui	package=github.com/frathe/picfetch/internal/ui/exifwin	name=TestRequestStrip_ConfirmRemovesGPSAndCallsHost	action=pass	elapsed=0.070
test	partition=non-ui	package=github.com/frathe/picfetch/internal/ui/exifwin	name=TestRequestStrip_ErrorToastsAndLeavesTheFile	action=skip	elapsed=0.000
test	partition=non-ui	package=github.com/frathe/picfetch/internal/ui/favorites	name=TestManageConfirmationTakesTheKeyboardAndStartsOnCancel	action=pass	elapsed=0.050
test	partition=non-ui	package=github.com/frathe/picfetch/internal/ui/settingswin	name=TestUpdateDownloadProgress_SwitchesAndClamps	action=pass	elapsed=0.030
test	partition=ui-1	package=github.com/frathe/picfetch/internal/ui	name=TestActionsMenu_GridToggleDisablesRotateZoomInfo	action=pass	elapsed=1.360
test	partition=non-ui	package=github.com/frathe/picfetch/internal/ui/favorites	name=TestManageConfirmationOffersExactlyTwoButtons	action=pass	elapsed=0.050
test	partition=non-ui	package=github.com/frathe/picfetch/internal/ui/exifwin	name=TestRefresh_DismissesConfirmWhenTheFileChanges	action=pass	elapsed=0.060
test	partition=non-ui	package=github.com/frathe/picfetch/scripts/storepublish	name=TestExtractStoreArtifact	action=pass	elapsed=0.060
test	partition=non-ui	package=github.com/frathe/picfetch/internal/ui/settingswin	name=TestUpdateCurrentAndFailureRestoreControls	action=pass	elapsed=0.070
test	partition=non-ui	package=github.com/frathe/picfetch/internal/ui/favorites	name=TestManageConfirmationReturnOnCancelClosesWithoutRemoving	action=pass	elapsed=0.050
test	partition=non-ui	package=github.com/frathe/picfetch/internal/ui/compare	name=TestShaderPaneRenderer_StaleSourceCannotBindAndLatestSourceCompletes	action=pass	elapsed=0.630
test	partition=non-ui	package=github.com/frathe/picfetch/internal/ui/exifwin	name=TestWindow_SetOnClosedFiresWhenThePanelCloses	action=pass	elapsed=0.050
test	partition=non-ui	package=github.com/frathe/picfetch/internal/ui/settingswin	name=TestUpdateReady_LaterIsDefaultAndPerformIsSecond	action=pass	elapsed=0.030
package	partition=non-ui	package=github.com/frathe/picfetch/internal/uitest	action=pass	elapsed=1.563
test	partition=non-ui	package=github.com/frathe/picfetch/internal/ui/favorites	name=TestManageConfirmationEscapeClosesWithoutRemoving	action=pass	elapsed=0.050
test	partition=non-ui	package=github.com/frathe/picfetch/internal/ui/settingswin	name=TestUpdatePerformFailureShowsRecoverableError	action=pass	elapsed=0.040
test	partition=non-ui	package=github.com/frathe/picfetch/internal/ui/exifwin	name=TestWindow_SetOnClosedFiresWhenThePanelCloses_SetAfterShow	action=pass	elapsed=0.050
test	partition=non-ui	package=github.com/frathe/picfetch/scripts/msixstage	name=TestStage_CopiesExecutableAndRendersAssets	action=pass	elapsed=0.550
test	partition=non-ui	package=github.com/frathe/picfetch/scripts/msixstage	name=TestStoreListingAssets	action=pass	elapsed=0.010
test	partition=non-ui	package=github.com/frathe/picfetch/scripts/msixstage	name=TestMicrosoftStoreWorkflowAndBuildTarget	action=pass	elapsed=0.000
test	partition=non-ui	package=github.com/frathe/picfetch/scripts/msixstage	name=TestStoreWorkflowPublishingContract	action=pass	elapsed=0.000
test	partition=non-ui	package=github.com/frathe/picfetch/internal/ui/settingswin	name=TestUpdateCallbacksAfterSettingsCloseAreIgnored	action=pass	elapsed=0.030
test	partition=non-ui	package=github.com/frathe/picfetch/internal/ui/favorites	name=TestManageConfirmationRightThenReturnRemoves	action=pass	elapsed=0.050
test	partition=non-ui	package=github.com/frathe/picfetch/internal/ui/exifwin	name=TestWindow_CloseCancelsActiveTileReads	action=pass	elapsed=0.050
test	partition=non-ui	package=github.com/frathe/picfetch/internal/ui/settingswin	name=TestApply_PassesThePreviousSnapshot	action=pass	elapsed=0.030
test	partition=non-ui	package=github.com/frathe/picfetch/internal/ui/mosaicwin	name=TestMosaicExport_PNGAndJPEGDecodeAtExactTargetWithoutSourceMetadata	action=pass	elapsed=0.350
test	partition=non-ui	package=github.com/frathe/picfetch/internal/ui/favorites	name=TestPerformRemoveKeepsTheRingOnTheSameRow	action=pass	elapsed=0.050
test	partition=non-ui	package=github.com/frathe/picfetch/scripts/synctuf	name=TestRun_RequiresRepoRoot	action=pass	elapsed=0.000
test	partition=non-ui	package=github.com/frathe/picfetch/scripts/synctuf	name=TestRun_Usage	action=pass	elapsed=0.000
test	partition=non-ui	package=github.com/frathe/picfetch/internal/ui/favorites	name=TestPerformRemoveClampsTheRingWhenTheLastRowGoes	action=pass	elapsed=0.050
test	partition=non-ui	package=github.com/frathe/picfetch/internal/update	name=TestAwaitProcessExit_DeadPIDReturnsBeforeTheTimeout	action=pass	elapsed=1.140
test	partition=non-ui	package=github.com/frathe/picfetch/internal/ui/favorites	name=TestPerformRemoveLeavesNoRingOnTheEmptyList	action=pass	elapsed=0.040
test	partition=non-ui	package=github.com/frathe/picfetch/internal/ui/favorites	name=TestPerformRemoveTrashesDirectoryAndRefreshesMenu	action=pass	elapsed=0.000
test	partition=non-ui	package=github.com/frathe/picfetch/internal/ui/favorites	name=TestPerformRemoveRefreshesMenusExactlyOnce	action=pass	elapsed=0.000
test	partition=non-ui	package=github.com/frathe/picfetch/internal/ui/favorites	name=TestPerformRemoveReportsTrashError	action=pass	elapsed=0.000
test	partition=non-ui	package=github.com/frathe/picfetch/scripts/msixstage	name=TestWindowsToolchainWarmupUsesPackagingUser	action=pass	elapsed=0.180
test	partition=non-ui	package=github.com/frathe/picfetch/internal/ui/grid	name=TestScrollFollower_EdgeRows	action=pass	elapsed=0.560
test	partition=non-ui	package=github.com/frathe/picfetch/internal/ui/grid	name=TestScrollFollower_OnlyScrollInput	action=pass	elapsed=0.000
test	partition=non-ui	package=github.com/frathe/picfetch/internal/ui/favorites	name=TestPerformRemoveFailureLeavesTheDialogAsItWas	action=pass	elapsed=0.040
package	partition=non-ui	package=github.com/frathe/picfetch/internal/wingesture	action=pass	elapsed=1.063
test	partition=non-ui	package=github.com/frathe/picfetch/scripts/storepublish	name=TestStorePublishApproval	action=pass	elapsed=0.310
test	partition=non-ui	package=github.com/frathe/picfetch/internal/ui/mosaicwin	name=TestMosaicExport_CloseAndReopenRejectsLateCompletion	action=pass	elapsed=0.170
test	partition=non-ui	package=github.com/frathe/picfetch/internal/ui/compare	name=TestShaderPaneRenderer_ClearCancelsWorkAndCachedSourceIsReusable	action=pass	elapsed=0.320
test	partition=non-ui	package=github.com/frathe/picfetch/scripts/msixstage	name=TestPackagingToolsUseCurrentFyneCLI	action=pass	elapsed=0.060
test	partition=ui-3	package=github.com/frathe/picfetch/internal/ui	name=TestActionsMenu_SWithTwoFilesChecksCaptureDate	action=pass	elapsed=1.640
test	partition=non-ui	package=github.com/frathe/picfetch/internal/ui/exifwin	name=TestWindow_MapTransitionsCancelCapturedSession	action=pass	elapsed=0.240
test	partition=non-ui	package=github.com/frathe/picfetch/scripts/testshards	name=TestSummarize_ReportsInterleavedPackagesAndTopLevelTests	action=pass	elapsed=0.020
test	partition=non-ui	package=github.com/frathe/picfetch/scripts/testshards	name=TestSummarize_RejectsDuplicateTerminalOutcome	action=pass	elapsed=0.000
test	partition=non-ui	package=github.com/frathe/picfetch/scripts/testshards	name=TestSummarize_RejectsMissingTerminalOutcome	action=pass	elapsed=0.000
test	partition=non-ui	package=github.com/frathe/picfetch/scripts/testshards	name=TestSummarize_RejectsTopLevelTestAbsentFromRequiredRun	action=pass	elapsed=0.000
test	partition=non-ui	package=github.com/frathe/picfetch/scripts/testshards	name=TestSummarize_RejectsMalformedTruncatedAndEmptyInput	action=pass	elapsed=0.000
test	partition=non-ui	package=github.com/frathe/picfetch/scripts/testshards	name=TestSummarize_RejectsTerminalWithoutBeginning	action=pass	elapsed=0.000
test	partition=non-ui	package=github.com/frathe/picfetch/scripts/testshards	name=TestSummarize_RejectsTerminalWithoutElapsed	action=pass	elapsed=0.000
test	partition=non-ui	package=github.com/frathe/picfetch/scripts/testshards	name=TestSummarize_UsesMedianAndPreservesTerminalOutcomes	action=pass	elapsed=0.000
test	partition=non-ui	package=github.com/frathe/picfetch/scripts/testshards	name=TestPlan_UsesMedianLPTAndDeterministicTieBreaks	action=pass	elapsed=0.000
test	partition=non-ui	package=github.com/frathe/picfetch/scripts/testshards	name=TestPlan_ResolvesRelativePackageFromEventInventory	action=pass	elapsed=0.000
test	partition=non-ui	package=github.com/frathe/picfetch/scripts/testshards	name=TestPlan_RejectsNonPassingBaselineOutcome	action=pass	elapsed=0.000
test	partition=non-ui	package=github.com/frathe/picfetch/scripts/testshards	name=TestPlan_EqualDecimalLoadsPreferLowerShard	action=pass	elapsed=0.000
test	partition=non-ui	package=github.com/frathe/picfetch/scripts/testshards	name=TestRegex_ProducesExactGoCompatibleFilter	action=pass	elapsed=0.010
test	partition=non-ui	package=github.com/frathe/picfetch/scripts/testshards	name=TestRegex_ValidatesWholeManifestBeforeSelectingShard	action=pass	elapsed=0.000
test	partition=ui-1	package=github.com/frathe/picfetch/internal/ui	name=TestActionsMenu_ToggleInfoOverlay	action=pass	elapsed=0.480
test	partition=non-ui	package=github.com/frathe/picfetch/internal/ui/exifwin	name=TestWindow_OldWarmCannotRevealReopenedMap	action=pass	elapsed=0.090
test	partition=non-ui	package=github.com/frathe/picfetch/internal/ui/grid	name=TestScrollFollower_CanvasPointerRouting	action=pass	elapsed=0.170
test	partition=non-ui	package=github.com/frathe/picfetch/internal/ui/grid	name=TestNormRect_OrdersCorners	action=pass	elapsed=0.000
test	partition=non-ui	package=github.com/frathe/picfetch/internal/ui/grid	name=TestCellsIntersecting_PitchAndGaps	action=pass	elapsed=0.000
test	partition=non-ui	package=github.com/frathe/picfetch/internal/ui/grid	name=TestApplyMarquee_ReplacesTheSelection	action=pass	elapsed=0.000
test	partition=non-ui	package=github.com/frathe/picfetch/internal/ui/grid	name=TestApplyMarquee_AddUnionsWithTheSnapshot	action=pass	elapsed=0.000
test	partition=non-ui	package=github.com/frathe/picfetch/internal/ui/grid	name=TestApplyMarquee_UsesDisplayIndicesWhenFiltered	action=pass	elapsed=0.010
test	partition=non-ui	package=github.com/frathe/picfetch/internal/ui/grid	name=TestApplyMarquee_SetsTheAnchorToTheOriginCell	action=pass	elapsed=0.000
test	partition=non-ui	package=github.com/frathe/picfetch/internal/ui/grid	name=TestMarqueeDrag_SelectsWithoutOpening	action=pass	elapsed=0.000
test	partition=non-ui	package=github.com/frathe/picfetch/internal/ui/grid	name=TestMarqueeDrag_PlainClickPathUntouched	action=pass	elapsed=0.000
test	partition=non-ui	package=github.com/frathe/picfetch/internal/ui/grid	name=TestMarqueeCatcher_IsOnlyDraggable	action=pass	elapsed=0.000
test	partition=non-ui	package=github.com/frathe/picfetch/internal/ui/grid	name=TestMarqueeDrag_UsesScrollOffset	action=pass	elapsed=0.010
test	partition=non-ui	package=github.com/frathe/picfetch/internal/ui/grid	name=TestMarqueeDrag_ShiftUnionsAgainstMouseDownSet	action=pass	elapsed=0.000
package	partition=non-ui	package=github.com/frathe/picfetch/internal/winpos	action=pass	elapsed=1.156
test	partition=non-ui	package=github.com/frathe/picfetch/internal/ui/grid	name=TestEscape_CancelsAnInProgressMarquee	action=pass	elapsed=0.000
test	partition=non-ui	package=github.com/frathe/picfetch/internal/ui/grid	name=TestClose_DisarmsAnInProgressMarquee	action=pass	elapsed=0.000
test	partition=non-ui	package=github.com/frathe/picfetch/internal/ui/grid	name=TestHighlightChanged_ReportsTheFileUnderTheRing	action=pass	elapsed=0.000
test	partition=non-ui	package=github.com/frathe/picfetch/internal/ui/grid	name=TestHighlightChanged_ReportsTheHostIndexOfAFilteredCell	action=pass	elapsed=0.000
test	partition=non-ui	package=github.com/frathe/picfetch/internal/ui/grid	name=TestHighlightChanged_ReportsNoneWhenNothingMatches	action=pass	elapsed=0.000
test	partition=non-ui	package=github.com/frathe/picfetch/internal/ui/grid	name=TestHighlightChanged_SilentWhileClosed	action=pass	elapsed=0.000
test	partition=non-ui	package=github.com/frathe/picfetch/internal/ui/grid	name=TestHandleKey_EscapeAndGClose	action=pass	elapsed=0.000
test	partition=non-ui	package=github.com/frathe/picfetch/internal/update	name=TestAwaitProcessExit_LivePIDReturnsAtTheTimeout	action=pass	elapsed=0.300
test	partition=non-ui	package=github.com/frathe/picfetch/internal/ui/grid	name=TestHandleKey_ArrowMovesHighlight	action=pass	elapsed=0.000
test	partition=non-ui	package=github.com/frathe/picfetch/internal/update	name=TestAwaitProcessExit_ZeroTimeoutDoesNotWait	action=pass	elapsed=0.000
test	partition=non-ui	package=github.com/frathe/picfetch/internal/update	name=TestVerifyHash	action=pass	elapsed=0.000
test	partition=non-ui	package=github.com/frathe/picfetch/internal/update	name=TestVerifyHash_InvalidExpected	action=pass	elapsed=0.000
test	partition=non-ui	package=github.com/frathe/picfetch/internal/ui/exifwin	name=TestWindow_OldTileNoticeCannotChangeReopenedWindow	action=pass	elapsed=0.060
test	partition=non-ui	package=github.com/frathe/picfetch/internal/update	name=TestDownload	action=pass	elapsed=0.010
test	partition=non-ui	package=github.com/frathe/picfetch/internal/update	name=TestValidateStage_RejectsUnverifiedAndTamperedStages	action=pass	elapsed=0.010
test	partition=non-ui	package=github.com/frathe/picfetch/internal/update	name=TestStageMatchesRelease_RejectsDifferentVerifiedAssetIdentity	action=pass	elapsed=0.010
test	partition=non-ui	package=github.com/frathe/picfetch/internal/update	name=TestValidateStage_RejectsTamperedPlistAfterProvenanceRoundTrip	action=pass	elapsed=0.000
test	partition=non-ui	package=github.com/frathe/picfetch/internal/ui/grid	name=TestHandleKey_PageMovesHighlightByOneVisiblePage	action=pass	elapsed=0.030
test	partition=non-ui	package=github.com/frathe/picfetch/internal/update	name=TestDownloadWithProgress_KnownSize	action=pass	elapsed=0.000
test	partition=non-ui	package=github.com/frathe/picfetch/internal/update	name=TestDownloadWithProgress_UnknownSize	action=pass	elapsed=0.000
test	partition=non-ui	package=github.com/frathe/picfetch/scripts/storepublish	name=TestStorePublishNoteProvenance	action=pass	elapsed=0.250
test	partition=non-ui	package=github.com/frathe/picfetch/internal/update	name=TestReadArchive_UnknownSizeByteStepCoalescing	action=pass	elapsed=0.020
test	partition=non-ui	package=github.com/frathe/picfetch/internal/update	name=TestReadArchive_KnownSizePercentageCoalescing	action=pass	elapsed=0.000
test	partition=non-ui	package=github.com/frathe/picfetch/internal/update	name=TestReadArchive_ShortKnownResponseDoesNotClaimCompletion	action=pass	elapsed=0.000
test	partition=non-ui	package=github.com/frathe/picfetch/internal/update	name=TestReadArchive_EmptyHasInitialAndTerminal	action=pass	elapsed=0.000
test	partition=non-ui	package=github.com/frathe/picfetch/internal/update	name=TestReadArchive_NilProgress	action=pass	elapsed=0.000
test	partition=non-ui	package=github.com/frathe/picfetch/internal/update	name=TestDownloadWithProgress_CancellationHasNoTerminal	action=pass	elapsed=0.000
test	partition=non-ui	package=github.com/frathe/picfetch/internal/update	name=TestReadArchive_OversizeHasNoTerminal	action=pass	elapsed=0.000
test	partition=non-ui	package=github.com/frathe/picfetch/scripts/wingettag	name=TestValid	action=pass	elapsed=0.000
test	partition=non-ui	package=github.com/frathe/picfetch/internal/update	name=TestDownload_RefusesLinkArchiveEntries	action=pass	elapsed=0.010
test	partition=non-ui	package=github.com/frathe/picfetch/internal/update	name=TestDownload_WrongDigest	action=pass	elapsed=0.000
test	partition=non-ui	package=github.com/frathe/picfetch/internal/update	name=TestDownload_EmptyDigest	action=pass	elapsed=0.000
test	partition=non-ui	package=github.com/frathe/picfetch/internal/update	name=TestLoadStage_Missing	action=pass	elapsed=0.000
package	partition=non-ui	package=github.com/frathe/picfetch/scripts/nativeguards	action=pass	elapsed=1.076
test	partition=non-ui	package=github.com/frathe/picfetch/internal/ui/grid	name=TestHandleKey_PageMovesHighlightWhileSearching	action=pass	elapsed=0.050
test	partition=non-ui	package=github.com/frathe/picfetch/internal/update	name=TestExtract_MacOSApp	action=pass	elapsed=0.000
test	partition=non-ui	package=github.com/frathe/picfetch/internal/ui/grid	name=TestHover_MovesTheRingAndTheKeyboardCursor	action=pass	elapsed=0.000
test	partition=non-ui	package=github.com/frathe/picfetch/internal/update	name=TestSafeJoin	action=pass	elapsed=0.000
test	partition=non-ui	package=github.com/frathe/picfetch/internal/ui/grid	name=TestHover_OnTheHighlightedCellIsANoop	action=pass	elapsed=0.000
test	partition=non-ui	package=github.com/frathe/picfetch/internal/update	name=TestExtract_ZipSlipDotDot	action=pass	elapsed=0.000
test	partition=non-ui	package=github.com/frathe/picfetch/internal/ui/grid	name=TestHandleKey_LeftAtStartIsNoop	action=pass	elapsed=0.000
test	partition=non-ui	package=github.com/frathe/picfetch/internal/update	name=TestExtract_TarSlipDotDot	action=pass	elapsed=0.000
test	partition=non-ui	package=github.com/frathe/picfetch/internal/update	name=TestExtract_ZipSlipAbsolute	action=pass	elapsed=0.000
test	partition=non-ui	package=github.com/frathe/picfetch/internal/ui/grid	name=TestHandleKey_ReturnOpensHighlightedAndCloses	action=pass	elapsed=0.000
test	partition=non-ui	package=github.com/frathe/picfetch/internal/update	name=TestExtract_TarSlipAbsolute	action=pass	elapsed=0.000
test	partition=non-ui	package=github.com/frathe/picfetch/internal/update	name=TestExtract_LinuxTarball	action=pass	elapsed=0.000
test	partition=non-ui	package=github.com/frathe/picfetch/internal/ui/grid	name=TestHandleKey_ReturnOpensHostIndexOfFilteredCell	action=pass	elapsed=0.010
test	partition=non-ui	package=github.com/frathe/picfetch/internal/update	name=TestExtractTarEntry_NULTypeflag	action=pass	elapsed=0.000
test	partition=non-ui	package=github.com/frathe/picfetch/internal/update	name=TestExtract_WindowsZip	action=pass	elapsed=0.000
test	partition=non-ui	package=github.com/frathe/picfetch/internal/update	name=TestExtract_NoPayload	action=pass	elapsed=0.000
test	partition=non-ui	package=github.com/frathe/picfetch/internal/ui/grid	name=TestHandleKey_EscapeClearsSearchBeforeClosingTheGrid	action=pass	elapsed=0.000
test	partition=non-ui	package=github.com/frathe/picfetch/internal/update	name=TestCheck	action=pass	elapsed=0.000
test	partition=non-ui	package=github.com/frathe/picfetch/internal/update	name=TestCheck_SameTag	action=pass	elapsed=0.000
test	partition=non-ui	package=github.com/frathe/picfetch/internal/update	name=TestCheck_UnsupportedGOOS	action=pass	elapsed=0.000
test	partition=non-ui	package=github.com/frathe/picfetch/internal/ui/grid	name=TestHandleKey_BackspaceShortensTheQuery	action=pass	elapsed=0.000
test	partition=non-ui	package=github.com/frathe/picfetch/internal/update	name=TestCheck_Draft	action=pass	elapsed=0.000
test	partition=non-ui	package=github.com/frathe/picfetch/internal/update	name=TestCheck_Prerelease	action=pass	elapsed=0.000
test	partition=non-ui	package=github.com/frathe/picfetch/internal/update	name=TestCheck_MissingAsset	action=pass	elapsed=0.000
test	partition=non-ui	package=github.com/frathe/picfetch/internal/update	name=TestCheck_EmptyDigest	action=pass	elapsed=0.000
test	partition=non-ui	package=github.com/frathe/picfetch/internal/update	name=TestCheck_MissingDigest	action=pass	elapsed=0.000
test	partition=non-ui	package=github.com/frathe/picfetch/internal/ui/grid	name=TestHandleKey_BackspaceDeletesAWholeRune	action=pass	elapsed=0.000
test	partition=non-ui	package=github.com/frathe/picfetch/internal/ui/grid	name=TestHandleKey_BackspaceOnEmptyQueryStaysInSearch	action=pass	elapsed=0.000
test	partition=non-ui	package=github.com/frathe/picfetch/internal/ui/grid	name=TestHandleKey_GDoesNotCloseWhileSearching	action=pass	elapsed=0.000
test	partition=non-ui	package=github.com/frathe/picfetch/internal/update	name=TestCheck_InvalidDigest	action=pass	elapsed=0.010
test	partition=non-ui	package=github.com/frathe/picfetch/internal/ui/grid	name=TestHandleKey_VCloses	action=pass	elapsed=0.000
test	partition=non-ui	package=github.com/frathe/picfetch/internal/update	name=TestSwapBinary_HappyPath	action=pass	elapsed=0.000
test	partition=non-ui	package=github.com/frathe/picfetch/internal/update	name=TestSwapBinary_StaleBackupRemoveFailureIsIgnored	action=pass	elapsed=0.000
test	partition=non-ui	package=github.com/frathe/picfetch/internal/update	name=TestSwapBinary_RenameFailureIsNotRolledBack	action=pass	elapsed=0.000
test	partition=non-ui	package=github.com/frathe/picfetch/internal/update	name=TestSwapBinary_CopyFailureRestoresOriginal	action=pass	elapsed=0.000
test	partition=non-ui	package=github.com/frathe/picfetch/internal/ui/grid	name=TestHandleKey_VDoesNotCloseWhileSearching	action=pass	elapsed=0.000
test	partition=non-ui	package=github.com/frathe/picfetch/internal/ui/grid	name=TestHandleKey_ReturnWithNoMatchesOpensNothing	action=pass	elapsed=0.000
test	partition=non-ui	package=github.com/frathe/picfetch/internal/ui/grid	name=TestSetCellHighlighted	action=pass	elapsed=0.000
test	partition=non-ui	package=github.com/frathe/picfetch/internal/ui/grid	name=TestHandleRune_FilteringResetsTheKeyboardCursorToo	action=pass	elapsed=0.000
test	partition=non-ui	package=github.com/frathe/picfetch/internal/ui/grid	name=TestHandleRune_NoMatchesLeavesTheKeyboardCursorAlone	action=pass	elapsed=0.000
test	partition=non-ui	package=github.com/frathe/picfetch/internal/ui/grid	name=TestHandleRune_SlashOpensSearch	action=pass	elapsed=0.000
test	partition=non-ui	package=github.com/frathe/picfetch/internal/ui/grid	name=TestHandleRune_QueryFiltersToMatchingNames	action=pass	elapsed=0.010
test	partition=non-ui	package=github.com/frathe/picfetch/internal/ui/grid	name=TestHandleRune_MatchingIsCaseInsensitive	action=pass	elapsed=0.010
test	partition=non-ui	package=github.com/frathe/picfetch/internal/ui/grid	name=TestHandleRune_FilteringResetsHighlightToFirstMatch	action=pass	elapsed=0.000
test	partition=non-ui	package=github.com/frathe/picfetch/scripts/storepublish	name=TestStorePublishSubmission	action=pass	elapsed=0.110
test	partition=non-ui	package=github.com/frathe/picfetch/internal/ui/grid	name=TestHandleRune_NoMatchesShowsAnEmptyGrid	action=pass	elapsed=0.000
test	partition=non-ui	package=github.com/frathe/picfetch/internal/ui/grid	name=TestSearchBar_HiddenUntilSearchOpens	action=pass	elapsed=0.000
test	partition=non-ui	package=github.com/frathe/picfetch/internal/ui/grid	name=TestSearchBar_ShowsQueryAndMatchCount	action=pass	elapsed=0.000
test	partition=non-ui	package=github.com/frathe/picfetch/internal/ui/grid	name=TestSearchBar_EmptyNoticeOnlyWhenNothingMatches	action=pass	elapsed=0.000
test	partition=non-ui	package=github.com/frathe/picfetch/internal/ui/mosaicwin	name=TestMosaicExport_CancellationReportsOnlyCommittedDiskChanges	action=pass	elapsed=0.350
test	partition=non-ui	package=github.com/frathe/picfetch/internal/ui/grid	name=TestApplyVisibleFilter_TakesOneVisibilityReadPerPass	action=pass	elapsed=0.010
test	partition=non-ui	package=github.com/frathe/picfetch/internal/ui/grid	name=TestApplyVisibleFilter_NoFilterLeavesMatchesNil	action=pass	elapsed=0.000
test	partition=non-ui	package=github.com/frathe/picfetch/internal/ui/grid	name=TestApplyVisibleFilter_SearchOnly	action=pass	elapsed=0.000
test	partition=non-ui	package=github.com/frathe/picfetch/internal/ui/grid	name=TestApplyVisibleFilter_HideOnly	action=pass	elapsed=0.000
test	partition=non-ui	package=github.com/frathe/picfetch/internal/ui/grid	name=TestApplyVisibleFilter_BrowseOnly	action=pass	elapsed=0.000
test	partition=non-ui	package=github.com/frathe/picfetch/internal/ui/grid	name=TestApplyVisibleFilter_SearchAndHide	action=pass	elapsed=0.000
test	partition=non-ui	package=github.com/frathe/picfetch/internal/ui/grid	name=TestOnSelected_PlainClickStillOpensTheImage	action=pass	elapsed=0.000
test	partition=non-ui	package=github.com/frathe/picfetch/internal/ui/grid	name=TestOnSelected_ModifierClickSelectsWithoutOpening	action=pass	elapsed=0.000
test	partition=non-ui	package=github.com/frathe/picfetch/internal/ui/grid	name=TestOnSelected_ModifierClickHandsTheKeyboardBack	action=pass	elapsed=0.000
test	partition=non-ui	package=github.com/frathe/picfetch/internal/ui/grid	name=TestOnSelected_ShiftClickHandsTheKeyboardBack	action=pass	elapsed=0.000
test	partition=non-ui	package=github.com/frathe/picfetch/internal/ui/grid	name=TestOnSelected_ModifierClickTwiceDeselects	action=pass	elapsed=0.000
test	partition=non-ui	package=github.com/frathe/picfetch/internal/ui/grid	name=TestOnSelected_ShiftClickExtendsFromTheAnchor	action=pass	elapsed=0.000
test	partition=non-ui	package=github.com/frathe/picfetch/internal/ui/grid	name=TestOnSelected_ShiftClickExtendsBackwardsToo	action=pass	elapsed=0.000
test	partition=non-ui	package=github.com/frathe/picfetch/internal/ui/grid	name=TestOnSelected_ShiftClickWithNoAnchorPicksJustThatCell	action=pass	elapsed=0.000
package	partition=non-ui	package=github.com/frathe/picfetch/scripts/plistdoctypes	action=pass	elapsed=1.090
test	partition=non-ui	package=github.com/frathe/picfetch/internal/ui/grid	name=TestOnSelected_ShiftClickSpansTheFilteredSubsetOnly	action=pass	elapsed=0.010
test	partition=non-ui	package=github.com/frathe/picfetch/internal/ui/grid	name=TestHandleKey_SpaceTogglesTheHighlightedCell	action=pass	elapsed=0.000
test	partition=non-ui	package=github.com/frathe/picfetch/internal/ui/grid	name=TestHandleKey_SpaceIsAQueryCharacterWhileSearching	action=pass	elapsed=0.000
test	partition=non-ui	package=github.com/frathe/picfetch/internal/ui/grid	name=TestSelectAll_PicksEveryCell	action=pass	elapsed=0.000
test	partition=non-ui	package=github.com/frathe/picfetch/internal/ui/grid	name=TestSelectAll_PicksOnlyTheFilteredSubset	action=pass	elapsed=0.000
test	partition=non-ui	package=github.com/frathe/picfetch/internal/ui/grid	name=TestSelectionChanged_NotifiesAfterEveryPublicSelectionChange	action=pass	elapsed=0.000
test	partition=non-ui	package=github.com/frathe/picfetch/internal/ui/grid	name=TestHandleKey_EscapeClearsSelectionBeforeSearch	action=pass	elapsed=0.000
test	partition=non-ui	package=github.com/frathe/picfetch/internal/ui/grid	name=TestHandleKey_GIsInertWhileASelectionIsPending	action=pass	elapsed=0.000
test	partition=non-ui	package=github.com/frathe/picfetch/internal/ui/grid	name=TestHandleKey_VClosesWhileASelectionIsPending	action=pass	elapsed=0.000
test	partition=non-ui	package=github.com/frathe/picfetch/internal/ui/mosaicwin	name=TestMosaicWindow_IsSingletonAndSnapshotsInputs	action=pass	elapsed=0.060
test	partition=non-ui	package=github.com/frathe/picfetch/internal/ui/grid	name=TestSelection_SurvivesAFilterChange	action=pass	elapsed=0.000
test	partition=non-ui	package=github.com/frathe/picfetch/internal/ui/grid	name=TestClose_ClearsTheSelection	action=pass	elapsed=0.000
test	partition=non-ui	package=github.com/frathe/picfetch/internal/ui/grid	name=TestClearSelection_Empties	action=pass	elapsed=0.000
test	partition=non-ui	package=github.com/frathe/picfetch/internal/ui/grid	name=TestFilesChanged_ClearsTheSelectionAndClampsTheHighlight	action=pass	elapsed=0.010
test	partition=non-ui	package=github.com/frathe/picfetch/internal/ui/grid	name=TestResultIndexes_ReturnsEveryDrawnHostIndex	action=pass	elapsed=0.010
test	partition=non-ui	package=github.com/frathe/picfetch/internal/ui/grid	name=TestResultIndexes_IsIndependentOfSelectionAndHighlight	action=pass	elapsed=0.000
test	partition=non-ui	package=github.com/frathe/picfetch/internal/ui/grid	name=TestResultChanged_NotifiesOnlyAfterMembershipChanges	action=pass	elapsed=0.000
test	partition=non-ui	package=github.com/frathe/picfetch/internal/ui/grid	name=TestTargets_IsTheSelectionWhenThereIsOne	action=pass	elapsed=0.000
test	partition=non-ui	package=github.com/frathe/picfetch/internal/ui/grid	name=TestTargets_FallsBackToTheHighlightedCell	action=pass	elapsed=0.000
test	partition=non-ui	package=github.com/frathe/picfetch/internal/ui/grid	name=TestTargets_MapsTheHighlightThroughTheFilter	action=pass	elapsed=0.000
test	partition=non-ui	package=github.com/frathe/picfetch/internal/ui/grid	name=TestTargets_IsEmptyWithNothingLoaded	action=pass	elapsed=0.000
test	partition=non-ui	package=github.com/frathe/picfetch/internal/ui/grid	name=TestSetCellSelected_TogglesTheTint	action=pass	elapsed=0.000
test	partition=non-ui	package=github.com/frathe/picfetch/internal/ui/grid	name=TestRequestThumbnail_CacheHitAppliesSynchronously	action=pass	elapsed=0.000
test	partition=non-ui	package=github.com/frathe/picfetch/internal/ui/grid	name=TestRequestThumbnail_DecodesInBackgroundAndCaches	action=pass	elapsed=0.000
test	partition=non-ui	package=github.com/frathe/picfetch/internal/ui/grid	name=TestSetCacheBytes_RetunesTheThumbnailBudget	action=pass	elapsed=0.000
test	partition=non-ui	package=github.com/frathe/picfetch/internal/ui/grid	name=TestCachedThumb_MissesForUnstoredURI	action=pass	elapsed=0.000
test	partition=non-ui	package=github.com/frathe/picfetch/internal/ui/grid	name=TestStoreThumb_ThenCachedThumb_ReturnsWhatWasStored	action=pass	elapsed=0.000
test	partition=non-ui	package=github.com/frathe/picfetch/internal/ui/grid	name=TestStoreThumb_TooBigForBudgetIsRefused	action=pass	elapsed=0.000
test	partition=non-ui	package=github.com/frathe/picfetch/internal/ui/grid	name=TestThumbCacheFull_FalseUntilBudgetReached	action=pass	elapsed=0.000
test	partition=non-ui	package=github.com/frathe/picfetch/internal/ui/grid	name=TestStoreThumb_AloneDoesNotProtectTheHeadOfTheList	action=pass	elapsed=0.000
test	partition=non-ui	package=github.com/frathe/picfetch/internal/ui/grid	name=TestRequestThumbnail_OutOfRangeIDIsNoop	action=pass	elapsed=0.000
test	partition=non-ui	package=github.com/frathe/picfetch/internal/ui/grid	name=TestClaimRelease	action=pass	elapsed=0.000
test	partition=non-ui	package=github.com/frathe/picfetch/internal/ui/grid	name=TestRequestThumbnail_RecycledBeforeDecodeBailsAndReleases	action=pass	elapsed=0.000
test	partition=non-ui	package=github.com/frathe/picfetch/internal/ui/grid	name=TestRequestThumbnail_QueryChangeDiscardsInFlightDecode	action=pass	elapsed=0.000
test	partition=non-ui	package=github.com/frathe/picfetch/internal/ui/grid	name=TestStillWanted	action=pass	elapsed=0.000
test	partition=non-ui	package=github.com/frathe/picfetch/internal/ui/grid	name=TestRequestThumbnail_CloseAndStopCancelHeldRead	action=pass	elapsed=0.000
test	partition=non-ui	package=github.com/frathe/picfetch/internal/ui/grid	name=TestRequestThumbnail_CancelledSlotWaiterReleasesClaim	action=pass	elapsed=0.000
test	partition=non-ui	package=github.com/frathe/picfetch/internal/ui/grid	name=TestHashRemaining_CloseCancelsReadAndNativeBackfill	action=pass	elapsed=0.000
test	partition=non-ui	package=github.com/frathe/picfetch/internal/ui/grid	name=TestRequestThumbnail_ReopenKeepsNewClaimWhileOldReadStops	action=pass	elapsed=0.000
test	partition=non-ui	package=github.com/frathe/picfetch/internal/ui/grid	name=TestHashRemaining_ReopenFinishesNewPassBeforeOldReadReturns	action=pass	elapsed=0.000
test	partition=non-ui	package=github.com/frathe/picfetch/internal/ui/grid	name=TestGridWork_SourceChangeCancelsOldReadAndAllowsRetry	action=pass	elapsed=0.000
test	partition=non-ui	package=github.com/frathe/picfetch/internal/ui/grid	name=TestGridWork_StopPreventsFreshAdmission	action=pass	elapsed=0.000
test	partition=non-ui	package=github.com/frathe/picfetch/internal/ui/grid	name=TestGridWork_CloseDiscardsQueuedDelivery	action=pass	elapsed=0.000
test	partition=non-ui	package=github.com/frathe/picfetch/internal/ui/mosaicwin	name=TestMosaicControls_RejectInvalidSettings	action=pass	elapsed=0.060
test	partition=non-ui	package=github.com/frathe/picfetch/internal/ui/grid	name=TestToggle_ReopenResumesIncompleteHideAnalysis	action=pass	elapsed=0.010
test	partition=non-ui	package=github.com/frathe/picfetch/internal/ui/grid	name=TestDuplicateDistanceResumesIncompleteClosedHideAnalysis	action=pass	elapsed=0.000
test	partition=non-ui	package=github.com/frathe/picfetch/internal/ui/grid	name=TestDuplicateDistancePreservesPendingBrowse	action=pass	elapsed=0.000
test	partition=non-ui	package=github.com/frathe/picfetch/internal/ui/grid	name=TestHashRemaining_LatePartialDeliveryCannotReplaceFinalGroups	action=pass	elapsed=0.000
test	partition=non-ui	package=github.com/frathe/picfetch/internal/ui/grid	name=TestGridFacts_RejectOldReadsAcrossReplacementAndReset	action=pass	elapsed=0.010
test	partition=non-ui	package=github.com/frathe/picfetch/internal/ui/grid	name=TestGridFacts_ResetDiscardsQueuedDeliveryAndAllowsRetry	action=pass	elapsed=0.000
test	partition=non-ui	package=github.com/frathe/picfetch/internal/ui/grid	name=TestGridFacts_OldFailureCannotSuppressReplacementRetry	action=pass	elapsed=0.000
test	partition=non-ui	package=github.com/frathe/picfetch/internal/ui/grid	name=TestInvalidateContentDropsPixelsAndFactsWithoutResettingSelection	action=pass	elapsed=0.000
test	partition=non-ui	package=github.com/frathe/picfetch/internal/ui/grid	name=TestSetUIQueue_NilRestoresFyneQueue	action=pass	elapsed=0.000
test	partition=non-ui	package=github.com/frathe/picfetch/internal/update	name=TestSwapBinary_RestoreFailureReportsBoth	action=pass	elapsed=0.200
test	partition=non-ui	package=github.com/frathe/picfetch/internal/ui/exifwin	name=TestMetadataReadDiscardsHeldSourcesAcrossPanelChanges	action=pass	elapsed=0.320
package	partition=non-ui	package=github.com/frathe/picfetch/scripts/releasenotes	action=pass	elapsed=1.071
test	partition=non-ui	package=github.com/frathe/picfetch/internal/update	name=TestSwapBinary_RestoreRetriesTheRename	action=pass	elapsed=0.100
test	partition=ui-2	package=github.com/frathe/picfetch/internal/ui	name=TestActionsMenu_RotateNoopsWhileGridVisible	action=pass	elapsed=1.170
test	partition=non-ui	package=github.com/frathe/picfetch/scripts/storepublish	name=TestStorePublishRecovery	action=pass	elapsed=0.320
test	partition=non-ui	package=github.com/frathe/picfetch/internal/ui/exifwin	name=TestMetadataResultsApplyOnceOnUIAndRejectQueuedOldData	action=pass	elapsed=0.210
test	partition=ui-2	package=github.com/frathe/picfetch/internal/ui	name=TestActionsMenu_MergeToggleChecksItem	action=pass	elapsed=0.140
test	partition=non-ui	package=github.com/frathe/picfetch/internal/ui/compare	name=TestCompareSettle_DrainsShaderTilesAndSwapReusesSourceCaches	action=pass	elapsed=0.780
test	partition=non-ui	package=github.com/frathe/picfetch/internal/update	name=TestSwapBinary_RestoreFallsBackToCopyingTheBackup	action=pass	elapsed=0.200
test	partition=non-ui	package=github.com/frathe/picfetch/internal/update	name=TestSwapBinary_VerifyMismatchRollsBack	action=pass	elapsed=0.000
test	partition=non-ui	package=github.com/frathe/picfetch/internal/update	name=TestSwapBinary_VerifyErrorRollsBack	action=pass	elapsed=0.000
package	partition=non-ui	package=github.com/frathe/picfetch/internal/ui/settingswin	action=pass	elapsed=3.060
package	partition=non-ui	package=github.com/frathe/picfetch/scripts/synctuf	action=pass	elapsed=1.120
test	partition=non-ui	package=github.com/frathe/picfetch/scripts/storepublish	name=TestStorePublishReadOnlyPricing	action=pass	elapsed=0.200
test	partition=non-ui	package=github.com/frathe/picfetch/internal/ui/exifwin	name=TestMetadataRemovalSupersedesReadAndRefreshesExactlyOnce	action=pass	elapsed=0.190
test	partition=non-ui	package=github.com/frathe/picfetch/internal/ui/exifwin	name=TestMetadataReadLeavesQueuedWindowInputResponsive	action=pass	elapsed=0.050
package	partition=non-ui	package=github.com/frathe/picfetch/internal/ui/favorites	action=pass	elapsed=4.073
test	partition=non-ui	package=github.com/frathe/picfetch/internal/update	name=TestSwapBinary_VerifyRestoreFailureReportsBoth	action=pass	elapsed=0.200
test	partition=non-ui	package=github.com/frathe/picfetch/internal/update	name=TestSwapBinary_RelaunchOnlyAfterSuccessfulVerify	action=pass	elapsed=0.000
test	partition=non-ui	package=github.com/frathe/picfetch/internal/update	name=TestSwapBinary_RelaunchRunsAfterVerify	action=pass	elapsed=0.000
test	partition=non-ui	package=github.com/frathe/picfetch/internal/update	name=TestSwapBinary_RelaunchFailureIsReported	action=pass	elapsed=0.000
test	partition=non-ui	package=github.com/frathe/picfetch/internal/update	name=TestSwapBinary_DefaultOpsInstallTheStagedBytes	action=pass	elapsed=0.000
test	partition=non-ui	package=github.com/frathe/picfetch/internal/update	name=TestDefaultBinaryOps_BindsEveryFieldToItsOwnOperation	action=pass	elapsed=0.000
test	partition=non-ui	package=github.com/frathe/picfetch/internal/update	name=TestDefaultBinaryOps_RelaunchIsTheInjectedStarter	action=pass	elapsed=0.000
test	partition=non-ui	package=github.com/frathe/picfetch/internal/update	name=TestCheckEmbeddedRoot_Expired	action=pass	elapsed=0.000
test	partition=non-ui	package=github.com/frathe/picfetch/internal/update	name=TestCheckEmbeddedRoot_ExpiresIn59Days	action=pass	elapsed=0.000
test	partition=non-ui	package=github.com/frathe/picfetch/internal/update	name=TestCheckEmbeddedRoot_ExpiresIn61Days	action=pass	elapsed=0.000
test	partition=non-ui	package=github.com/frathe/picfetch/internal/update	name=TestCheckEmbeddedRoot_MissingExpires	action=pass	elapsed=0.000
test	partition=non-ui	package=github.com/frathe/picfetch/internal/update	name=TestCheckEmbeddedRoot_BadJSON	action=pass	elapsed=0.000
test	partition=ui-2	package=github.com/frathe/picfetch/internal/ui	name=TestActionsMenu_InfoToggleChecksItem	action=pass	elapsed=0.290
test	partition=non-ui	package=github.com/frathe/picfetch/internal/update	name=TestSyncGitHubRoot_UnsignedNewerLeftUnchanged	action=pass	elapsed=0.030
test	partition=non-ui	package=github.com/frathe/picfetch/internal/ui/exifwin	name=TestMetadataRemovalLeavesQueuedWindowInputResponsive	action=pass	elapsed=0.080
test	partition=non-ui	package=github.com/frathe/picfetch/internal/update	name=TestSyncGitHubRoot_WrongKeyNewerLeftUnchanged	action=pass	elapsed=0.020
test	partition=non-ui	package=github.com/frathe/picfetch/internal/ui/mosaicwin	name=TestMosaicControlsRotationAndOverlap	action=pass	elapsed=0.610
test	partition=non-ui	package=github.com/frathe/picfetch/internal/update	name=TestSyncGitHubRoot_VerifiedNewerReplacesDest	action=pass	elapsed=0.040
test	partition=non-ui	package=github.com/frathe/picfetch/scripts/wingettag	name=TestPatternMatchesBashERE	action=pass	elapsed=0.880
test	partition=non-ui	package=github.com/frathe/picfetch/internal/update	name=TestSyncGitHubRoot_AlreadyLatestUnchanged	action=pass	elapsed=0.020
test	partition=non-ui	package=github.com/frathe/picfetch/scripts/wingettag	name=TestWorkflowGatesUntrustedReleaseTag	action=pass	elapsed=0.000
test	partition=non-ui	package=github.com/frathe/picfetch/internal/update	name=TestSyncGitHubRoot_RefusesExpiredLatest	action=pass	elapsed=0.020
test	partition=non-ui	package=github.com/frathe/picfetch/internal/update	name=TestAssetName	action=pass	elapsed=0.000
test	partition=non-ui	package=github.com/frathe/picfetch/internal/update	name=TestNewer	action=pass	elapsed=0.000
test	partition=non-ui	package=github.com/frathe/picfetch/internal/update	name=TestDue	action=pass	elapsed=0.000
test	partition=non-ui	package=github.com/frathe/picfetch/internal/update	name=TestDayStringUsesLocalDate	action=pass	elapsed=0.000
test	partition=non-ui	package=github.com/frathe/picfetch/internal/update	name=TestNormalizeVersion	action=pass	elapsed=0.000
test	partition=non-ui	package=github.com/frathe/picfetch/internal/update	name=TestDownloadPageURL_IsAParseableLinkToTheProjectSite	action=pass	elapsed=0.000
test	partition=non-ui	package=github.com/frathe/picfetch/scripts/storepublish	name=TestStorePublishPricingFlagStates	action=pass	elapsed=0.330
test	partition=non-ui	package=github.com/frathe/picfetch/internal/ui/mosaicwin	name=TestMosaicControlsLayout	action=pass	elapsed=0.280
package	partition=non-ui	package=github.com/frathe/picfetch/internal/ui/grid	action=pass	elapsed=4.487
test	partition=non-ui	package=github.com/frathe/picfetch/scripts/storepublish	name=TestStorePublishPricingDrift	action=pass	elapsed=0.380
test	partition=non-ui	package=github.com/frathe/picfetch/scripts/storepublish	name=TestStorePublishPendingDiagnostics	action=pass	elapsed=0.030
test	partition=non-ui	package=github.com/frathe/picfetch/internal/ui/exifwin	name=TestMetadataRemovalCancellationDistinguishesCommittedDiskChanges	action=pass	elapsed=0.620
test	partition=ui-1	package=github.com/frathe/picfetch/internal/ui	name=TestActionsMenu_SortItemJumpsWithoutCycling	action=pass	elapsed=1.580
test	partition=non-ui	package=github.com/frathe/picfetch/internal/ui/exifwin	name=TestMetadataRemovalBusyErrorDeliveryAndRetry	action=pass	elapsed=0.080
test	partition=non-ui	package=github.com/frathe/picfetch/internal/ui/exifwin	name=TestRoundTrip_AnswersAMissImmediatelyAndFetchesInTheBackground	action=pass	elapsed=0.010
test	partition=non-ui	package=github.com/frathe/picfetch/internal/ui/exifwin	name=TestRoundTrip_DownloadsATileOnlyOnce	action=pass	elapsed=0.010
test	partition=non-ui	package=github.com/frathe/picfetch/internal/ui/exifwin	name=TestWarm_DownloadsTheBlockAroundTheLocationOnce	action=pass	elapsed=0.000
test	partition=non-ui	package=github.com/frathe/picfetch/internal/ui/exifwin	name=TestOnChange_ReportsABackgroundBatchButNotAPrefetch	action=pass	elapsed=0.000
test	partition=non-ui	package=github.com/frathe/picfetch/internal/ui/exifwin	name=TestFetch_FailedTileIsRetriedOnlyAfterTheBackoff	action=pass	elapsed=0.000
test	partition=non-ui	package=github.com/frathe/picfetch/internal/ui/exifwin	name=TestNeighborhood_ClampsToTheEdgeOfTheWorld	action=pass	elapsed=0.000
test	partition=non-ui	package=github.com/frathe/picfetch/internal/ui/exifwin	name=TestTileXY	action=pass	elapsed=0.000
test	partition=non-ui	package=github.com/frathe/picfetch/internal/ui/exifwin	name=TestTileLogFilter	action=pass	elapsed=0.000
test	partition=non-ui	package=github.com/frathe/picfetch/internal/ui/exifwin	name=TestTileLogFilter_SwallowsARealLogErrorCall	action=pass	elapsed=0.000
test	partition=non-ui	package=github.com/frathe/picfetch/internal/ui/exifwin	name=TestNewTileFetcher_InstallsTheLogFilter	action=pass	elapsed=0.000
test	partition=non-ui	package=github.com/frathe/picfetch/internal/ui/exifwin	name=TestTileFetcher_OverlappingWarmAndForegroundShareBounds	action=pass	elapsed=0.010
test	partition=non-ui	package=github.com/frathe/picfetch/internal/ui/exifwin	name=TestTileFetcher_CancelReleasesQueueAndWarmCapacityWaiter	action=pass	elapsed=0.000
test	partition=non-ui	package=github.com/frathe/picfetch/internal/ui/compare	name=TestCompareSwap_DuringTileWorkReusesCompletedSourceCache	action=pass	elapsed=1.010
test	partition=non-ui	package=github.com/frathe/picfetch/internal/ui/compare	name=TestCompareOverlay_ClosedSurfaceDoesNotChangeHostMinimumSize	action=pass	elapsed=0.030
test	partition=non-ui	package=github.com/frathe/picfetch/scripts/storepublish	name=TestStorePublishPendingDiagnosticBounds	action=pass	elapsed=0.260
test	partition=non-ui	package=github.com/frathe/picfetch/internal/ui/compare	name=TestCompareOverlay_OpensImmediatelyAndBackExitsWhileLoading	action=pass	elapsed=0.040
test	partition=non-ui	package=github.com/frathe/picfetch/internal/ui/exifwin	name=TestTileFetcher_FailureCapacityAndExpiry	action=pass	elapsed=0.090
test	partition=non-ui	package=github.com/frathe/picfetch/internal/ui/exifwin	name=TestTileFetcher_OldCompletionPreservesReplacementClaim	action=pass	elapsed=0.010
test	partition=non-ui	package=github.com/frathe/picfetch/internal/ui/exifwin	name=TestTileFetcher_WaitIncludesActiveNotice	action=pass	elapsed=0.000
test	partition=non-ui	package=github.com/frathe/picfetch/internal/ui/exifwin	name=TestTileFetcher_CancelStopsBlockedWarmSubmission	action=pass	elapsed=0.000
test	partition=non-ui	package=github.com/frathe/picfetch/internal/ui/exifwin	name=TestTileFetcher_ForegroundJoinsWarmJob	action=pass	elapsed=0.000
test	partition=non-ui	package=github.com/frathe/picfetch/internal/ui/exifwin	name=TestTileFetcher_ObsoleteActiveRequestDoesNotKeepCurrentLoading	action=pass	elapsed=0.000
test	partition=non-ui	package=github.com/frathe/picfetch/internal/ui/compare	name=TestCompareToolbar_SwapIsPermanentAndReadyGated	action=pass	elapsed=0.040
test	partition=ui-3	package=github.com/frathe/picfetch/internal/ui	name=TestActionsMenu_CloseFiles	action=pass	elapsed=1.910
test	partition=non-ui	package=github.com/frathe/picfetch/internal/ui/compare	name=TestCompareLinkControl_TopLeftCardAndReadyGate	action=pass	elapsed=0.040
test	partition=non-ui	package=github.com/frathe/picfetch/internal/ui/compare	name=TestCompareSwipeToggle_PermanentReadyGatedAndRelabels	action=pass	elapsed=0.040
test	partition=ui-2	package=github.com/frathe/picfetch/internal/ui	name=TestActionsMenu_CopyPathWritesClipboard	action=pass	elapsed=1.000
package	partition=non-ui	package=github.com/frathe/picfetch/scripts/wingettag	action=pass	elapsed=1.960
package	partition=non-ui	package=github.com/frathe/picfetch/internal/update	action=pass	elapsed=3.968
test	partition=non-ui	package=github.com/frathe/picfetch/scripts/storepublish	name=TestStorePublishStatus	action=pass	elapsed=0.400
test	partition=non-ui	package=github.com/frathe/picfetch/scripts/storepublish	name=TestStorePublishBundleVersions	action=pass	elapsed=0.100
test	partition=non-ui	package=github.com/frathe/picfetch/internal/ui/mosaicwin	name=TestMosaicControlsShelfHidesRotationAndRestoresRandom	action=pass	elapsed=1.010
test	partition=non-ui	package=github.com/frathe/picfetch/internal/ui/mosaicwin	name=TestMosaicControlsDirectSettingsSyncShelfRotation	action=pass	elapsed=0.070
test	partition=non-ui	package=github.com/frathe/picfetch/scripts/storepublish	name=TestStorePublishReconcile	action=pass	elapsed=0.080
test	partition=non-ui	package=github.com/frathe/picfetch/scripts/storepublish	name=TestStorePublishReadOnly	action=pass	elapsed=0.010
test	partition=non-ui	package=github.com/frathe/picfetch/scripts/storepublish	name=TestStorePublishAdmission	action=pass	elapsed=0.170
test	partition=non-ui	package=github.com/frathe/picfetch/scripts/storepublish	name=TestStorePublishNotes	action=pass	elapsed=0.020
test	partition=non-ui	package=github.com/frathe/picfetch/scripts/storepublish	name=TestStorePublishGitHub	action=pass	elapsed=0.020
test	partition=non-ui	package=github.com/frathe/picfetch/scripts/testshards	name=TestCheck_UsesBuildSelectedTopLevelInventory	action=pass	elapsed=2.590
test	partition=non-ui	package=github.com/frathe/picfetch/internal/mosaic	name=TestGenerate_PreparationBudget	action=pass	elapsed=6.260
test	partition=ui-1	package=github.com/frathe/picfetch/internal/ui	name=TestActionsMenu_ShowVariantsNoopsWhileHideOff	action=pass	elapsed=1.020
test	partition=non-ui	package=github.com/frathe/picfetch/internal/ui/compare	name=TestCompareSwipeLayout_UsesAlignedFullViewportImagesAndKeepsChrome	action=pass	elapsed=0.780
test	partition=non-ui	package=github.com/frathe/picfetch/internal/ui/mosaicwin	name=TestMosaicConfiguration_OpensEnabledAndRespondsToPointerInput	action=pass	elapsed=0.350
test	partition=non-ui	package=github.com/frathe/picfetch/internal/ui/mosaicwin	name=TestMosaicConfiguration_AdvancedOwnsAllVisualSettings	action=pass	elapsed=0.060
package	partition=non-ui	package=github.com/frathe/picfetch/internal/ui/exifwin	action=pass	elapsed=6.006
test	partition=non-ui	package=github.com/frathe/picfetch/internal/ui/compare	name=TestCompareSwipeUnlinkedCanvasRoutesPointerByReveal	action=pass	elapsed=0.190
test	partition=non-ui	package=github.com/frathe/picfetch/internal/ui/mosaicwin	name=TestMosaicAccessibleControls_RedrawAsEnabledAfterInitialDisabledRender	action=pass	elapsed=0.150
test	partition=non-ui	package=github.com/frathe/picfetch/internal/ui/mosaicwin	name=TestMosaicAccessibility_InteractiveControlsHaveMeaningfulNames	action=pass	elapsed=0.050
test	partition=non-ui	package=github.com/frathe/picfetch/internal/ui/compare	name=TestCompareSwipeUnlinkedRightWheelPreservesViewportAnchor	action=pass	elapsed=0.170
test	partition=non-ui	package=github.com/frathe/picfetch/internal/ui/mosaicwin	name=TestMosaicKeyboard_ConfigAdvancedAndPreviewOrder	action=pass	elapsed=0.150
test	partition=ui-2	package=github.com/frathe/picfetch/internal/ui	name=TestActionsMenu_WallpaperSetsDesktop	action=pass	elapsed=1.200
test	partition=non-ui	package=github.com/frathe/picfetch/internal/ui/compare	name=TestCompareSwipePointer_DividerDragChangesRevealWithoutPanning	action=pass	elapsed=0.180
test	partition=non-ui	package=github.com/frathe/picfetch/internal/ui/mosaicwin	name=TestMosaicKeyboard_EnterAndSpaceReachEveryPreviewAction	action=pass	elapsed=0.310
test	partition=non-ui	package=github.com/frathe/picfetch/internal/ui/mosaicwin	name=TestMosaicKeyboard_EscapeCancelsBusyThenCloses	action=pass	elapsed=0.070
test	partition=non-ui	package=github.com/frathe/picfetch/internal/ui/mosaicwin	name=TestMosaicCancel_IdleClosesConfigurationWindow	action=pass	elapsed=0.060
package	partition=non-ui	package=github.com/frathe/picfetch/scripts/storepublish	action=pass	elapsed=4.106
test	partition=non-ui	package=github.com/frathe/picfetch/internal/ui/compare	name=TestCompareSwipePointer_DividerDragDoesNotRefreshStaticContent	action=pass	elapsed=0.440
test	partition=non-ui	package=github.com/frathe/picfetch/internal/ui/mosaicwin	name=TestMosaicTarget_IdenticalDisplaysRemainIndividuallySelectable	action=pass	elapsed=0.170
test	partition=ui-1	package=github.com/frathe/picfetch/internal/ui	name=TestActionsMenu_InfoNoopsWhileGridVisible	action=pass	elapsed=1.110
test	partition=non-ui	package=github.com/frathe/picfetch/internal/ui/mosaicwin	name=TestMosaicTarget_RefreshRequiresNewChoiceAfterRemoval	action=pass	elapsed=0.080
test	partition=non-ui	package=github.com/frathe/picfetch/internal/ui/mosaicwin	name=TestMosaicFailure_RefreshDisplaysLogsAndKeepsStatus	action=pass	elapsed=0.070
test	partition=non-ui	package=github.com/frathe/picfetch/internal/ui/mosaicwin	name=TestMosaicTarget_RefreshesDisplayNativePixelSizeAtGenerate	action=pass	elapsed=0.080
test	partition=non-ui	package=github.com/frathe/picfetch/internal/ui/mosaicwin	name=TestMosaicTarget_GenerateRejectsDisplayRemovedSinceOpen	action=pass	elapsed=0.070
test	partition=non-ui	package=github.com/frathe/picfetch/internal/ui/compare	name=TestCompareInteraction_PanAndZoomDoNotRepaintOwner	action=pass	elapsed=0.460
test	partition=non-ui	package=github.com/frathe/picfetch/internal/ui/mosaicwin	name=TestMosaicTarget_CannotRetargetOrRefreshWhileGenerationIsBusy	action=pass	elapsed=0.130
test	partition=non-ui	package=github.com/frathe/picfetch/internal/ui/compare	name=TestCompareDividerKeys_StepClampAndNoopSideBySide	action=pass	elapsed=0.040
test	partition=non-ui	package=github.com/frathe/picfetch/internal/ui/compare	name=TestCompareLinkToggle_DividerDragDoesNotRelinkPanes	action=pass	elapsed=0.040
test	partition=non-ui	package=github.com/frathe/picfetch/internal/ui/mosaicwin	name=TestMosaicGeometry_RestoresAndOutlivesClose	action=pass	elapsed=0.060
test	partition=non-ui	package=github.com/frathe/picfetch/internal/ui/mosaicwin	name=TestMosaicGenerate_DoesNotBlockAndPublishesPreview	action=pass	elapsed=0.130
test	partition=ui-2	package=github.com/frathe/picfetch/internal/ui	name=TestViewerShow_NavigatingAwayStopsAnimation	action=pass	elapsed=1.200
test	partition=non-ui	package=github.com/frathe/picfetch/internal/ui/compare	name=TestCompareLayoutToggle_PreservesCameraAcrossRoundTripsAndDivider	action=pass	elapsed=0.170
test	partition=non-ui	package=github.com/frathe/picfetch/internal/ui/compare	name=TestCompareLayoutTransition_PreservesPhotoAndCameraStateOnRoundTrip	action=pass	elapsed=0.180
test	partition=ui-1	package=github.com/frathe/picfetch/internal/ui	name=TestActionsMenu_CopyImageUsesStub	action=pass	elapsed=1.020
test	partition=non-ui	package=github.com/frathe/picfetch/internal/ui/compare	name=TestCompareResize_PreservesPhotoAndCameraStateOnRoundTrip	action=pass	elapsed=0.360
test	partition=ui-1	package=github.com/frathe/picfetch/internal/ui	name=TestActionsMenu_WallpaperNoopsWithoutImage	action=pass	elapsed=0.160
test	partition=non-ui	package=github.com/frathe/picfetch/scripts/msixstage	name=TestCrossPackagingUsesReviewedInputs	action=pass	elapsed=5.020
test	partition=non-ui	package=github.com/frathe/picfetch/internal/ui/mosaicwin	name=TestMosaicStartOver_ReturnsToSettingsForAnotherDisplay	action=pass	elapsed=0.720
test	partition=non-ui	package=github.com/frathe/picfetch/internal/ui/compare	name=TestCompareCameraHome_PreservesDivergentPhotoPosesAcrossTransitions	action=pass	elapsed=0.180
test	partition=non-ui	package=github.com/frathe/picfetch/internal/ui/compare	name=TestCompareDividerReset_NewOpenStartsSideBySideAtHalf	action=pass	elapsed=0.040
test	partition=non-ui	package=github.com/frathe/picfetch/internal/ui/compare	name=TestCompareSessionReset_StartsCanonicalState	action=pass	elapsed=0.170
test	partition=non-ui	package=github.com/frathe/picfetch/internal/ui/compare	name=TestCompareToolbar_CompactTranslucentCardIsAtTopRight	action=pass	elapsed=0.040
test	partition=ui-2	package=github.com/frathe/picfetch/internal/ui	name=TestInvalidateLoad_WakesAnimateImmediately	action=pass	elapsed=0.990
test	partition=non-ui	package=github.com/frathe/picfetch/internal/ui/compare	name=TestCompareIdentity_BadgesUseBasenamesAndShortestDistinguishingSuffix	action=pass	elapsed=0.040
test	partition=non-ui	package=github.com/frathe/picfetch/internal/ui/compare	name=TestCompareIdentity_TranslucentBadgesStayAtBottomCorners	action=pass	elapsed=0.040
test	partition=non-ui	package=github.com/frathe/picfetch/internal/ui/compare	name=TestCompareSwap_ExchangesReadyRolesWithoutReload	action=pass	elapsed=0.040
test	partition=non-ui	package=github.com/frathe/picfetch/internal/ui/mosaicwin	name=TestMosaicGenerate_StatusDoesNotOverlapSourceDescription	action=pass	elapsed=0.370
test	partition=ui-2	package=github.com/frathe/picfetch/internal/ui	name=TestUpdateCheck_SettingOffNeverCallsHTTP	action=pass	elapsed=0.140
test	partition=non-ui	package=github.com/frathe/picfetch/internal/ui/mosaicwin	name=TestMosaicPreview_WindowResizeKeepsTargetPixelsAndDoesNotRegenerate	action=pass	elapsed=0.130
test	partition=ui-2	package=github.com/frathe/picfetch/internal/ui	name=TestManualUpdateCheck_ReadyCallbackUsesVersionString	action=pass	elapsed=0.170
test	partition=non-ui	package=github.com/frathe/picfetch/internal/ui/mosaicwin	name=TestMosaicRegenerate_PreservesRequestAndChangesSeed	action=pass	elapsed=0.200
test	partition=ui-2	package=github.com/frathe/picfetch/internal/ui	name=TestUpdateCheck_RemovesStaleStage	action=pass	elapsed=0.130
test	partition=ui-2	package=github.com/frathe/picfetch/internal/ui	name=TestApplyStagedUpdate_SameVersionRemovesWithoutApply	action=pass	elapsed=0.130
package	partition=non-ui	package=github.com/frathe/picfetch/scripts/msixstage	action=pass	elapsed=6.901
test	partition=non-ui	package=github.com/frathe/picfetch/internal/ui/mosaicwin	name=TestMosaicStartOver_IsDisabledDuringRegeneration	action=pass	elapsed=0.200
test	partition=non-ui	package=github.com/frathe/picfetch/internal/ui/mosaicwin	name=TestMosaicStartOver_IsDisabledDuringExport	action=pass	elapsed=0.150
test	partition=non-ui	package=github.com/frathe/picfetch/internal/ui/mosaicwin	name=TestMosaicStartOver_IsDisabledDuringWallpaperChange	action=pass	elapsed=0.150
test	partition=ui-1	package=github.com/frathe/picfetch/internal/ui	name=TestActionsMenu_TrashOpensConfirmation	action=pass	elapsed=1.400
test	partition=non-ui	package=github.com/frathe/picfetch/internal/ui/mosaicwin	name=TestMosaicSettle_WaitsForWorkStartedByDrainedCompletion	action=pass	elapsed=0.130
test	partition=ui-1	package=github.com/frathe/picfetch/internal/ui	name=TestActionsMenu_TrashNoopsWithoutFiles	action=pass	elapsed=0.150
test	partition=ui-2	package=github.com/frathe/picfetch/internal/ui	name=TestPerformUpdate_InvalidMissingOrSameStageDoesNotQuit	action=pass	elapsed=0.660
test	partition=non-ui	package=github.com/frathe/picfetch/internal/ui/mosaicwin	name=TestMosaicSupersede_ReverseCompletionPublishesOnlyNewest	action=pass	elapsed=0.190
test	partition=ui-2	package=github.com/frathe/picfetch/internal/ui	name=TestMaybeShowWhatsNew_EmptyCacheDoesNotShow	action=pass	elapsed=0.130
test	partition=non-ui	package=github.com/frathe/picfetch/internal/ui/mosaicwin	name=TestMosaicFailureKeepsPreview	action=pass	elapsed=0.140
test	partition=ui-2	package=github.com/frathe/picfetch/internal/ui	name=TestStartViewerRuntime_DefaultOffDoesNotAssignClient	action=pass	elapsed=0.130
test	partition=non-ui	package=github.com/frathe/picfetch/internal/ui/mosaicwin	name=TestMosaicWallpaper_PassesLatestResultAndTarget	action=pass	elapsed=0.140
test	partition=ui-2	package=github.com/frathe/picfetch/internal/ui	name=TestSweepUpdateBackup_KeepsTheBackupAfterAFailedRestore	action=pass	elapsed=0.130
test	partition=non-ui	package=github.com/frathe/picfetch/internal/ui/mosaicwin	name=TestMosaicWallpaper_TargetUnsupportedKeepsPreviewAndExplainsSave	action=pass	elapsed=0.140
test	partition=non-ui	package=github.com/frathe/picfetch/scripts/testshards	name=TestCheckRejectsInvalidAssignments	action=pass	elapsed=4.470
test	partition=non-ui	package=github.com/frathe/picfetch/scripts/testshards	name=TestCheckRejectsDarwinDerivedInventoryAsCanonical	action=skip	elapsed=0.000
test	partition=non-ui	package=github.com/frathe/picfetch/internal/ui/mosaicwin	name=TestMosaicClose_CancelsAndSettlesWithoutLateMutation	action=pass	elapsed=0.070
test	partition=non-ui	package=github.com/frathe/picfetch/internal/ui/mosaicwin	name=TestMosaicProgress_CoalescesUpdatesOnUI	action=pass	elapsed=0.130
test	partition=non-ui	package=github.com/frathe/picfetch/internal/ui/mosaicwin	name=TestMosaicProgress_RejectsRetiredGeneration	action=pass	elapsed=0.470
test	partition=ui-2	package=github.com/frathe/picfetch/internal/ui	name=TestSweepUpdateBackup_SweepsAfterAFailureThatLeftTheExecutableAlone	action=pass	elapsed=0.790
test	partition=ui-2	package=github.com/frathe/picfetch/internal/ui	name=TestSweepUpdateBackup_KeepsTheBackupWhenTheRecordCannotBeRead	action=pass	elapsed=0.140
test	partition=ui-1	package=github.com/frathe/picfetch/internal/ui	name=TestActionsMenu_HideDisabledDuringVariantsSession	action=pass	elapsed=1.540
test	partition=ui-2	package=github.com/frathe/picfetch/internal/ui	name=TestMaybeShowUpdateFailure_NoRecordShowsNothing	action=pass	elapsed=0.130
test	partition=non-ui	package=github.com/frathe/picfetch/internal/ui/mosaicwin	name=TestMosaicLivePreview_RestoresAfterCancelOrFailure	action=pass	elapsed=0.460
test	partition=ui-2	package=github.com/frathe/picfetch/internal/ui	name=TestMaybeShowUpdateFailure_ReportsWhateverVersionFailed	action=pass	elapsed=0.140
test	partition=ui-2	package=github.com/frathe/picfetch/internal/ui	name=TestUpdateFailureContent_NeedsNoScrollingOnARoomyWindow	action=pass	elapsed=0.230
test	partition=non-ui	package=github.com/frathe/picfetch/internal/imaging	name=TestReadMetadata_HEICWithNoExifYieldsEmpty	action=pass	elapsed=12.100
test	partition=non-ui	package=github.com/frathe/picfetch/internal/imaging	name=TestReadEXIFOrientation	action=pass	elapsed=0.000
test	partition=non-ui	package=github.com/frathe/picfetch/internal/imaging	name=TestFormatExposureTime	action=pass	elapsed=0.000
test	partition=non-ui	package=github.com/frathe/picfetch/internal/imaging	name=TestFormatFocalLength	action=pass	elapsed=0.000
test	partition=non-ui	package=github.com/frathe/picfetch/internal/imaging	name=TestFormatExifDate	action=pass	elapsed=0.000
test	partition=non-ui	package=github.com/frathe/picfetch/internal/imaging	name=TestParseExifDateTime	action=pass	elapsed=0.000
test	partition=non-ui	package=github.com/frathe/picfetch/internal/imaging	name=TestRationalsValue	action=pass	elapsed=0.000
test	partition=non-ui	package=github.com/frathe/picfetch/internal/imaging	name=TestDecodeAnimatedGIF_DisposalNoneRetainsUntouchedRegion	action=pass	elapsed=0.000
test	partition=non-ui	package=github.com/frathe/picfetch/internal/imaging	name=TestDecodeAnimatedGIF_DisposalBackgroundClearsRegion	action=pass	elapsed=0.000
test	partition=non-ui	package=github.com/frathe/picfetch/internal/imaging	name=TestDecodeAnimatedGIF_ZeroDelayFloorsToMinimum	action=pass	elapsed=0.000
test	partition=non-ui	package=github.com/frathe/picfetch/internal/imaging	name=TestDecodeAnimatedGIF_SingleFrameReturnsNil	action=pass	elapsed=0.000
test	partition=non-ui	package=github.com/frathe/picfetch/internal/imaging	name=TestDecodeAnimatedGIF_NotAGIFReturnsNil	action=pass	elapsed=0.000
test	partition=non-ui	package=github.com/frathe/picfetch/internal/imaging	name=TestDecodeAnimatedGIF_RefusesAnAnimationPastTheBudget	action=pass	elapsed=0.000
test	partition=non-ui	package=github.com/frathe/picfetch/internal/imaging	name=TestDecodeAnimatedGIF_ZeroBudgetSkipsCompositingWithoutReportingTruncation	action=pass	elapsed=0.000
test	partition=non-ui	package=github.com/frathe/picfetch/internal/imaging	name=TestDecodeLoaded_FrozenGIFPreservesLogicalCanvas	action=pass	elapsed=0.010
test	partition=non-ui	package=github.com/frathe/picfetch/internal/imaging	name=TestDecodeLoaded_FallsBackToAStaticFrameForAnOverBudgetAnimation	action=pass	elapsed=0.000
test	partition=non-ui	package=github.com/frathe/picfetch/internal/imaging	name=TestDecodeLoaded_LeavesAnimationTruncatedUnsetForAnimationsThatFit	action=pass	elapsed=0.000
test	partition=non-ui	package=github.com/frathe/picfetch/internal/imaging	name=TestProbeGIF_AgreesWithDecodeAll	action=pass	elapsed=0.000
test	partition=non-ui	package=github.com/frathe/picfetch/internal/imaging	name=TestProbeGIF_SkipsExtensionBlocks	action=pass	elapsed=0.000
test	partition=non-ui	package=github.com/frathe/picfetch/internal/imaging	name=TestProbeGIF_RejectsMalformedInput	action=pass	elapsed=0.000
test	partition=non-ui	package=github.com/frathe/picfetch/internal/imaging	name=TestDecodeAnimatedGIF_RefusesOverBudgetWithoutDecodingFrames	action=pass	elapsed=0.010
test	partition=non-ui	package=github.com/frathe/picfetch/internal/imaging	name=TestDecodeAnimatedGIF_DelayUnitConversion	action=pass	elapsed=0.000
test	partition=non-ui	package=github.com/frathe/picfetch/internal/imaging	name=TestIsExifAPP1	action=pass	elapsed=0.000
test	partition=non-ui	package=github.com/frathe/picfetch/internal/imaging	name=TestIsICCAPP2	action=pass	elapsed=0.000
test	partition=non-ui	package=github.com/frathe/picfetch/internal/imaging	name=TestJPEGMetadataSegments	action=pass	elapsed=0.000
test	partition=non-ui	package=github.com/frathe/picfetch/internal/imaging	name=TestKeepOnStrip	action=pass	elapsed=0.000
test	partition=non-ui	package=github.com/frathe/picfetch/internal/imaging	name=TestJPEGHasRemovableMetadata	action=pass	elapsed=0.000
test	partition=non-ui	package=github.com/frathe/picfetch/internal/imaging	name=TestStripJPEGSegments	action=pass	elapsed=0.000
test	partition=non-ui	package=github.com/frathe/picfetch/internal/imaging	name=TestInjectJPEGMetadata	action=pass	elapsed=0.000
test	partition=non-ui	package=github.com/frathe/picfetch/internal/imaging	name=TestNormalizeSavedExif	action=pass	elapsed=0.000
test	partition=non-ui	package=github.com/frathe/picfetch/internal/imaging	name=TestEncodeJPEGPreservingMetadata	action=pass	elapsed=0.000
test	partition=non-ui	package=github.com/frathe/picfetch/internal/imaging	name=TestEncodeJPEGKeepingICC	action=pass	elapsed=0.000
test	partition=non-ui	package=github.com/frathe/picfetch/internal/imaging	name=TestRemoveIFDEntries	action=pass	elapsed=0.000
test	partition=non-ui	package=github.com/frathe/picfetch/internal/imaging	name=TestNormalizeSavedExif_CorrectionSurvivesAMalformedBlock	action=pass	elapsed=0.000
test	partition=non-ui	package=github.com/frathe/picfetch/internal/imaging	name=TestPatchSavedTIFF_CorrectsDimensionTagsKeepingTheirType	action=pass	elapsed=0.000
test	partition=non-ui	package=github.com/frathe/picfetch/internal/imaging	name=TestPatchSavedTIFF_RemovesADimensionTagItCannotCorrect	action=pass	elapsed=0.000
test	partition=non-ui	package=github.com/frathe/picfetch/internal/imaging	name=TestPatchSavedTIFF_ZeroSizeLeavesDimensionTagsAlone	action=pass	elapsed=0.000
test	partition=non-ui	package=github.com/frathe/picfetch/internal/imaging	name=TestPatchSavedTIFF_CorrectsEveryCopyOfARepeatedTag	action=pass	elapsed=0.000
test	partition=non-ui	package=github.com/frathe/picfetch/internal/imaging	name=TestWalkJPEGSegments	action=pass	elapsed=0.000
test	partition=non-ui	package=github.com/frathe/picfetch/internal/imaging	name=TestJPEGFrameSize	action=pass	elapsed=0.000
test	partition=non-ui	package=github.com/frathe/picfetch/internal/imaging	name=TestJPEGSegmentBytes	action=pass	elapsed=0.000
test	partition=non-ui	package=github.com/frathe/picfetch/internal/imaging	name=TestIsSupportedImage	action=pass	elapsed=0.000
test	partition=non-ui	package=github.com/frathe/picfetch/internal/imaging	name=TestSupportedExtensions_AllAcceptedByIsSupportedImage	action=pass	elapsed=0.000
test	partition=non-ui	package=github.com/frathe/picfetch/internal/imaging	name=TestSupportedExtensions_ReturnsDefensiveCopy	action=pass	elapsed=0.000
test	partition=ui-2	package=github.com/frathe/picfetch/internal/ui	name=TestOpenReleasesPage_HandsTheReleasesURLToTheApp	action=pass	elapsed=0.160
test	partition=ui-2	package=github.com/frathe/picfetch/internal/ui	name=TestOpenReleasesPage_LogsAnAppThatCannotOpenTheURL	action=pass	elapsed=0.150
test	partition=ui-1	package=github.com/frathe/picfetch/internal/ui	name=TestViewerShow_AnimatesGIF	action=pass	elapsed=1.020
test	partition=ui-1	package=github.com/frathe/picfetch/internal/ui	name=TestAnimationQueuedFramePacing	action=pass	elapsed=0.130
package	partition=non-ui	package=github.com/frathe/picfetch/internal/ui/mosaicwin	action=pass	elapsed=11.612
test	partition=ui-1	package=github.com/frathe/picfetch/internal/ui	name=TestAnimationCancellationDiscardsQueuedFrame	action=pass	elapsed=0.130
test	partition=non-ui	package=github.com/frathe/picfetch/scripts/testshards	name=TestParallelGuardRejectsSelectedParallelCall	action=pass	elapsed=2.290
test	partition=non-ui	package=github.com/frathe/picfetch/scripts/testshards	name=TestCapture_PreservesRawFailedStreamAndReportsPartitionPackageAndTest	action=pass	elapsed=0.000
test	partition=non-ui	package=github.com/frathe/picfetch/scripts/testshards	name=TestCapture_RejectsCaptureFailure	action=pass	elapsed=0.000
test	partition=non-ui	package=github.com/frathe/picfetch/scripts/testshards	name=TestCIFailures_AggregatesEveryFailedTestAcrossJobs	action=pass	elapsed=0.000
test	partition=non-ui	package=github.com/frathe/picfetch/scripts/testshards	name=TestCIFailures_ReportsPackageAndSetupFailuresWithoutTestEvents	action=pass	elapsed=0.000
test	partition=ui-1	package=github.com/frathe/picfetch/internal/ui	name=TestAnimationQueuedPauseKeepsCapturedFrame	action=pass	elapsed=0.130
test	partition=non-ui	package=github.com/frathe/picfetch/scripts/testshards	name=TestMakeCIFailuresFindsLatestCompletedRunOrAcceptsRunID	action=pass	elapsed=0.120
test	partition=ui-1	package=github.com/frathe/picfetch/internal/ui	name=TestMicrosoftStoreUpdateActionsAreRefused	action=pass	elapsed=0.120
test	partition=non-ui	package=github.com/frathe/picfetch/scripts/testshards	name=TestPackagePartition_ExcludesOnlyExactMainUIPackage	action=pass	elapsed=0.150
test	partition=ui-1	package=github.com/frathe/picfetch/internal/ui	name=TestUpdateCheck_TurningOffInvalidatesInFlight	action=pass	elapsed=0.150
test	partition=non-ui	package=github.com/frathe/picfetch/internal/imaging	name=TestLoadImage	action=pass	elapsed=1.340
test	partition=non-ui	package=github.com/frathe/picfetch/internal/imaging	name=TestDecodeJPEG_AppliesEXIFOrientation	action=pass	elapsed=0.000
test	partition=non-ui	package=github.com/frathe/picfetch/internal/imaging	name=TestReadAndProbe_AccountsForEXIFOrientation	action=pass	elapsed=0.000
test	partition=non-ui	package=github.com/frathe/picfetch/internal/imaging	name=TestMaxEncodedBytes_UnsetReportsTheShippedDefault	action=pass	elapsed=0.000
test	partition=non-ui	package=github.com/frathe/picfetch/internal/imaging	name=TestReadAndProbe_RejectsInputPastTheEncodedSizeLimit	action=pass	elapsed=0.000
test	partition=non-ui	package=github.com/frathe/picfetch/internal/imaging	name=TestReadAndProbe_AcceptsInputExactlyAtTheEncodedSizeLimit	action=pass	elapsed=0.000
test	partition=non-ui	package=github.com/frathe/picfetch/internal/imaging	name=TestCaptureDate_ReportsNotOKForInputPastTheEncodedSizeLimit	action=pass	elapsed=0.000
test	partition=non-ui	package=github.com/frathe/picfetch/internal/imaging	name=TestReadAndProbe_StopsEarlyWhenContextIsCancelled	action=pass	elapsed=0.000
test	partition=non-ui	package=github.com/frathe/picfetch/internal/imaging	name=TestDecodeLoaded_StopsEarlyWhenContextIsCancelled	action=pass	elapsed=0.000
test	partition=non-ui	package=github.com/frathe/picfetch/internal/imaging	name=TestCtxReader_StopsMidStreamOnceContextIsCancelled	action=pass	elapsed=0.000
test	partition=non-ui	package=github.com/frathe/picfetch/internal/imaging	name=TestCaptureDate	action=pass	elapsed=0.000
test	partition=non-ui	package=github.com/frathe/picfetch/internal/imaging	name=TestIsSupportedImageAcceptsSVG	action=pass	elapsed=0.000
test	partition=non-ui	package=github.com/frathe/picfetch/internal/imaging	name=TestReadAndProbeSVGReportsLogicalBounds	action=pass	elapsed=0.000
test	partition=non-ui	package=github.com/frathe/picfetch/internal/imaging	name=TestReadAndProbeRejectsGigapixelSVGBeforeDecoding	action=pass	elapsed=0.000
test	partition=non-ui	package=github.com/frathe/picfetch/internal/imaging	name=TestReadAndProbeRejectsOverflowingSVGDimensions	action=pass	elapsed=0.000
test	partition=ui-1	package=github.com/frathe/picfetch/internal/ui	name=TestUpdateCheck_TurningOffKeepsCompletedStage	action=pass	elapsed=0.140
test	partition=non-ui	package=github.com/frathe/picfetch/internal/imaging	name=TestDecodeLoadedSVGCarriesVector	action=pass	elapsed=0.020
test	partition=non-ui	package=github.com/frathe/picfetch/internal/imaging	name=TestDecodeLoadedRasterCarriesNoVector	action=pass	elapsed=0.000
test	partition=non-ui	package=github.com/frathe/picfetch/internal/imaging	name=TestCanEncodeRejectsSVG	action=pass	elapsed=0.000
test	partition=non-ui	package=github.com/frathe/picfetch/internal/imaging	name=TestLoadedImageBytesChargesForVector	action=pass	elapsed=0.010
test	partition=non-ui	package=github.com/frathe/picfetch/internal/imaging	name=TestCaptureDateContext_CancelsInsideSourceRead	action=pass	elapsed=0.000
test	partition=non-ui	package=github.com/frathe/picfetch/internal/imaging	name=TestFileMutationCancellationLeavesOriginalBytes	action=pass	elapsed=0.010
test	partition=non-ui	package=github.com/frathe/picfetch/internal/imaging	name=TestFileMutationCancelledWaiterExitsBeforeActiveEncoder	action=pass	elapsed=0.000
test	partition=non-ui	package=github.com/frathe/picfetch/internal/imaging	name=TestFileMutationResultsDistinguishCommitFromNoopAndFailure	action=pass	elapsed=0.000
test	partition=non-ui	package=github.com/frathe/picfetch/internal/imaging	name=TestExportPreservesSymlinkParentsAndRejectsSymlinkLeaves	action=pass	elapsed=0.010
test	partition=non-ui	package=github.com/frathe/picfetch/internal/imaging	name=TestFileTransactionClaimsAreReleasedAfterSuccessFailureAndCancellation	action=pass	elapsed=0.000
test	partition=non-ui	package=github.com/frathe/picfetch/internal/imaging	name=TestFileTransactionAliasAdmissionUsesLiveEntries	action=pass	elapsed=0.000
test	partition=non-ui	package=github.com/frathe/picfetch/internal/imaging	name=TestFileMutationsSerializeWholeTransactionsAcrossAliases	action=pass	elapsed=0.020
test	partition=non-ui	package=github.com/frathe/picfetch/internal/imaging	name=TestFileMutationsAllowIndependentDestinations	action=pass	elapsed=0.000
test	partition=non-ui	package=github.com/frathe/picfetch/internal/imaging	name=TestOrientationTransformsNonZeroBounds	action=pass	elapsed=0.000
test	partition=non-ui	package=github.com/frathe/picfetch/internal/imaging	name=TestApplyOrientation	action=pass	elapsed=0.000
test	partition=non-ui	package=github.com/frathe/picfetch/internal/imaging	name=TestRotateSteps	action=pass	elapsed=0.000
test	partition=non-ui	package=github.com/frathe/picfetch/internal/imaging	name=TestIsSupportedImageAcceptsRAW	action=pass	elapsed=0.000
test	partition=non-ui	package=github.com/frathe/picfetch/internal/imaging	name=TestLoadImage_RAWPreview	action=pass	elapsed=0.000
test	partition=non-ui	package=github.com/frathe/picfetch/internal/imaging	name=TestLoadImage_PlainTIFFIsNotAPreview	action=pass	elapsed=0.000
test	partition=non-ui	package=github.com/frathe/picfetch/internal/imaging	name=TestLoadImage_JPEGIsNotAPreview	action=pass	elapsed=0.000
test	partition=non-ui	package=github.com/frathe/picfetch/internal/imaging	name=TestLoadImage_RAWPicksLargestEmbeddedJPEG	action=pass	elapsed=0.000
test	partition=non-ui	package=github.com/frathe/picfetch/internal/imaging	name=TestLoadImage_RAWJPEGInSubIFD	action=pass	elapsed=0.000
test	partition=non-ui	package=github.com/frathe/picfetch/internal/imaging	name=TestLoadImage_CR3EmbeddedJPEG	action=pass	elapsed=0.000
test	partition=non-ui	package=github.com/frathe/picfetch/internal/imaging	name=TestLoadImage_RAFEmbeddedJPEG	action=pass	elapsed=0.000
test	partition=non-ui	package=github.com/frathe/picfetch/internal/imaging	name=TestLoadImage_RAWWithoutPreviewFails	action=pass	elapsed=0.000
test	partition=non-ui	package=github.com/frathe/picfetch/internal/imaging	name=TestReadAndProbe_RAWUsesPreviewDimensions	action=pass	elapsed=0.000
test	partition=non-ui	package=github.com/frathe/picfetch/internal/imaging	name=TestReadAndProbe_RAWOrientationSwapsBounds	action=pass	elapsed=0.000
test	partition=non-ui	package=github.com/frathe/picfetch/internal/imaging	name=TestReadMetadata_TIFFContainer	action=pass	elapsed=0.000
test	partition=non-ui	package=github.com/frathe/picfetch/internal/imaging	name=TestCaptureDate_RAWTIFF	action=pass	elapsed=0.000
test	partition=non-ui	package=github.com/frathe/picfetch/internal/imaging	name=TestCanEncode_RAWIsFalse	action=pass	elapsed=0.000
test	partition=non-ui	package=github.com/frathe/picfetch/internal/imaging	name=TestLoadImage_RAWStripOffsetsJPEG	action=pass	elapsed=0.000
test	partition=non-ui	package=github.com/frathe/picfetch/internal/imaging	name=TestCanEncode	action=pass	elapsed=0.000
test	partition=non-ui	package=github.com/frathe/picfetch/internal/imaging	name=TestCanEncodeExt	action=pass	elapsed=0.000
test	partition=ui-1	package=github.com/frathe/picfetch/internal/ui	name=TestManualUpdateFlow_CallbacksReadyThenPerformRequestsRelaunch	action=pass	elapsed=0.130
test	partition=non-ui	package=github.com/frathe/picfetch/internal/imaging	name=TestSaveRotated	action=pass	elapsed=0.040
test	partition=non-ui	package=github.com/frathe/picfetch/scripts/testshards	name=TestPackagePartition_RejectsEmptyOrInconsistentPartition	action=pass	elapsed=0.350
test	partition=non-ui	package=github.com/frathe/picfetch/internal/imaging	name=TestExport	action=pass	elapsed=0.010
test	partition=non-ui	package=github.com/frathe/picfetch/internal/imaging	name=TestExport_JPEGSourceKeepsMetadataOnJPEGDest	action=pass	elapsed=0.010
test	partition=non-ui	package=github.com/frathe/picfetch/internal/imaging	name=TestJpegFileBytes	action=pass	elapsed=0.000
test	partition=non-ui	package=github.com/frathe/picfetch/internal/imaging	name=TestStripJPEGMetadata_RemovesGPSWithoutTouchingPixelsWhenOrientation1	action=pass	elapsed=0.000
test	partition=non-ui	package=github.com/frathe/picfetch/internal/imaging	name=TestStripJPEGMetadata_Orientation6StaysUpright	action=pass	elapsed=0.000
test	partition=non-ui	package=github.com/frathe/picfetch/internal/imaging	name=TestStripJPEGMetadata_Orientation6KeepsICC	action=pass	elapsed=0.000
test	partition=non-ui	package=github.com/frathe/picfetch/internal/imaging	name=TestStripJPEGMetadata_NotJPEG	action=pass	elapsed=0.000
test	partition=non-ui	package=github.com/frathe/picfetch/internal/imaging	name=TestStripJPEGMetadata_NoRemovableSegmentsIsNoop	action=pass	elapsed=0.000
test	partition=non-ui	package=github.com/frathe/picfetch/internal/imaging	name=TestStripJPEGMetadata_PreservesPermissions	action=pass	elapsed=0.000
test	partition=non-ui	package=github.com/frathe/picfetch/scripts/testshards	name=TestMakeTestRemainsCompleteAndUnsharded	action=pass	elapsed=0.030
test	partition=non-ui	package=github.com/frathe/picfetch/internal/imaging	name=TestStripJPEGMetadata_UpdatesSymlinkTargetWithoutReplacingTheLink	action=pass	elapsed=0.000
test	partition=non-ui	package=github.com/frathe/picfetch/internal/imaging	name=TestStripJPEGMetadata_DropsGPSTrailerAfterPrimaryEOI	action=pass	elapsed=0.000
test	partition=non-ui	package=github.com/frathe/picfetch/internal/imaging	name=TestStripJPEGMetadata_TrailerOnlyRewritesTheFile	action=pass	elapsed=0.000
test	partition=non-ui	package=github.com/frathe/picfetch/internal/imaging	name=TestStripJPEGMetadata_Orientation6DropsTrailer	action=pass	elapsed=0.000
test	partition=non-ui	package=github.com/frathe/picfetch/internal/imaging	name=TestCanStripJPEGMetadata	action=pass	elapsed=0.000
test	partition=non-ui	package=github.com/frathe/picfetch/internal/imaging	name=TestExport_DefaultOptionsWriteTheUntouchedFile	action=pass	elapsed=0.000
test	partition=ui-1	package=github.com/frathe/picfetch/internal/ui	name=TestManualUpdateCheck_CancelledRequestEmitsNoTerminalCallback	action=pass	elapsed=0.130
test	partition=non-ui	package=github.com/frathe/picfetch/scripts/testshards	name=TestMakeCoverageRunsCompleteUnshardedSuiteAndBuildsHTML	action=pass	elapsed=0.110
test	partition=ui-2	package=github.com/frathe/picfetch/internal/ui	name=TestShiftDelete_OutsideTheGridStillPromptsForTheCurrentFile	action=pass	elapsed=1.420
test	partition=ui-1	package=github.com/frathe/picfetch/internal/ui	name=TestCurrentUpdateCallback_DropsEventSupersededWhileQueued	action=pass	elapsed=0.130
test	partition=non-ui	package=github.com/frathe/picfetch/scripts/testshards	name=TestMakeRaceRunsCanonicalConcurrentContractInOneContainer	action=pass	elapsed=0.140
test	partition=ui-1	package=github.com/frathe/picfetch/internal/ui	name=TestUpdateCheck_RestoredTodayDoesNotCheck	action=pass	elapsed=0.130
test	partition=non-ui	package=github.com/frathe/picfetch/scripts/testshards	name=TestMakeRaceConcurrentContractWaitsForEveryPartitionAndPropagatesFailure	action=pass	elapsed=0.220
test	partition=ui-1	package=github.com/frathe/picfetch/internal/ui	name=TestDrain_WaitsUpdateDone	action=pass	elapsed=0.140
test	partition=non-ui	package=github.com/frathe/picfetch/scripts/testshards	name=TestMakeDirectRacePartitionsShareFlagsLocaleAndCapture	action=pass	elapsed=0.050
test	partition=non-ui	package=github.com/frathe/picfetch/scripts/testshards	name=TestMakeDirectUIRaceRejectsInvalidShardAndPrintsTheContract	action=pass	elapsed=0.050
test	partition=ui-1	package=github.com/frathe/picfetch/internal/ui	name=TestApplyStagedUpdate_SavesNotesAndCallsApply	action=pass	elapsed=0.140
test	partition=ui-3	package=github.com/frathe/picfetch/internal/ui	name=TestCopySelectionAvailability	action=pass	elapsed=8.910
test	partition=ui-1	package=github.com/frathe/picfetch/internal/ui	name=TestWhatsNewCache_RoundTripAndClear	action=pass	elapsed=0.130
test	partition=ui-1	package=github.com/frathe/picfetch/internal/ui	name=TestMaybeShowWhatsNew_ShowsAndClearsCache	action=pass	elapsed=0.130
test	partition=ui-1	package=github.com/frathe/picfetch/internal/ui	name=TestLastUpdateCheckDay_ConcurrentWithCurrentPreferences	action=pass	elapsed=0.130
test	partition=ui-1	package=github.com/frathe/picfetch/internal/ui	name=TestSweepUpdateBackup_SweepsWithNoFailureRecord	action=pass	elapsed=0.130
test	partition=ui-1	package=github.com/frathe/picfetch/internal/ui	name=TestUpdateFailureContent_KeepsTheWholeMessageReachableAtTheSmallestWindow	action=pass	elapsed=0.200
package	partition=non-ui	package=github.com/frathe/picfetch/scripts/testshards	action=pass	elapsed=11.684
test	partition=non-ui	package=github.com/frathe/picfetch/internal/imaging	name=TestExport_SizeLimitCapsTheLongestEdge	action=pass	elapsed=1.690
test	partition=non-ui	package=github.com/frathe/picfetch/internal/imaging	name=TestExport_OmitMetadataWritesACleanCopyAndLeavesTheSourceAlone	action=pass	elapsed=0.000
test	partition=non-ui	package=github.com/frathe/picfetch/internal/imaging	name=TestExport_OmitMetadataKeepsTheColourProfile	action=pass	elapsed=0.000
test	partition=non-ui	package=github.com/frathe/picfetch/internal/imaging	name=TestExport_OmitMetadataOnAPNGIsTheSameFileEitherWay	action=pass	elapsed=0.000
test	partition=ui-3	package=github.com/frathe/picfetch/internal/ui	name=TestActionsMenu_HideTogglesLikeD	action=pass	elapsed=1.030
test	partition=non-ui	package=github.com/frathe/picfetch/internal/imaging	name=TestExport_OmitMetadataAndASizeLimitTogether	action=pass	elapsed=0.440
test	partition=non-ui	package=github.com/frathe/picfetch/internal/imaging	name=TestExport_ResizeCorrectsTheDimensionTagsItInvalidated	action=pass	elapsed=0.390
test	partition=ui-2	package=github.com/frathe/picfetch/internal/ui	name=TestBatchDelete_ClosesTheGridWhenNothingIsLeft	action=pass	elapsed=2.460
test	partition=ui-1	package=github.com/frathe/picfetch/internal/ui	name=TestShiftDelete_WhileGridVisiblePromptsForTheSelection	action=pass	elapsed=1.430
test	partition=non-ui	package=github.com/frathe/picfetch/internal/imaging	name=TestExport_ResizeKeepsEverythingItDidNotInvalidate	action=pass	elapsed=0.390
test	partition=non-ui	package=github.com/frathe/picfetch/internal/imaging	name=TestExport_ResizeLeavesSurvivingValuesReadable	action=pass	elapsed=0.390
test	partition=non-ui	package=github.com/frathe/picfetch/internal/imaging	name=TestExport_KeepsDimensionTagsWhenThePixelsDidNotChange	action=pass	elapsed=0.510
test	partition=non-ui	package=github.com/frathe/picfetch/internal/imaging	name=TestSaveRotated_CorrectsDimensionTags	action=pass	elapsed=0.070
test	partition=ui-3	package=github.com/frathe/picfetch/internal/ui	name=TestActionsMenu_ShowVariantsOpensGridOnPairAfterHide	action=pass	elapsed=2.150
test	partition=ui-2	package=github.com/frathe/picfetch/internal/ui	name=TestCopy_WhileGridVisibleCopiesTheSelectionAsFileReferences	action=pass	elapsed=1.410
test	partition=non-ui	package=github.com/frathe/picfetch/internal/imaging	name=TestExport_RotatedFrameAtOriginalSizeCorrectsTheDimensionTags	action=pass	elapsed=0.250
test	partition=ui-1	package=github.com/frathe/picfetch/internal/ui	name=TestBatchDelete_LeavesTheWindowMaximized	action=pass	elapsed=1.780
test	partition=non-ui	package=github.com/frathe/picfetch/internal/imaging	name=TestExport_Orientation5Through8SourceAtOriginalSizeCorrectsTheDimensionTags	action=pass	elapsed=1.000
test	partition=ui-3	package=github.com/frathe/picfetch/internal/ui	name=TestActionsMenu_ShowVariantsNoopOnUnique	action=pass	elapsed=1.270
test	partition=ui-2	package=github.com/frathe/picfetch/internal/ui	name=TestCopy_WhileGridVisibleFallsBackToTheHighlightedCell	action=pass	elapsed=1.270
test	partition=non-ui	package=github.com/frathe/picfetch/internal/imaging	name=TestExport_UnrotatedOrientation1OriginalSizeExportDropsNothing	action=pass	elapsed=0.250
test	partition=ui-1	package=github.com/frathe/picfetch/internal/ui	name=TestCopy_OutsideTheGridStillCopiesTheImage	action=pass	elapsed=0.920
test	partition=non-ui	package=github.com/frathe/picfetch/internal/imaging	name=TestExport_180DegreeTurnDropsNothing	action=pass	elapsed=0.210
test	partition=non-ui	package=github.com/frathe/picfetch/internal/imaging	name=TestExport_FallsBackToTheSizeLimitAnswerWhenTheFrameHeaderCannotBeRead	action=pass	elapsed=0.290
test	partition=non-ui	package=github.com/frathe/picfetch/internal/imaging	name=TestSaveRotated_MalformedMetadataRemainsTolerant	action=pass	elapsed=0.010
test	partition=non-ui	package=github.com/frathe/picfetch/internal/imaging	name=TestExport_FallbackEncoderPreservesExactPath	action=pass	elapsed=0.010
test	partition=non-ui	package=github.com/frathe/picfetch/internal/imaging	name=TestVectorLogicalAppliesFloor	action=pass	elapsed=0.000
test	partition=non-ui	package=github.com/frathe/picfetch/internal/imaging	name=TestVectorLogicalRejectsNonPositive	action=pass	elapsed=0.000
test	partition=non-ui	package=github.com/frathe/picfetch/internal/imaging	name=TestVectorLogicalRejectsAbsurdMagnitudes	action=pass	elapsed=0.000
test	partition=non-ui	package=github.com/frathe/picfetch/internal/imaging	name=TestClampVectorRasterSurvivesOverflowingAxes	action=pass	elapsed=0.000
test	partition=non-ui	package=github.com/frathe/picfetch/internal/imaging	name=TestSVGIntrinsicPrefersViewBox	action=pass	elapsed=0.000
test	partition=non-ui	package=github.com/frathe/picfetch/internal/imaging	name=TestSVGIntrinsicRecoversFromPercentageWidth	action=pass	elapsed=0.000
test	partition=non-ui	package=github.com/frathe/picfetch/internal/imaging	name=TestSVGIntrinsicFallsBackToWidthHeightWithUnits	action=pass	elapsed=0.000
test	partition=non-ui	package=github.com/frathe/picfetch/internal/imaging	name=TestSVGIntrinsicRejectsSizelessDocument	action=pass	elapsed=0.000
test	partition=non-ui	package=github.com/frathe/picfetch/internal/imaging	name=TestIsSVGData	action=pass	elapsed=0.000
test	partition=non-ui	package=github.com/frathe/picfetch/internal/imaging	name=TestClampVectorRasterPreservesAspect	action=pass	elapsed=0.000
test	partition=non-ui	package=github.com/frathe/picfetch/internal/imaging	name=TestClampVectorRasterLeavesSmallRastersAlone	action=pass	elapsed=0.000
test	partition=non-ui	package=github.com/frathe/picfetch/internal/imaging	name=TestClampVectorRasterFloorsAtOne	action=pass	elapsed=0.000
test	partition=non-ui	package=github.com/frathe/picfetch/internal/imaging	name=TestSetMaxVectorRasterPixelsClampsToItsRange	action=pass	elapsed=0.000
test	partition=non-ui	package=github.com/frathe/picfetch/internal/imaging	name=TestClampVectorRasterHonorsALoweredCeiling	action=pass	elapsed=0.000
test	partition=non-ui	package=github.com/frathe/picfetch/internal/imaging	name=TestClampVectorRasterHoldsCapAtExtremeAspectRatios	action=pass	elapsed=0.000
test	partition=non-ui	package=github.com/frathe/picfetch/internal/imaging	name=TestScaleToFit_DownscalesLandscapePreservingAspect	action=pass	elapsed=0.010
test	partition=non-ui	package=github.com/frathe/picfetch/internal/imaging	name=TestScaleToFit_DownscalesPortraitPreservingAspect	action=pass	elapsed=0.010
test	partition=non-ui	package=github.com/frathe/picfetch/internal/imaging	name=TestScaleToFit_LeavesAlreadySmallImageUnscaled	action=pass	elapsed=0.000
test	partition=non-ui	package=github.com/frathe/picfetch/internal/imaging	name=TestNewThumbCache_IsEmptyAndUsable	action=pass	elapsed=0.000
test	partition=non-ui	package=github.com/frathe/picfetch/internal/imaging	name=TestLoadThumbnail_DecodesAndDownsamples	action=pass	elapsed=0.100
test	partition=non-ui	package=github.com/frathe/picfetch/internal/imaging	name=TestLoadThumbnail_DoesNotCompositeEveryAnimationFrame	action=pass	elapsed=0.000
test	partition=non-ui	package=github.com/frathe/picfetch/internal/imaging	name=TestLoadThumbnail_PropagatesDecodeError	action=pass	elapsed=0.000
test	partition=non-ui	package=github.com/frathe/picfetch/internal/imaging	name=TestFitEdge	action=pass	elapsed=0.000
test	partition=non-ui	package=github.com/frathe/picfetch/internal/imaging	name=TestFitEdge_NoCeilingIsTheSizeItself	action=pass	elapsed=0.000
test	partition=non-ui	package=github.com/frathe/picfetch/internal/imaging	name=TestSizeLimitApplies	action=pass	elapsed=0.000
test	partition=non-ui	package=github.com/frathe/picfetch/internal/imaging	name=TestLoadThumbnailRastersSVGAtThumbnailSize	action=pass	elapsed=0.000
test	partition=non-ui	package=github.com/frathe/picfetch/internal/imaging	name=TestLoadThumbnailAndBounds_NativeSizeIsNotThumbnailSize	action=pass	elapsed=0.100
test	partition=non-ui	package=github.com/frathe/picfetch/internal/imaging	name=TestLoadThumbnailAndBounds_AccountsForEXIFOrientation	action=pass	elapsed=0.000
test	partition=ui-3	package=github.com/frathe/picfetch/internal/ui	name=TestActionsMenu_ShowVariantsNoopsDuringPictureFrame	action=pass	elapsed=1.020
test	partition=non-ui	package=github.com/frathe/picfetch/internal/imaging	name=TestLoadThumbnail_WrapsLoadThumbnailAndBounds	action=pass	elapsed=0.130
test	partition=ui-2	package=github.com/frathe/picfetch/internal/ui	name=TestSelectAllShortcut_IgnoredOutsideTheGrid	action=pass	elapsed=1.030
test	partition=non-ui	package=github.com/frathe/picfetch/internal/mosaic	name=TestRenderPlacement_TiledMatchesFullPreparation	action=pass	elapsed=13.970
test	partition=ui-1	package=github.com/frathe/picfetch/internal/ui	name=TestCopy_ReportsAFailedFileCopy	action=pass	elapsed=1.250
test	partition=ui-3	package=github.com/frathe/picfetch/internal/ui	name=TestActionsMenu_RotateTurnsImageClockwise	action=pass	elapsed=1.020
test	partition=ui-2	package=github.com/frathe/picfetch/internal/ui	name=TestRemoveFiles_DropsEveryIndexAndPurgesTheirCacheEntries	action=pass	elapsed=1.020
test	partition=ui-2	package=github.com/frathe/picfetch/internal/ui	name=TestCopyImageToClipboard_NoImageIsNoop	action=pass	elapsed=0.150
test	partition=ui-1	package=github.com/frathe/picfetch/internal/ui	name=TestRemoveFiles_HandlesUnsortedIndices	action=pass	elapsed=0.890
test	partition=ui-1	package=github.com/frathe/picfetch/internal/ui	name=TestOverlayOrder_ConfirmationAndToastSitAboveTheGrid	action=pass	elapsed=0.120
test	partition=ui-1	package=github.com/frathe/picfetch/internal/ui	name=TestCopyPathToClipboard_SetsFilePath	action=pass	elapsed=0.120
test	partition=non-ui	package=github.com/frathe/picfetch/internal/mosaic	name=TestRenderPlacement_PanoramasStayBounded	action=pass	elapsed=1.310
test	partition=ui-2	package=github.com/frathe/picfetch/internal/ui	name=TestCopyImageToClipboard_DispatchFailureShowsToast	action=pass	elapsed=0.450
test	partition=ui-1	package=github.com/frathe/picfetch/internal/ui	name=TestCopyPathToClipboard_NoFilesIsNoop	action=pass	elapsed=0.120
test	partition=non-ui	package=github.com/frathe/picfetch/internal/mosaic	name=TestGenerate_CancelBeforePreparation	action=pass	elapsed=0.460
test	partition=ui-2	package=github.com/frathe/picfetch/internal/ui	name=TestReportClipboardError_ShowsToast	action=pass	elapsed=0.450
test	partition=ui-3	package=github.com/frathe/picfetch/internal/ui	name=TestActionsMenu_ZoomNoopsWhileGridVisible	action=pass	elapsed=1.180
test	partition=non-ui	package=github.com/frathe/picfetch/internal/ui/compare	name=TestCompareSwapState_PreservesSessionAndExchangesSwipeRoles	action=pass	elapsed=13.040
test	partition=non-ui	package=github.com/frathe/picfetch/internal/ui/compare	name=TestCompareSideBySide_FitsFirstFramesInFixedEqualPanes	action=pass	elapsed=0.030
test	partition=ui-2	package=github.com/frathe/picfetch/internal/ui	name=TestClipboardEncodingLeavesQueuedUIResponsive	action=pass	elapsed=0.150
test	partition=non-ui	package=github.com/frathe/picfetch/internal/ui/compare	name=TestCompareVector_RasterizesAtCurrentDisplaySize	action=pass	elapsed=0.150
test	partition=non-ui	package=github.com/frathe/picfetch/internal/ui/compare	name=TestCompareVector_UnlinkedZoomRerasterizesOnlyTheTargetPane	action=pass	elapsed=0.260
test	partition=ui-3	package=github.com/frathe/picfetch/internal/ui	name=TestActionsMenu_ZoomInThenOutChangesPercent	action=pass	elapsed=1.060
test	partition=ui-1	package=github.com/frathe/picfetch/internal/ui	name=TestCompareAnimated_FreezesFirstDecodedFrameForEntireSession	action=pass	elapsed=1.620
test	partition=ui-3	package=github.com/frathe/picfetch/internal/ui	name=TestUpdateCheck_StoreManagedBuildNeverTouchesGitHubStage	action=pass	elapsed=0.150
test	partition=ui-3	package=github.com/frathe/picfetch/internal/ui	name=TestUpdateCheck_VerifierFailurePreservesLifecycle	action=pass	elapsed=0.150
test	partition=ui-2	package=github.com/frathe/picfetch/internal/ui	name=TestClipboardNavigationCancelsHeldEncoding	action=pass	elapsed=1.260
test	partition=non-ui	package=github.com/frathe/picfetch/internal/ui/compare	name=TestCompareVector_RerasterizesAcrossZoomLayoutResizeAndSwap	action=pass	elapsed=0.880
test	partition=ui-3	package=github.com/frathe/picfetch/internal/ui	name=TestUpdateCheck_SameVersionRecordsDayNoStage	action=pass	elapsed=0.180
test	partition=non-ui	package=github.com/frathe/picfetch/internal/ui/compare	name=TestCompareRasterFidelity_PreservesFullDecodedFramesAcrossTransforms	action=pass	elapsed=0.290
test	partition=ui-3	package=github.com/frathe/picfetch/internal/ui	name=TestUpdateCheck_NewerReleaseStagesBinary	action=pass	elapsed=0.160
test	partition=non-ui	package=github.com/frathe/picfetch/internal/ui/compare	name=TestCompareLinkedTransform_DifferentImagesShareCenterAndFitMultiplier	action=pass	elapsed=0.040
test	partition=non-ui	package=github.com/frathe/picfetch/internal/ui/compare	name=TestCompareCameraHome_ReturnsToStoredPhotoArrangement	action=pass	elapsed=0.040
test	partition=non-ui	package=github.com/frathe/picfetch/internal/ui/compare	name=TestCompareFit_ReturnsBothImagesToCanonicalCenteredFit	action=pass	elapsed=0.040
test	partition=non-ui	package=github.com/frathe/picfetch/internal/ui/compare	name=TestCompareZoom_MinusAndEqualScaleBothFromTheSharedView	action=pass	elapsed=0.040
test	partition=ui-3	package=github.com/frathe/picfetch/internal/ui	name=TestManualUpdateCheck_BypassesSettingAndDailyGate	action=pass	elapsed=0.160
test	partition=non-ui	package=github.com/frathe/picfetch/internal/ui/compare	name=TestCompareCameraZoom_WheelAnchorsCorrespondingPointsInBothPanes	action=pass	elapsed=0.040
test	partition=non-ui	package=github.com/frathe/picfetch/internal/ui/compare	name=TestCompareCameraClamp_WheelKeepsBothPhotosOverTheirPaneCenters	action=pass	elapsed=0.040
test	partition=non-ui	package=github.com/frathe/picfetch/internal/ui/compare	name=TestCompareCameraPan_DragAndShiftWheelMoveBothPhotosByTheSamePoints	action=pass	elapsed=0.040
test	partition=non-ui	package=github.com/frathe/picfetch/internal/ui/compare	name=TestCompareLinkToggle_DragMovesOnlyGesturePaneWithoutHeldModifier	action=pass	elapsed=0.040
test	partition=ui-3	package=github.com/frathe/picfetch/internal/ui	name=TestManualUpdateCheck_PreparationFailureArrivesThroughCallback	action=pass	elapsed=0.150
test	partition=non-ui	package=github.com/frathe/picfetch/internal/ui/compare	name=TestCompareLinkToggle_WheelZoomsOnlyTheGesturePane	action=pass	elapsed=0.040
test	partition=non-ui	package=github.com/frathe/picfetch/internal/ui/compare	name=TestCompareLinkToggle_ShowsUnlinkedStatusAndTracksLastHoveredPane	action=pass	elapsed=0.040
test	partition=non-ui	package=github.com/frathe/picfetch/internal/ui/compare	name=TestCompareLinkToggle_TransformKeysRequireAndOnlyAffectLastHoveredPane	action=pass	elapsed=0.040
test	partition=non-ui	package=github.com/frathe/picfetch/internal/ui/compare	name=TestCompareLinkToggle_UnlockKeepsCurrentCameraView	action=pass	elapsed=0.040
test	partition=ui-3	package=github.com/frathe/picfetch/internal/ui	name=TestAutomaticCheckDoesNotBlockOrSupersedeManualPreparation	action=pass	elapsed=0.150
test	partition=non-ui	package=github.com/frathe/picfetch/internal/ui/compare	name=TestCompareLinkToggle_RelockKeepsDivergentPhotoPoses	action=pass	elapsed=0.040
test	partition=ui-3	package=github.com/frathe/picfetch/internal/ui	name=TestApplyStagedUpdate_UnverifiedStageNeverApplies	action=pass	elapsed=0.150
test	partition=non-ui	package=github.com/frathe/picfetch/internal/ui/compare	name=TestCompareLockedPan_MovesDivergentPhotoPosesAsOneCamera	action=pass	elapsed=0.170
test	partition=ui-3	package=github.com/frathe/picfetch/internal/ui	name=TestPerformUpdate_RecordsRelaunchThenQuits	action=pass	elapsed=0.160
test	partition=non-ui	package=github.com/frathe/picfetch/internal/ui/compare	name=TestCompareLockedFit_FramesDivergentPhotoPosesWithoutChangingTheirRatio	action=pass	elapsed=0.220
test	partition=non-ui	package=github.com/frathe/picfetch/internal/ui/compare	name=TestCompareUnlinkedFit_ResetsOnlyTargetInCurrentCameraView	action=pass	elapsed=0.040
test	partition=ui-3	package=github.com/frathe/picfetch/internal/ui	name=TestApplyStagedUpdate_RelaunchFailureRetainsNotesAndStage	action=pass	elapsed=0.160
test	partition=ui-1	package=github.com/frathe/picfetch/internal/ui	name=TestCompareMemory_HoldsBothFullDecodesBeyondSharedCacheBudget	action=pass	elapsed=1.570
test	partition=ui-3	package=github.com/frathe/picfetch/internal/ui	name=TestMaybeShowWhatsNew_VersionMismatchDoesNotShow	action=pass	elapsed=0.150
test	partition=non-ui	package=github.com/frathe/picfetch/internal/ui/compare	name=TestCompareCameraPan_SurvivesUnlockWithoutChangingGeometry	action=pass	elapsed=0.220
test	partition=ui-3	package=github.com/frathe/picfetch/internal/ui	name=TestMaybeShowUpdateFailure_ClearsRecord	action=pass	elapsed=0.160
test	partition=ui-3	package=github.com/frathe/picfetch/internal/ui	name=TestUpdateFailureMessage_AccessDeniedNamesFolderAccessAndPath	action=pass	elapsed=0.000
test	partition=ui-3	package=github.com/frathe/picfetch/internal/ui	name=TestUpdateFailureMessage_ControlledFolderAccessIsWindowsOnly	action=pass	elapsed=0.000
test	partition=ui-3	package=github.com/frathe/picfetch/internal/ui	name=TestUpdateFailureMessage_UnknownReasonFallsBackToGeneric	action=pass	elapsed=0.000
test	partition=ui-3	package=github.com/frathe/picfetch/internal/ui	name=TestUpdateFailureMessage_VirusBlockedNamesTheScannerWithoutThePath	action=pass	elapsed=0.000
test	partition=ui-3	package=github.com/frathe/picfetch/internal/ui	name=TestUpdateFailureMessage_SharingViolationSaysTheFileWasInUse	action=pass	elapsed=0.000
test	partition=ui-3	package=github.com/frathe/picfetch/internal/ui	name=TestUpdateFailureMessage_EveryReasonReassuresAndStaysWellFormed	action=pass	elapsed=0.000
test	partition=ui-3	package=github.com/frathe/picfetch/internal/ui	name=TestUpdateFailureMessage_EachClassifiedReasonHasItsOwnWording	action=pass	elapsed=0.000
test	partition=ui-3	package=github.com/frathe/picfetch/internal/ui	name=TestUpdateFailureMessage_EmptyRecordStillSaysSomethingUseful	action=pass	elapsed=0.000
test	partition=ui-3	package=github.com/frathe/picfetch/internal/ui	name=TestUpdateFailureBodySize_TracksTheCanvasBetweenItsBounds	action=pass	elapsed=0.000
test	partition=non-ui	package=github.com/frathe/picfetch/internal/ui/compare	name=TestCompareCameraWheel_PreservesDivergenceAndSurvivesUnlock	action=pass	elapsed=0.220
test	partition=non-ui	package=github.com/frathe/picfetch/internal/ui/compare	name=TestCompareSwapWhileUnlinked_LocksAndClearsDivergentPhotoPoses	action=pass	elapsed=0.040
test	partition=non-ui	package=github.com/frathe/picfetch/internal/ui/compare	name=TestCompareOpenStartsLinkedAndFreshToggleUnlinks	action=pass	elapsed=0.030
test	partition=non-ui	package=github.com/frathe/picfetch/internal/ui/compare	name=TestCompareUnlinkedShiftWheel_AllowsOnlyTheTargetToOverscrollToImageEdgeAtPaneCenter	action=pass	elapsed=0.030
test	partition=non-ui	package=github.com/frathe/picfetch/internal/ui/compare	name=TestCompareUnlinkedPan_AfterCameraPanStopsAtPaneCenter	action=pass	elapsed=0.030
test	partition=non-ui	package=github.com/frathe/picfetch/internal/ui/compare	name=TestCompareLinkToggle_RepeatedTogglesNeverChangeDivergentGeometry	action=pass	elapsed=0.040
test	partition=non-ui	package=github.com/frathe/picfetch/internal/ui/compare	name=TestCompareUnlinkedLayoutAndResize_PreserveEachLocalCenterModeAndFactor	action=pass	elapsed=0.040
test	partition=non-ui	package=github.com/frathe/picfetch/internal/ui/compare	name=TestCompareCameraFitAndHome_DoNotRewritePhotoPoses	action=pass	elapsed=0.040
test	partition=non-ui	package=github.com/frathe/picfetch/internal/ui/compare	name=TestCompareCameraPan_CursorReportsTableMovementAvailability	action=pass	elapsed=0.030
test	partition=non-ui	package=github.com/frathe/picfetch/internal/ui/compare	name=TestCompareCameraPan_RepeatedExtremeInputKeepsBothPhotosOverPaneCenters	action=pass	elapsed=0.040
test	partition=non-ui	package=github.com/frathe/picfetch/internal/ui/compare	name=TestCompareCameraPan_RepeatedInputOnEitherPaneKeepsOnePointDelta	action=pass	elapsed=0.060
test	partition=non-ui	package=github.com/frathe/picfetch/internal/ui/compare	name=TestCompareFitReset_PanThenZeroRestoresCanonicalTransform	action=pass	elapsed=0.030
test	partition=non-ui	package=github.com/frathe/picfetch/internal/ui/compare	name=TestCompareLoading_StartsBothSourcesConcurrentlyAndCompletesReady	action=pass	elapsed=0.030
test	partition=non-ui	package=github.com/frathe/picfetch/internal/ui/compare	name=TestCompareOpen_NotifiesOwnerBeforeLoaderStarts	action=pass	elapsed=0.030
test	partition=non-ui	package=github.com/frathe/picfetch/internal/ui/compare	name=TestCompareCancel_BackCancelsBothWorkersWithoutFailure	action=pass	elapsed=0.030
test	partition=non-ui	package=github.com/frathe/picfetch/internal/ui/compare	name=TestCompareFailure_ClosesAndCancelsTheOtherSide	action=pass	elapsed=0.040
test	partition=non-ui	package=github.com/frathe/picfetch/internal/ui/compare	name=TestCompareStale_OlderCompletionCannotRepaintANewerSession	action=pass	elapsed=0.040
test	partition=non-ui	package=github.com/frathe/picfetch/internal/ui/compare	name=TestCompareRefresh_ReplacesQueuedPixelsAndPreservesTransforms	action=pass	elapsed=0.070
test	partition=non-ui	package=github.com/frathe/picfetch/internal/ui/compare	name=TestPaneRendererScene_PresentsStableSourceGeometryAndLifecycle	action=pass	elapsed=0.160
test	partition=non-ui	package=github.com/frathe/picfetch/internal/ui/compare	name=TestPaneRendererScene_DividerMoveRepublishesRevealWithoutTransform	action=pass	elapsed=0.230
test	partition=non-ui	package=github.com/frathe/picfetch/internal/ui/compare	name=TestNew_UsesTiledShaderRenderersForBothPanes	action=pass	elapsed=0.000
test	partition=non-ui	package=github.com/frathe/picfetch/internal/ui/compare	name=TestTileShaderSources_AgreeAndDeclareFixedPortableContract	action=pass	elapsed=0.000
test	partition=non-ui	package=github.com/frathe/picfetch/internal/ui/compare	name=TestShaderPaneRenderer_LargeSourceUsesRepresentablePanePixelTileCoordinates	action=pass	elapsed=0.000
test	partition=non-ui	package=github.com/frathe/picfetch/internal/ui/compare	name=TestShaderPaneRenderer_HasStableUniqueNamesAndFixedTextureSlots	action=pass	elapsed=0.000
test	partition=non-ui	package=github.com/frathe/picfetch/internal/ui/compare	name=TestShaderPaneRenderer_PreservesSamplerSlotsWhenRequestPriorityChanges	action=pass	elapsed=0.100
test	partition=non-ui	package=github.com/frathe/picfetch/internal/ui/compare	name=TestShaderPaneRenderer_MapsSceneAndCachedTilesWithoutReplacingStableTextures	action=pass	elapsed=0.000
test	partition=ui-1	package=github.com/frathe/picfetch/internal/ui	name=TestCompareInputLimit_FailsWithoutRemovingEitherSelectedSource	action=pass	elapsed=1.600
test	partition=ui-3	package=github.com/frathe/picfetch/internal/ui	name=TestShiftDelete_WhileGridVisibleFallsBackToTheHighlightedCell	action=pass	elapsed=1.510
test	partition=ui-1	package=github.com/frathe/picfetch/internal/ui	name=TestCompareShortcut_RegistersDefaultAndPhysicalControlWithoutDuplicates	action=pass	elapsed=0.130
test	partition=non-ui	package=github.com/frathe/picfetch/internal/ui/compare	name=TestPrepareRenderSource_BuildsBoundedOverviewWithoutMutatingFrame	action=pass	elapsed=0.350
test	partition=non-ui	package=github.com/frathe/picfetch/internal/ui/compare	name=TestPrepareRenderSource_ObservesCancellation	action=pass	elapsed=0.000
test	partition=ui-3	package=github.com/frathe/picfetch/internal/ui	name=TestShiftDelete_IgnoredWithNothingLoaded	action=pass	elapsed=0.150
test	partition=non-ui	package=github.com/frathe/picfetch/internal/ui/compare	name=TestCompareReady_WaitsForBothPreparedOverviews	action=pass	elapsed=0.220
test	partition=non-ui	package=github.com/frathe/picfetch/internal/ui/compare	name=TestTilePlanner_SelectsDensityAndCoarsensToSamplerBudget	action=pass	elapsed=0.010
test	partition=non-ui	package=github.com/frathe/picfetch/internal/ui/compare	name=TestTilePlanner_SkipsDuplicateDetailsForOriginalSizeOverview	action=pass	elapsed=0.000
test	partition=non-ui	package=github.com/frathe/picfetch/internal/ui/compare	name=TestTilePlanner_UsesSwipeRevealInsteadOfHiddenFullPane	action=pass	elapsed=0.010
test	partition=non-ui	package=github.com/frathe/picfetch/internal/ui/compare	name=TestTilePlanner_PrefetchIsBoundedNearestAndDeterministic	action=pass	elapsed=0.000
test	partition=non-ui	package=github.com/frathe/picfetch/internal/ui/compare	name=TestGenerateRenderTile_LevelZeroHasExactPixelsAndRealGutters	action=pass	elapsed=0.000
test	partition=non-ui	package=github.com/frathe/picfetch/internal/ui/compare	name=TestGenerateRenderTile_OddCoarseEdgeKeepsNeighborGuttersContinuous	action=pass	elapsed=0.000
test	partition=non-ui	package=github.com/frathe/picfetch/internal/ui/compare	name=TestRenderSourceTileCache_IsByteBoundedAndReturnsHits	action=pass	elapsed=0.000
test	partition=non-ui	package=github.com/frathe/picfetch/internal/ui/compare	name=TestCompareSettle_WaitsForQueuedVectorCompletion	action=pass	elapsed=0.060
test	partition=non-ui	package=github.com/frathe/picfetch/internal/ui/compare	name=TestCompareSettle_DrainsVectorReplacementBeforeWaitingForObsoleteTiles	action=pass	elapsed=1.500
test	partition=non-ui	package=github.com/frathe/picfetch/internal/ui/compare	name=TestCompareStale_VectorRenderCannotPaintSupersededTarget	action=pass	elapsed=0.050
test	partition=ui-2	package=github.com/frathe/picfetch/internal/ui	name=TestClipboardBusyPreservesActiveOperationAcrossCopyRoutes	action=pass	elapsed=5.080
test	partition=non-ui	package=github.com/frathe/picfetch/internal/ui/compare	name=TestCompareCancel_VectorCompletionCannotPaintAfterClose	action=pass	elapsed=0.060
test	partition=non-ui	package=github.com/frathe/picfetch/internal/ui/compare	name=TestCompareVector_RasterTargetHonorsExistingPixelLimit	action=pass	elapsed=0.140
test	partition=non-ui	package=github.com/frathe/picfetch/internal/ui/compare	name=TestWorkTracker_ContextTimeoutDoesNotPoisonReuse	action=pass	elapsed=0.000
test	partition=non-ui	package=github.com/frathe/picfetch/internal/ui/compare	name=TestWorkTracker_WaitReturnsImmediatelyBeforeFirstWork	action=pass	elapsed=0.000
test	partition=ui-2	package=github.com/frathe/picfetch/internal/ui	name=TestClipboardCancellationStopsEncoderWrites	action=pass	elapsed=0.300
test	partition=ui-3	package=github.com/frathe/picfetch/internal/ui	name=TestBatchDelete_RemovesEverySelectedFileAndLeavesTheGridOpen	action=pass	elapsed=2.280
test	partition=ui-1	package=github.com/frathe/picfetch/internal/ui	name=TestCompareEntry_RequiresExactlyTwoExplicitSelections	action=pass	elapsed=2.620
package	partition=non-ui	package=github.com/frathe/picfetch/internal/ui/compare	action=pass	elapsed=29.438
test	partition=non-ui	package=github.com/frathe/picfetch/internal/ui/help	name=TestFinisGazeDirectionsAndRest	action=pass	elapsed=27.380
test	partition=non-ui	package=github.com/frathe/picfetch/internal/imaging	name=TestScaleForExport_AppliesTheCeilingToTheLongestEdge	action=pass	elapsed=10.690
test	partition=non-ui	package=github.com/frathe/picfetch/internal/imaging	name=TestScaleForExport_ReturnsTheSameImageWhenNothingChanges	action=pass	elapsed=0.030
test	partition=non-ui	package=github.com/frathe/picfetch/internal/imaging	name=TestScaleForExport_DoesNotWriteTheThumbnailScalersPixels	action=pass	elapsed=0.100
test	partition=non-ui	package=github.com/frathe/picfetch/internal/imaging	name=TestLoadThumbnailContext_CancelsSourceRead	action=pass	elapsed=0.000
test	partition=non-ui	package=github.com/frathe/picfetch/internal/imaging	name=TestLoadThumbnailContext_DiscardsCancelledDecode	action=pass	elapsed=0.000
test	partition=non-ui	package=github.com/frathe/picfetch/internal/imaging	name=TestTIFFReadersRejectOutOfBoundsIFDs	action=pass	elapsed=0.000
test	partition=non-ui	package=github.com/frathe/picfetch/internal/imaging	name=TestTIFFReadersTolerateMalformedEntries	action=pass	elapsed=0.010
test	partition=non-ui	package=github.com/frathe/picfetch/internal/imaging	name=TestParseVectorLogicalSize	action=pass	elapsed=0.000
test	partition=non-ui	package=github.com/frathe/picfetch/internal/imaging	name=TestParseVectorRecoversPercentageWidth	action=pass	elapsed=0.000
test	partition=non-ui	package=github.com/frathe/picfetch/internal/imaging	name=TestParseVectorRejectsNonSVG	action=pass	elapsed=0.000
test	partition=non-ui	package=github.com/frathe/picfetch/internal/imaging	name=TestParseVectorRejectsSizelessSVG	action=pass	elapsed=0.000
test	partition=non-ui	package=github.com/frathe/picfetch/internal/imaging	name=TestParseVectorRejectsTruncatedSVG	action=pass	elapsed=0.000
test	partition=ui-2	package=github.com/frathe/picfetch/internal/ui	name=TestClipboardQueuedResultsOwnCompletionAndDiscardStaleEffects	action=pass	elapsed=1.930
test	partition=ui-1	package=github.com/frathe/picfetch/internal/ui	name=TestCompareRestoration_EscapeRevealsTheUnchangedFilteredGrid	action=pass	elapsed=1.780
test	partition=non-ui	package=github.com/frathe/picfetch/internal/imaging	name=TestRasterAtProducesRequestedSize	action=pass	elapsed=0.250
test	partition=non-ui	package=github.com/frathe/picfetch/internal/imaging	name=TestRasterAtActuallyDrawsSomething	action=pass	elapsed=0.000
test	partition=ui-3	package=github.com/frathe/picfetch/internal/ui	name=TestBatchDelete_LeavesTheWindowMaximizedOnAColdReload	action=pass	elapsed=2.120
test	partition=ui-2	package=github.com/frathe/picfetch/internal/ui	name=TestClipboardCapturesPixelsBeforeAViewRotation	action=pass	elapsed=1.010
test	partition=ui-2	package=github.com/frathe/picfetch/internal/ui	name=TestClipboardCloseWaitsActiveDispatchAndDiscardsItsError	action=pass	elapsed=0.150
test	partition=ui-2	package=github.com/frathe/picfetch/internal/ui	name=TestShutdownStopsClipboardAdmission	action=pass	elapsed=0.180
test	partition=ui-3	package=github.com/frathe/picfetch/internal/ui	name=TestSelectAllShortcut_PicksEveryCellWhileTheGridIsUp	action=pass	elapsed=1.260
test	partition=ui-3	package=github.com/frathe/picfetch/internal/ui	name=TestCopyImageToClipboard_DispatchesEncodedPNG	action=pass	elapsed=0.150
test	partition=ui-3	package=github.com/frathe/picfetch/internal/ui	name=TestWireClipboardShortcuts_CopiesImageAndPath	action=pass	elapsed=0.150
test	partition=ui-1	package=github.com/frathe/picfetch/internal/ui	name=TestCompareAllowedCommands_ToolbarRemainsAboveInputShield	action=pass	elapsed=1.730
test	partition=non-ui	package=github.com/frathe/picfetch/internal/mosaic	name=TestGenerate_VectorPreparationBudget	action=pass	elapsed=11.870
test	partition=ui-2	package=github.com/frathe/picfetch/internal/ui	name=TestCompareOrientation_UsesCanonicalEXIFPixelsAndIgnoresViewerRotation	action=pass	elapsed=1.760
test	partition=non-ui	package=github.com/frathe/picfetch/internal/mosaic	name=TestGenerate_DeterministicAndCoverage	action=pass	elapsed=0.090
test	partition=non-ui	package=github.com/frathe/picfetch/internal/mosaic	name=TestGenerate_CoverageHasNoUntouchedCanvasPixel	action=pass	elapsed=0.040
test	partition=non-ui	package=github.com/frathe/picfetch/internal/ui/help	name=TestFinisCloseAndReopen	action=pass	elapsed=4.330
test	partition=non-ui	package=github.com/frathe/picfetch/internal/ui/help	name=TestFinisSearchKeepsOrdinaryQueries	action=pass	elapsed=0.020
test	partition=non-ui	package=github.com/frathe/picfetch/internal/ui/help	name=TestNewManualView_SearchBarPlaceholder	action=pass	elapsed=0.000
test	partition=non-ui	package=github.com/frathe/picfetch/internal/ui/help	name=TestNewManualView_EnterHighlightsAndAdvances	action=pass	elapsed=0.000
test	partition=non-ui	package=github.com/frathe/picfetch/internal/ui/help	name=TestNewManualView_EmptyQueryClearsHighlights	action=pass	elapsed=0.000
test	partition=non-ui	package=github.com/frathe/picfetch/internal/ui/help	name=TestNewManualView_ChangedQueryRestartsAtFirst	action=pass	elapsed=0.000
test	partition=non-ui	package=github.com/frathe/picfetch/internal/ui/help	name=TestNewManualView_ScrollPutsCurrentMatchInViewport	action=pass	elapsed=0.030
test	partition=non-ui	package=github.com/frathe/picfetch/internal/ui/help	name=TestNewManualView_ScrollMovesOnLaterMatch	action=pass	elapsed=0.010
test	partition=non-ui	package=github.com/frathe/picfetch/internal/ui/help	name=TestShowManual_OpensSearchBarAndFocusesIt	action=pass	elapsed=0.030
test	partition=non-ui	package=github.com/frathe/picfetch/internal/ui/help	name=TestShowManual_DoesNotUseFullManualInThisTest	action=pass	elapsed=0.020
test	partition=non-ui	package=github.com/frathe/picfetch/internal/ui/help	name=TestHelp_ManualOpenAndOnClosed	action=pass	elapsed=0.030
test	partition=non-ui	package=github.com/frathe/picfetch/internal/ui/help	name=TestHelp_SetOnManualOpenedFiresOnShow	action=pass	elapsed=0.030
test	partition=non-ui	package=github.com/frathe/picfetch/internal/ui/help	name=TestHelp_ManualOpenAndOnClosed_SetAfterShowStillFires	action=pass	elapsed=0.030
test	partition=non-ui	package=github.com/frathe/picfetch/internal/ui/help	name=TestManualIsEmbedded	action=pass	elapsed=0.000
test	partition=non-ui	package=github.com/frathe/picfetch/internal/ui/help	name=TestManualsShareMascotImages	action=pass	elapsed=0.000
test	partition=non-ui	package=github.com/frathe/picfetch/internal/ui/help	name=TestManualHasNoMarkdownTables	action=pass	elapsed=0.000
test	partition=non-ui	package=github.com/frathe/picfetch/internal/mosaic	name=TestGenerate_RepairCardsRenderBehindPrimaryCards	action=pass	elapsed=0.480
test	partition=non-ui	package=github.com/frathe/picfetch/internal/mosaic	name=TestRenderPlacement_AntialiasesRotatedFrameEdges	action=pass	elapsed=0.000
test	partition=non-ui	package=github.com/frathe/picfetch/internal/ui/help	name=TestManualHasNoUnicodeArrows	action=pass	elapsed=0.050
test	partition=non-ui	package=github.com/frathe/picfetch/internal/ui/help	name=TestManualDocumentsItsOwnShortcut	action=pass	elapsed=0.000
test	partition=non-ui	package=github.com/frathe/picfetch/internal/ui/help	name=TestManualDocumentsCopySelection	action=pass	elapsed=0.000
test	partition=non-ui	package=github.com/frathe/picfetch/internal/ui/help	name=TestManualDocumentsReveal	action=pass	elapsed=0.000
test	partition=non-ui	package=github.com/frathe/picfetch/internal/ui/help	name=TestManualDocumentsComparisonEntryAndExit	action=pass	elapsed=0.000
test	partition=non-ui	package=github.com/frathe/picfetch/internal/ui/help	name=TestManualDocumentsMosaicStartOver	action=pass	elapsed=0.000
test	partition=non-ui	package=github.com/frathe/picfetch/internal/ui/help	name=TestManualDocumentsMosaicLayoutRotationAndOverlap	action=pass	elapsed=0.000
test	partition=non-ui	package=github.com/frathe/picfetch/internal/ui/help	name=TestManualDocumentsComparisonIdentityAndSwap	action=pass	elapsed=0.000
test	partition=non-ui	package=github.com/frathe/picfetch/internal/ui/help	name=TestManualDocumentsComparisonCommandIsolation	action=pass	elapsed=0.000
test	partition=non-ui	package=github.com/frathe/picfetch/internal/ui/help	name=TestManualDocumentsComparisonCameraAndPhotoControls	action=pass	elapsed=0.010
test	partition=non-ui	package=github.com/frathe/picfetch/internal/ui/help	name=TestManualDocumentsComparisonSwipe	action=pass	elapsed=0.010
test	partition=non-ui	package=github.com/frathe/picfetch/internal/ui/help	name=TestManualDocumentsComparisonSourceFidelity	action=pass	elapsed=0.010
test	partition=non-ui	package=github.com/frathe/picfetch/internal/ui/help	name=TestCurrentManual_GermanLocaleUsesGermanManual	action=pass	elapsed=0.000
test	partition=non-ui	package=github.com/frathe/picfetch/internal/ui/help	name=TestCurrentManual_OtherLocaleFallsBackToEnglish	action=pass	elapsed=0.000
test	partition=non-ui	package=github.com/frathe/picfetch/internal/ui/help	name=TestHelpMenu	action=pass	elapsed=0.000
test	partition=non-ui	package=github.com/frathe/picfetch/internal/ui/help	name=TestNewManualView_BindsEmbeddedMascots	action=pass	elapsed=0.000
test	partition=ui-3	package=github.com/frathe/picfetch/internal/ui	name=TestCompareRAW_UsesEmbeddedPreviewFromCanonicalLoader	action=pass	elapsed=1.880
test	partition=non-ui	package=github.com/frathe/picfetch/internal/imaging	name=TestRasterAtClampsToPixelCeiling	action=pass	elapsed=4.100
test	partition=non-ui	package=github.com/frathe/picfetch/internal/imaging	name=TestRasterAtIsSafeForConcurrentUse	action=pass	elapsed=0.000
test	partition=non-ui	package=github.com/frathe/picfetch/internal/imaging	name=FuzzProbeGIFAgreesWithDecodeAll	action=pass	elapsed=0.010
test	partition=non-ui	package=github.com/frathe/picfetch/internal/imaging	name=FuzzTIFFReaders	action=pass	elapsed=0.000
test	partition=non-ui	package=github.com/frathe/picfetch/internal/mosaic	name=TestRenderPlacement_ClippedCanvasPreservesCoverage	action=pass	elapsed=0.820
test	partition=non-ui	package=github.com/frathe/picfetch/internal/mosaic	name=TestRenderPlacement_AreaCoverageMatchesRotatedCardGeometry	action=pass	elapsed=0.060
test	partition=non-ui	package=github.com/frathe/picfetch/internal/mosaic	name=TestRenderPlacement_InterpolatesFractionalSourceCoordinates	action=pass	elapsed=0.000
test	partition=non-ui	package=github.com/frathe/picfetch/internal/mosaic	name=TestRenderPlacement_StopsBetweenTransformBands	action=pass	elapsed=0.050
test	partition=non-ui	package=github.com/frathe/picfetch/internal/mosaic	name=TestGenerate_DropShadowCanBeDisabled	action=pass	elapsed=0.100
test	partition=non-ui	package=github.com/frathe/picfetch/internal/mosaic	name=TestGenerate_SourceFidelity	action=pass	elapsed=0.020
test	partition=ui-2	package=github.com/frathe/picfetch/internal/ui	name=TestCompareShortcut_PhysicalControlOpensComparison	action=pass	elapsed=1.740
package	partition=non-ui	package=github.com/frathe/picfetch/internal/imaging	action=pass	elapsed=36.477
test	partition=non-ui	package=github.com/frathe/picfetch/internal/mosaic	name=TestGenerate_RespectsDecodedOrientation	action=pass	elapsed=0.660
test	partition=non-ui	package=github.com/frathe/picfetch/internal/ui/help	name=TestNewManualView_RebindsMascotsAfterSearch	action=pass	elapsed=1.720
test	partition=non-ui	package=github.com/frathe/picfetch/internal/mosaic	name=TestGenerate_SourceFidelityPartialGIFMatchesCompositedPNG	action=pass	elapsed=0.250
test	partition=non-ui	package=github.com/frathe/picfetch/internal/mosaic	name=TestGenerate_SourceFidelityCanonicalFormats	action=pass	elapsed=0.140
test	partition=non-ui	package=github.com/frathe/picfetch/internal/mosaic	name=TestGenerate_FrameStyles	action=pass	elapsed=0.100
test	partition=non-ui	package=github.com/frathe/picfetch/internal/mosaic	name=TestGenerate_UnreadableSources	action=pass	elapsed=0.010
test	partition=non-ui	package=github.com/frathe/picfetch/internal/mosaic	name=TestGenerate_RepeatCacheBoundsRetentionWithoutChangingPixels	action=pass	elapsed=0.290
test	partition=non-ui	package=github.com/frathe/picfetch/internal/mosaic	name=TestGenerate_LazyPool	action=pass	elapsed=0.090
test	partition=non-ui	package=github.com/frathe/picfetch/internal/mosaic	name=TestSourcePool_LayoutCandidatesReuseMeasuredBounds	action=pass	elapsed=0.000
test	partition=non-ui	package=github.com/frathe/picfetch/internal/mosaic	name=TestGenerate_UsesDistinctSourceURIsBeforeReuse	action=pass	elapsed=0.020
test	partition=non-ui	package=github.com/frathe/picfetch/internal/mosaic	name=TestGenerate_SourcesUnchanged	action=pass	elapsed=0.020
test	partition=ui-2	package=github.com/frathe/picfetch/internal/ui	name=TestShutdownClosesComparisonWithoutRefreshingRetiredUI	action=pass	elapsed=1.680
test	partition=non-ui	package=github.com/frathe/picfetch/internal/ui/help	name=TestSubmit_DoesNotLoadMascotFromDisk	action=pass	elapsed=1.710
test	partition=non-ui	package=github.com/frathe/picfetch/internal/ui/help	name=TestBindManualImages_RewritesShippedManuals	action=pass	elapsed=0.090
test	partition=non-ui	package=github.com/frathe/picfetch/internal/ui/help	name=TestBindManualImages_LeavesUnknownFiles	action=pass	elapsed=0.000
test	partition=non-ui	package=github.com/frathe/picfetch/internal/mosaic	name=TestRenderPlacement_BoundedResamplingReusesSourceRows	action=pass	elapsed=0.960
test	partition=non-ui	package=github.com/frathe/picfetch/internal/mosaic	name=TestGenerate_Progress	action=pass	elapsed=0.120
test	partition=non-ui	package=github.com/frathe/picfetch/internal/mosaic	name=TestGenerate_LivePreview	action=pass	elapsed=0.160
test	partition=non-ui	package=github.com/frathe/picfetch/internal/mosaic	name=TestGenerate_ProgressCancellationAndFailure	action=pass	elapsed=0.000
test	partition=ui-2	package=github.com/frathe/picfetch/internal/ui	name=TestCompareMenuState_DisablesOrdinaryCommandsAndRestoresThemOnExit	action=pass	elapsed=1.530
test	partition=non-ui	package=github.com/frathe/picfetch/internal/mosaic	name=TestScaleSourceRegion_MatchesFullPrecisionCatmullRom	action=pass	elapsed=1.030
test	partition=non-ui	package=github.com/frathe/picfetch/internal/mosaic	name=TestRenderPlacement_CancelsDuringBoundedSampling	action=pass	elapsed=0.030
test	partition=non-ui	package=github.com/frathe/picfetch/internal/ui/help	name=TestNewManualView_LayoutDoesNotLoadMascotFromDisk	action=pass	elapsed=1.770
test	partition=non-ui	package=github.com/frathe/picfetch/internal/ui/help	name=TestNewManualView_RealManualLayoutDoesNotLoadMascotFromDisk	action=pass	elapsed=0.080
test	partition=non-ui	package=github.com/frathe/picfetch/internal/ui/help	name=TestMascotsAreEmbedded	action=pass	elapsed=0.000
test	partition=non-ui	package=github.com/frathe/picfetch/internal/ui/help	name=TestFindMatches_EmptyNeedleReturnsNone	action=pass	elapsed=0.000
test	partition=non-ui	package=github.com/frathe/picfetch/internal/ui/help	name=TestFindMatches_CaseInsensitiveNonOverlapping	action=pass	elapsed=0.000
test	partition=non-ui	package=github.com/frathe/picfetch/internal/ui/help	name=TestFindMatches_GermanRunes	action=pass	elapsed=0.000
test	partition=non-ui	package=github.com/frathe/picfetch/internal/ui/help	name=TestFindMatches_NonOverlappingAAA	action=pass	elapsed=0.000
test	partition=non-ui	package=github.com/frathe/picfetch/internal/ui/help	name=TestNextMatchIndex_WrapsAndResetsOnQueryChange	action=pass	elapsed=0.000
test	partition=non-ui	package=github.com/frathe/picfetch/internal/ui/help	name=TestNextMatchIndex_ZeroMatches	action=pass	elapsed=0.000
test	partition=non-ui	package=github.com/frathe/picfetch/internal/ui/help	name=TestHighlightSegments_SplitsAndColorsMatches	action=pass	elapsed=0.000
test	partition=non-ui	package=github.com/frathe/picfetch/internal/ui/help	name=TestHighlightSegments_WalksParagraphsAndLists	action=pass	elapsed=0.000
test	partition=non-ui	package=github.com/frathe/picfetch/internal/ui/help	name=TestHighlightSegments_ParseMarkdownClearsHighlights	action=pass	elapsed=0.000
test	partition=non-ui	package=github.com/frathe/picfetch/internal/ui/help	name=TestHighlightSegments_RenderedObjectsUseHighlightColor	action=pass	elapsed=0.020
test	partition=non-ui	package=github.com/frathe/picfetch/internal/ui/help	name=TestHighlightSegments_MatchStaysOnTheSameRow	action=pass	elapsed=0.020
test	partition=non-ui	package=github.com/frathe/picfetch/internal/ui/help	name=TestShowWhatsNew_OpensTitleBodyAndRaises	action=pass	elapsed=0.030
test	partition=non-ui	package=github.com/frathe/picfetch/internal/ui/help	name=TestShowWhatsNew_EmptyBodyUsesFallback	action=pass	elapsed=0.020
test	partition=ui-2	package=github.com/frathe/picfetch/internal/ui	name=TestCompareInputIsolation_TypedKeysAndRunesCannotReachCoveredGrid	action=pass	elapsed=1.670
test	partition=non-ui	package=github.com/frathe/picfetch/internal/mosaic	name=TestPreviewComposite_LayersAndBoundedSize	action=pass	elapsed=1.120
package	partition=non-ui	package=github.com/frathe/picfetch/internal/ui/help	action=pass	elapsed=40.399
test	partition=non-ui	package=github.com/frathe/picfetch/internal/mosaic	name=TestPreviewComposite_BoundedAllocations	action=pass	elapsed=1.360
test	partition=ui-2	package=github.com/frathe/picfetch/internal/ui	name=TestCompareLinkToggle_RequiresExactPhysicalControlL	action=pass	elapsed=6.560
test	partition=ui-2	package=github.com/frathe/picfetch/internal/ui	name=TestCompareSwipePointer_CanvasRoutesDividerAndPaneDrag	action=pass	elapsed=1.930
test	partition=ui-2	package=github.com/frathe/picfetch/internal/ui	name=TestCompareDividerKeys_ViewerRoutesShiftWithoutChangingCoveredState	action=pass	elapsed=1.730
test	partition=non-ui	package=github.com/frathe/picfetch/internal/mosaic	name=TestRenderPlacement_RightAngles	action=pass	elapsed=9.870
test	partition=non-ui	package=github.com/frathe/picfetch/internal/mosaic	name=TestLayout_Deterministic	action=pass	elapsed=0.020
test	partition=non-ui	package=github.com/frathe/picfetch/internal/mosaic	name=TestLayout_ModeSelectionChangesArrangement	action=pass	elapsed=0.020
test	partition=non-ui	package=github.com/frathe/picfetch/internal/mosaic	name=TestLayout_ShelfIsAxisAlignedAndIgnoresStoredRotation	action=pass	elapsed=0.010
test	partition=non-ui	package=github.com/frathe/picfetch/internal/mosaic	name=TestLayout_ShelfFloorsShorterEdgeAtPhysicalPixel	action=pass	elapsed=0.000
test	partition=non-ui	package=github.com/frathe/picfetch/internal/mosaic	name=TestLayout_ShelfCoverageChecksCancellation	action=pass	elapsed=0.000
test	partition=non-ui	package=github.com/frathe/picfetch/internal/mosaic	name=TestLayout_Bounds	action=pass	elapsed=0.050
test	partition=non-ui	package=github.com/frathe/picfetch/internal/mosaic	name=TestLayout_Coverage	action=pass	elapsed=0.070
test	partition=non-ui	package=github.com/frathe/picfetch/internal/mosaic	name=TestLayout_VariationOneAvoidsNonFiniteCardSizes	action=pass	elapsed=0.000
test	partition=non-ui	package=github.com/frathe/picfetch/internal/mosaic	name=TestLayout_OverlapStaysLightOnRegularRow	action=pass	elapsed=0.000
test	partition=non-ui	package=github.com/frathe/picfetch/internal/mosaic	name=TestLayout_ShadowDoesNotCountAsOpaqueCoverage	action=pass	elapsed=0.000
test	partition=non-ui	package=github.com/frathe/picfetch/internal/mosaic	name=TestLayout_ConfiguredOverlapDoesNotBuryInteriorCards	action=pass	elapsed=0.140
test	partition=non-ui	package=github.com/frathe/picfetch/internal/mosaic	name=TestLayout_PoolStopsAtCoverageAndRepeatsOneSource	action=pass	elapsed=0.010
test	partition=non-ui	package=github.com/frathe/picfetch/internal/mosaic	name=TestLayout_Cancel	action=pass	elapsed=0.020
test	partition=non-ui	package=github.com/frathe/picfetch/internal/mosaic	name=TestSettingsRotationRange	action=pass	elapsed=0.000
test	partition=non-ui	package=github.com/frathe/picfetch/internal/mosaic	name=TestSettingsDefaultsAndRanges	action=pass	elapsed=0.000
test	partition=non-ui	package=github.com/frathe/picfetch/internal/mosaic	name=TestSettingsNormalizationPreservesDropShadowChoice	action=pass	elapsed=0.000
test	partition=non-ui	package=github.com/frathe/picfetch/internal/mosaic	name=TestSettingsValidationIdentifiesField	action=pass	elapsed=0.000
test	partition=non-ui	package=github.com/frathe/picfetch/internal/mosaic	name=TestFrameStylePreferenceValuesAndNormalization	action=pass	elapsed=0.000
test	partition=non-ui	package=github.com/frathe/picfetch/internal/mosaic	name=TestLayoutModePreferenceValuesAndNormalization	action=pass	elapsed=0.000
test	partition=non-ui	package=github.com/frathe/picfetch/internal/mosaic	name=TestRequestValidatesAndOwnsSources	action=pass	elapsed=0.000
test	partition=non-ui	package=github.com/frathe/picfetch/internal/mosaic	name=TestRequestValidationIdentifiesField	action=pass	elapsed=0.000
test	partition=non-ui	package=github.com/frathe/picfetch/internal/mosaic	name=TestResultOwnsPixels	action=pass	elapsed=0.000
test	partition=ui-2	package=github.com/frathe/picfetch/internal/ui	name=TestCompareGridLeak_PointerGesturesCannotScrollCoveredGrid	action=pass	elapsed=1.650
test	partition=ui-2	package=github.com/frathe/picfetch/internal/ui	name=TestCompareSelection_HiddenHostIndicesDetermineLeftAndRight	action=pass	elapsed=1.630
test	partition=ui-2	package=github.com/frathe/picfetch/internal/ui	name=TestCompareExit_BackToGridLeavesTheGridSelectionAndTitleUntouched	action=pass	elapsed=1.510
test	partition=ui-3	package=github.com/frathe/picfetch/internal/ui	name=TestCompareHelp_F1OpensManualWithoutLeavingComparison	action=pass	elapsed=21.190
test	partition=ui-2	package=github.com/frathe/picfetch/internal/ui	name=TestCompareTitle_TracksIdentityOrderAndRestoresGridTitle	action=pass	elapsed=1.610
test	partition=ui-3	package=github.com/frathe/picfetch/internal/ui	name=TestCompareCommandIsolation_ShortcutsAreIgnored	action=pass	elapsed=1.660
test	partition=ui-2	package=github.com/frathe/picfetch/internal/ui	name=TestCompareTitle_OwnsTheWindowUntilComparisonCloses	action=pass	elapsed=1.510
test	partition=ui-3	package=github.com/frathe/picfetch/internal/ui	name=TestCompareLinkToggle_ZoomsOnlyTheLastHoveredPaneWithoutHeldModifier	action=pass	elapsed=1.750
test	partition=ui-2	package=github.com/frathe/picfetch/internal/ui	name=TestCopySelectionCommandKeyDoesNotCancel	action=pass	elapsed=1.060
test	partition=ui-1	package=github.com/frathe/picfetch/internal/ui	name=TestCompareCommandEntryPoints_MenuAndFeatureCallbacksAreIgnored	action=pass	elapsed=27.740
test	partition=ui-2	package=github.com/frathe/picfetch/internal/ui	name=TestCopySelectionFocusLoss	action=pass	elapsed=1.060
test	partition=ui-3	package=github.com/frathe/picfetch/internal/ui	name=TestCompareLinkToggle_ControlAloneDoesNotChangeMode	action=pass	elapsed=1.630
test	partition=ui-1	package=github.com/frathe/picfetch/internal/ui	name=TestCompareZoom_KeyboardRoutesToComparisonWithoutChangingCoveredState	action=pass	elapsed=1.620
test	partition=ui-3	package=github.com/frathe/picfetch/internal/ui	name=TestCompareDividerKeys_RemainActiveWhilePanesAreUnlinked	action=pass	elapsed=1.850
test	partition=ui-1	package=github.com/frathe/picfetch/internal/ui	name=TestCompareLinkControl_CtrlLAndButtonShareReadyGate	action=pass	elapsed=1.750
test	partition=non-ui	package=github.com/frathe/picfetch/internal/mosaic	name=TestGenerate_PhotoVisibility	action=pass	elapsed=12.960
test	partition=ui-1	package=github.com/frathe/picfetch/internal/ui	name=TestCompareLinkToggle_CanvasOverlayOwnsPhysicalCtrlL	action=pass	elapsed=1.760
test	partition=ui-1	package=github.com/frathe/picfetch/internal/ui	name=TestCompareLinkToggle_ChainsHookPersistsAndRelinksOnSecondPress	action=pass	elapsed=1.850
test	partition=non-ui	package=github.com/frathe/picfetch/internal/mosaic	name=TestGenerate_OverlapResponse	action=pass	elapsed=3.190
test	partition=ui-1	package=github.com/frathe/picfetch/internal/ui	name=TestComparePanInputs_CanvasDragAndShiftWheelStayInComparison	action=pass	elapsed=1.390
test	partition=non-ui	package=github.com/frathe/picfetch/internal/mosaic	name=TestGenerate_RandomLargeRotation	action=pass	elapsed=1.760
test	partition=ui-1	package=github.com/frathe/picfetch/internal/ui	name=TestCompareSwapPreservesGrid_StateOrderAndSelectionAnchor	action=pass	elapsed=2.060
package	partition=non-ui	package=github.com/frathe/picfetch/internal/mosaic	action=pass	elapsed=71.147
test	partition=ui-3	package=github.com/frathe/picfetch/internal/ui	name=TestCompareOpenRefusal_DropDialogShortcutAndOpenWithAreDiscarded	action=pass	elapsed=9.250
test	partition=ui-1	package=github.com/frathe/picfetch/internal/ui	name=TestCompareTransitionPreservesGrid_StateAndTitle	action=pass	elapsed=1.970
test	partition=ui-3	package=github.com/frathe/picfetch/internal/ui	name=TestCompareSelection_DuplicateFilterKeepsHiddenSelectedHostFile	action=pass	elapsed=1.620
test	partition=ui-3	package=github.com/frathe/picfetch/internal/ui	name=TestCompareCancel_EscapeStopsPendingLoadsAndPreservesSelection	action=pass	elapsed=1.380
test	partition=ui-3	package=github.com/frathe/picfetch/internal/ui	name=TestCompareFailure_ReturnsToGridWithoutRemovingEitherFile	action=pass	elapsed=1.600
test	partition=ui-1	package=github.com/frathe/picfetch/internal/ui	name=TestCopySelectionKeyboard	action=pass	elapsed=3.900
test	partition=ui-1	package=github.com/frathe/picfetch/internal/ui	name=TestCopySelectionUnknownKeyCancels	action=pass	elapsed=0.990
test	partition=ui-3	package=github.com/frathe/picfetch/internal/ui	name=TestCompareRestoration_PreservesANonzeroGridScrollPosition	action=pass	elapsed=1.610
test	partition=ui-1	package=github.com/frathe/picfetch/internal/ui	name=TestCopySelectionPixels	action=pass	elapsed=1.060
test	partition=ui-3	package=github.com/frathe/picfetch/internal/ui	name=TestCopySelectionRepeatedActivation	action=pass	elapsed=1.040
test	partition=ui-1	package=github.com/frathe/picfetch/internal/ui	name=TestCopySelectionRotation	action=pass	elapsed=1.030
test	partition=ui-3	package=github.com/frathe/picfetch/internal/ui	name=TestCopySelectionBusyBlocksOtherCommands	action=pass	elapsed=1.490
test	partition=ui-1	package=github.com/frathe/picfetch/internal/ui	name=TestCopySelectionActivation	action=pass	elapsed=0.920
test	partition=ui-1	package=github.com/frathe/picfetch/internal/ui	name=TestCopySelectionSurvivesZoomPanAndResize	action=pass	elapsed=1.000
test	partition=ui-3	package=github.com/frathe/picfetch/internal/ui	name=TestCopySelectionTransparency	action=pass	elapsed=1.150
test	partition=ui-1	package=github.com/frathe/picfetch/internal/ui	name=TestCopySelectionEncodeFailure	action=pass	elapsed=1.350
test	partition=ui-3	package=github.com/frathe/picfetch/internal/ui	name=TestCopySelectionSVG	action=pass	elapsed=1.830
test	partition=ui-1	package=github.com/frathe/picfetch/internal/ui	name=TestCopySelectionClipboardFailure	action=pass	elapsed=1.350
test	partition=ui-3	package=github.com/frathe/picfetch/internal/ui	name=TestCopySelectionRAWPreview	action=pass	elapsed=1.150
test	partition=ui-2	package=github.com/frathe/picfetch/internal/ui	name=TestCopySelectionCancelsBeforeOtherCommands	action=pass	elapsed=24.760
test	partition=ui-1	package=github.com/frathe/picfetch/internal/ui	name=TestHandleDropBlockedWhileCopyPendingShowsToast	action=pass	elapsed=1.210
test	partition=ui-3	package=github.com/frathe/picfetch/internal/ui	name=TestCopySelectionZoomPanResize	action=pass	elapsed=1.170
test	partition=ui-1	package=github.com/frathe/picfetch/internal/ui	name=TestKey0YieldsCopySelectionAndResetsRotation	action=pass	elapsed=1.080
test	partition=ui-2	package=github.com/frathe/picfetch/internal/ui	name=TestCopySelectionAnimatedFrame	action=pass	elapsed=1.390
test	partition=ui-3	package=github.com/frathe/picfetch/internal/ui	name=TestStepImageYieldsIdleCopySelection	action=pass	elapsed=1.380
test	partition=ui-3	package=github.com/frathe/picfetch/internal/ui	name=TestCaptureRegionCopySourceReleasesPauseWhenCaptureFails	action=pass	elapsed=0.920
test	partition=ui-1	package=github.com/frathe/picfetch/internal/ui	name=TestPerformDelete_RemovesCurrentFileAndAdvancesToTheNextOne	action=pass	elapsed=1.820
test	partition=ui-3	package=github.com/frathe/picfetch/internal/ui	name=TestZoomGeometryCallbackSkipsInactiveMode	action=pass	elapsed=1.060
test	partition=ui-2	package=github.com/frathe/picfetch/internal/ui	name=TestCopySelectionInfoOverlay	action=pass	elapsed=2.420
test	partition=ui-1	package=github.com/frathe/picfetch/internal/ui	name=TestHandleDrop_SecondDropWithoutMergeModeReplaces	action=pass	elapsed=1.590
test	partition=ui-2	package=github.com/frathe/picfetch/internal/ui	name=TestCopySelectionCancel	action=pass	elapsed=1.150
test	partition=ui-3	package=github.com/frathe/picfetch/internal/ui	name=TestHandleKeyEvent_DeleteConfirmSwallowsNavigationButRespondsToItsOwnKeys	action=pass	elapsed=1.370
test	partition=ui-2	package=github.com/frathe/picfetch/internal/ui	name=TestWireGlobalShortcuts_CopySelectionWithCopyShortcut	action=pass	elapsed=1.150
test	partition=ui-1	package=github.com/frathe/picfetch/internal/ui	name=TestHandleDrop_MergeModeMergesIntoExistingSet	action=pass	elapsed=1.600
test	partition=ui-1	package=github.com/frathe/picfetch/internal/ui	name=TestHandleDrop_RecursesIntoNestedDirectories	action=pass	elapsed=0.920
test	partition=ui-3	package=github.com/frathe/picfetch/internal/ui	name=TestPerformDelete_LastFileReturnsToEmptyDropzone	action=pass	elapsed=2.110
test	partition=ui-2	package=github.com/frathe/picfetch/internal/ui	name=TestCopyImageMenuActionCopiesActiveSelection	action=pass	elapsed=1.160
test	partition=ui-1	package=github.com/frathe/picfetch/internal/ui	name=TestSetMaxScan_FloorsAtOne	action=pass	elapsed=0.140
test	partition=ui-1	package=github.com/frathe/picfetch/internal/ui	name=TestCancelScan_PreservesExistingFilesInMergeMode	action=pass	elapsed=0.550
test	partition=ui-2	package=github.com/frathe/picfetch/internal/ui	name=TestCopySelectionBusy	action=pass	elapsed=1.150
test	partition=ui-3	package=github.com/frathe/picfetch/internal/ui	name=TestPerformDelete_OSFailureKeepsTheFileAndToastsAnError	action=pass	elapsed=1.600
test	partition=ui-1	package=github.com/frathe/picfetch/internal/ui	name=TestHandleDrop_SupersededScanGoroutineExits	action=pass	elapsed=1.030
test	partition=ui-1	package=github.com/frathe/picfetch/internal/ui	name=TestE2E_InitialLaunchShowsWelcome	action=pass	elapsed=0.390
test	partition=ui-2	package=github.com/frathe/picfetch/internal/ui	name=TestCopySelectionSuccess	action=pass	elapsed=1.270
test	partition=ui-1	package=github.com/frathe/picfetch/internal/ui	name=TestE2E_HoveringDropzoneHighlightsBorderThenReverts	action=pass	elapsed=0.600
test	partition=ui-3	package=github.com/frathe/picfetch/internal/ui	name=TestWireDeleteShortcut_ShiftDeleteOpensConfirmation_PlainCutIgnored	action=pass	elapsed=1.260
test	partition=ui-2	package=github.com/frathe/picfetch/internal/ui	name=TestStepImageBlockedWhileCopyPending	action=pass	elapsed=1.370
test	partition=ui-3	package=github.com/frathe/picfetch/internal/ui	name=TestHandleDrop_NoSupportedImages	action=pass	elapsed=1.100
test	partition=ui-1	package=github.com/frathe/picfetch/internal/ui	name=TestE2E_BadDropAfterImagesClearsDisplay	action=pass	elapsed=2.280
test	partition=ui-2	package=github.com/frathe/picfetch/internal/ui	name=TestFavoritesMenuYieldsCopySelection	action=pass	elapsed=1.150
test	partition=ui-3	package=github.com/frathe/picfetch/internal/ui	name=TestHandleDrop_ErrorAfterImagesClearsDisplay	action=pass	elapsed=1.770
test	partition=ui-1	package=github.com/frathe/picfetch/internal/ui	name=TestE2E_TappingRestoreLinkRestoresNotFileDialog	action=pass	elapsed=0.960
test	partition=ui-1	package=github.com/frathe/picfetch/internal/ui	name=TestE2E_EscapeCancelsScanInsteadOfClosing	action=pass	elapsed=0.410
test	partition=ui-2	package=github.com/frathe/picfetch/internal/ui	name=TestDeletion_ShutdownDiscardsQueuedCompletion	action=pass	elapsed=1.400
test	partition=ui-3	package=github.com/frathe/picfetch/internal/ui	name=TestHandleDrop_FiltersUnsupportedFiles	action=pass	elapsed=0.920
test	partition=ui-3	package=github.com/frathe/picfetch/internal/ui	name=TestHandleDrop_AcceptsRAW	action=pass	elapsed=0.920
test	partition=ui-3	package=github.com/frathe/picfetch/internal/ui	name=TestMergeModeGetterSetter	action=pass	elapsed=0.140
test	partition=ui-2	package=github.com/frathe/picfetch/internal/ui	name=TestDeletion_ReorderBeforeConfirmationPreservesIdentity	action=pass	elapsed=1.710
test	partition=ui-1	package=github.com/frathe/picfetch/internal/ui	name=TestE2E_DeleteConfirmationShowsWhichButtonReturnWillPress	action=pass	elapsed=1.850
test	partition=ui-3	package=github.com/frathe/picfetch/internal/ui	name=TestHandleDrop_TruncatedScanToastNamesTheCap	action=pass	elapsed=1.150
test	partition=ui-3	package=github.com/frathe/picfetch/internal/ui	name=TestMaxScanGetterSetter	action=pass	elapsed=0.140
test	partition=ui-1	package=github.com/frathe/picfetch/internal/ui	name=TestE2E_CopySelection	action=pass	elapsed=1.180
test	partition=ui-3	package=github.com/frathe/picfetch/internal/ui	name=TestCancelScan_CancelsInFlightScanWithNoFilesYet	action=pass	elapsed=0.560
test	partition=ui-2	package=github.com/frathe/picfetch/internal/ui	name=TestDeletion_ComparisonOpenedDuringMoveReturnsToReconciledFiles	action=pass	elapsed=2.060
test	partition=ui-1	package=github.com/frathe/picfetch/internal/ui	name=TestShowExifWindow_OpensAndRaisesSameWindow	action=pass	elapsed=0.850
test	partition=ui-3	package=github.com/frathe/picfetch/internal/ui	name=TestHandleDrop_MergeSingleFileDoesNotExpandSiblings	action=pass	elapsed=1.600
test	partition=ui-1	package=github.com/frathe/picfetch/internal/ui	name=TestExifWindow_LeftRightChangeImage	action=pass	elapsed=1.370
test	partition=ui-2	package=github.com/frathe/picfetch/internal/ui	name=TestPerformDelete_OnLastImageOfMultipleAdvancesWithoutPanicking	action=pass	elapsed=2.050
test	partition=ui-3	package=github.com/frathe/picfetch/internal/ui	name=TestHandleDrop_SiblingScanTruncationToast	action=pass	elapsed=1.150
test	partition=ui-1	package=github.com/frathe/picfetch/internal/ui	name=TestExifLink_HiddenWhenTheImageHasNoExifData	action=pass	elapsed=0.990
test	partition=ui-3	package=github.com/frathe/picfetch/internal/ui	name=TestDupeCompute_ConcurrentWithFileRemoval	action=pass	elapsed=0.930
test	partition=ui-1	package=github.com/frathe/picfetch/internal/ui	name=TestExifLink_ShownWhenTheImageHasExifData	action=pass	elapsed=1.000
test	partition=ui-2	package=github.com/frathe/picfetch/internal/ui	name=TestHandleDrop_CancelsAnyPendingDeleteConfirmation	action=pass	elapsed=1.900
test	partition=ui-2	package=github.com/frathe/picfetch/internal/ui	name=TestHandleDrop_EmptyDrop	action=pass	elapsed=0.140
test	partition=ui-3	package=github.com/frathe/picfetch/internal/ui	name=TestE2E_BadDropWithNothingLoadedShowsPlaceholder	action=pass	elapsed=1.620
test	partition=ui-1	package=github.com/frathe/picfetch/internal/ui	name=TestExifLink_VisibilityFollowsNavigation	action=pass	elapsed=1.470
test	partition=ui-2	package=github.com/frathe/picfetch/internal/ui	name=TestHandleDrop_AcceptsPNGAndGIF	action=pass	elapsed=0.920
test	partition=ui-1	package=github.com/frathe/picfetch/internal/ui	name=TestStripMetadata_HidesExifLinkAndShrinksReportedSize	action=pass	elapsed=1.110
test	partition=ui-3	package=github.com/frathe/picfetch/internal/ui	name=TestE2E_EscapeResetsAfterImagesLoaded	action=pass	elapsed=1.400
test	partition=ui-3	package=github.com/frathe/picfetch/internal/ui	name=TestE2E_EscapeQuitsWhenNothingLoaded	action=pass	elapsed=0.140
test	partition=ui-2	package=github.com/frathe/picfetch/internal/ui	name=TestHandleDrop_MergeModeDropWithNothingSupportedKeepsExistingSet	action=pass	elapsed=1.240
test	partition=ui-1	package=github.com/frathe/picfetch/internal/ui	name=TestCanExport_TrueForALoadedImage	action=pass	elapsed=0.880
test	partition=ui-2	package=github.com/frathe/picfetch/internal/ui	name=TestToggleMergeMode_PrefixesTitleAndPersistsAcrossDrops	action=pass	elapsed=0.900
test	partition=ui-3	package=github.com/frathe/picfetch/internal/ui	name=TestHandleKeyEvent_EOpensExifWindow	action=pass	elapsed=0.930
test	partition=ui-2	package=github.com/frathe/picfetch/internal/ui	name=TestCancelScan_NoOpWhenNotScanning	action=pass	elapsed=0.140
test	partition=ui-2	package=github.com/frathe/picfetch/internal/ui	name=TestClearToDropzone_FinishesInFlightScan	action=pass	elapsed=0.140
test	partition=ui-1	package=github.com/frathe/picfetch/internal/ui	name=TestCanExport_TrueForAFormatWithNoEncoder	action=pass	elapsed=0.850
test	partition=ui-3	package=github.com/frathe/picfetch/internal/ui	name=TestExportAs_WritesTheDisplayedFrameToThePickedPath	action=pass	elapsed=1.160
test	partition=ui-1	package=github.com/frathe/picfetch/internal/ui	name=TestExportAs_RunsSavePanelInBackground	action=pass	elapsed=0.970
test	partition=ui-2	package=github.com/frathe/picfetch/internal/ui	name=TestNavigationDoesNotInvalidateScan	action=pass	elapsed=1.490
test	partition=ui-3	package=github.com/frathe/picfetch/internal/ui	name=TestExportAs_ExportsAFormatThatHasNoEncoderOfItsOwn	action=pass	elapsed=1.160
test	partition=ui-2	package=github.com/frathe/picfetch/internal/ui	name=TestHandleDrop_SingleFileExpandsSiblingsAndKeepsOpened	action=pass	elapsed=0.920
test	partition=ui-1	package=github.com/frathe/picfetch/internal/ui	name=TestBuildMainMenu_ExportItemOpensThePrompt	action=pass	elapsed=1.490
test	partition=ui-2	package=github.com/frathe/picfetch/internal/ui	name=TestHandleDrop_SingleFileDoesNotRecurse	action=pass	elapsed=0.930
test	partition=ui-3	package=github.com/frathe/picfetch/internal/ui	name=TestExportAs_JPEGSourceKeepsGPSExif	action=pass	elapsed=1.390
test	partition=ui-2	package=github.com/frathe/picfetch/internal/ui	name=TestHandleDrop_TwoFilesInSameDirDoNotExpand	action=pass	elapsed=0.930
test	partition=ui-3	package=github.com/frathe/picfetch/internal/ui	name=TestExportAs_SuggestsTheSourceNameWithTheNewExtensionInItsOwnFolder	action=pass	elapsed=0.930
test	partition=ui-1	package=github.com/frathe/picfetch/internal/ui	name=TestWireExportShortcuts_OpensPromptAndSetsWallpaperWithoutColliding	action=pass	elapsed=1.840
test	partition=ui-2	package=github.com/frathe/picfetch/internal/ui	name=TestHandleDrop_UnsupportedSingleFileDoesNotExpandFolder	action=pass	elapsed=0.860
test	partition=ui-2	package=github.com/frathe/picfetch/internal/ui	name=TestE2E_SuccessfulDropShowsImage	action=pass	elapsed=1.150
test	partition=ui-3	package=github.com/frathe/picfetch/internal/ui	name=TestExportAs_UsesSelectedEncoderWithoutChangingThePickedName	action=pass	elapsed=2.380
test	partition=ui-2	package=github.com/frathe/picfetch/internal/ui	name=TestE2E_LaunchWithSavedSessionShowsRestoreLink	action=pass	elapsed=1.430
test	partition=ui-3	package=github.com/frathe/picfetch/internal/ui	name=TestExportAs_HonorsAnEncodableExtensionTheUserTyped	action=pass	elapsed=1.160
test	partition=ui-3	package=github.com/frathe/picfetch/internal/ui	name=TestExportAs_NoOpWithNothingLoaded	action=pass	elapsed=0.140
test	partition=ui-3	package=github.com/frathe/picfetch/internal/ui	name=TestExportItem_DisabledInitiallyAndEnabledOnceAnImageLoads	action=pass	elapsed=1.170
test	partition=ui-2	package=github.com/frathe/picfetch/internal/ui	name=TestExifNavigationCancelsMetadataBeforeTheNextImageLoads	action=pass	elapsed=2.120
test	partition=ui-2	package=github.com/frathe/picfetch/internal/ui	name=TestShowExifWindow_NoopWithNothingLoaded	action=pass	elapsed=0.140
test	partition=ui-3	package=github.com/frathe/picfetch/internal/ui	name=TestRequestDelete_DoesNothingWhileTheExportPromptIsUp	action=pass	elapsed=1.510
test	partition=ui-3	package=github.com/frathe/picfetch/internal/ui	name=TestSuggestedExportPath	action=pass	elapsed=0.000
test	partition=ui-2	package=github.com/frathe/picfetch/internal/ui	name=TestShowExifWindow_ContentAndRefreshOnNavigation	action=pass	elapsed=1.180
test	partition=ui-2	package=github.com/frathe/picfetch/internal/ui	name=TestExifLink_OpensExifWindow	action=pass	elapsed=0.930
test	partition=ui-1	package=github.com/frathe/picfetch/internal/ui	name=TestExportAs_PreservesExactConfirmedPath	action=pass	elapsed=8.110
test	partition=ui-2	package=github.com/frathe/picfetch/internal/ui	name=TestShutdownStopsExifAdmission	action=pass	elapsed=0.970
test	partition=ui-3	package=github.com/frathe/picfetch/internal/ui	name=TestPromptExport_OpensAtDefaultsAfterANonDefaultExport	action=pass	elapsed=2.510
test	partition=ui-2	package=github.com/frathe/picfetch/internal/ui	name=TestMetadataRemovalRefreshesCurrentAliasWithoutLosingRotation	action=pass	elapsed=0.950
test	partition=ui-2	package=github.com/frathe/picfetch/internal/ui	name=TestCanExport_FalseWithNoImage	action=pass	elapsed=0.140
test	partition=ui-2	package=github.com/frathe/picfetch/internal/ui	name=TestCanExport_TrueForAnAnimatedImage	action=pass	elapsed=0.930
test	partition=ui-3	package=github.com/frathe/picfetch/internal/ui	name=TestExportPrompt_KeyboardReachesTheSizeRow	action=pass	elapsed=2.400
test	partition=ui-2	package=github.com/frathe/picfetch/internal/ui	name=TestCanExport_FalseWhileLoading	action=pass	elapsed=0.930
test	partition=ui-2	package=github.com/frathe/picfetch/internal/ui	name=TestExportAs_CancelWritesNothing	action=pass	elapsed=0.930
test	partition=ui-3	package=github.com/frathe/picfetch/internal/ui	name=TestExportPrompt_EscapeFromTheSizeRowCancels	action=pass	elapsed=2.060
test	partition=ui-2	package=github.com/frathe/picfetch/internal/ui	name=TestExportAs_UsesSelectedEncoderForAnExtensionlessPath	action=pass	elapsed=2.330
test	partition=ui-3	package=github.com/frathe/picfetch/internal/ui	name=TestExportPrompt_SpaceTogglesTheMetadataRow	action=pass	elapsed=1.940
test	partition=ui-2	package=github.com/frathe/picfetch/internal/ui	name=TestExportAs_ReportsAFailedWrite	action=pass	elapsed=1.150
test	partition=ui-1	package=github.com/frathe/picfetch/internal/ui	name=TestExportAs_SizeLimitCapsTheWrittenFile	action=pass	elapsed=8.930
test	partition=ui-3	package=github.com/frathe/picfetch/internal/ui	name=TestExportPrompt_ReturnOnTheMetadataRowTicksTheBoxInsteadOfExporting	action=pass	elapsed=2.280
test	partition=ui-2	package=github.com/frathe/picfetch/internal/ui	name=TestPromptExport_EachChoiceExportsItsOwnFormat	action=pass	elapsed=3.120
test	partition=ui-3	package=github.com/frathe/picfetch/internal/ui	name=TestExportPrompt_OnlyTheFocusedRowIsHighlighted	action=pass	elapsed=2.390
test	partition=ui-2	package=github.com/frathe/picfetch/internal/ui	name=TestPromptExport_DoesNothingWhileTheDeleteCardIsUp	action=pass	elapsed=1.130
test	partition=ui-3	package=github.com/frathe/picfetch/internal/ui	name=TestSyncFavoritePreviews_WarmsTheGridThumbnailCache	action=pass	elapsed=0.930
test	partition=ui-3	package=github.com/frathe/picfetch/internal/ui	name=TestSetFavoritePreviewCacheOnLeavesAPassAlone	action=pass	elapsed=0.140
test	partition=ui-3	package=github.com/frathe/picfetch/internal/ui	name=TestShutdownCancelsFavoritePreviews	action=pass	elapsed=0.170
test	partition=ui-3	package=github.com/frathe/picfetch/internal/ui	name=TestBuildViewer_RegistersAllFeatures	action=pass	elapsed=0.140
test	partition=ui-2	package=github.com/frathe/picfetch/internal/ui	name=TestPromptExport_ReopeningDoesNotResetAnAlreadyMadeChoice	action=pass	elapsed=1.410
test	partition=ui-1	package=github.com/frathe/picfetch/internal/ui	name=TestExportAs_SuggestedNameCarriesTheAppliedSize	action=pass	elapsed=6.050
test	partition=ui-2	package=github.com/frathe/picfetch/internal/ui	name=TestHandleKeyEvent_ExportPromptSwallowsNavigationButRespondsToItsOwnKeys	action=pass	elapsed=2.100
test	partition=ui-3	package=github.com/frathe/picfetch/internal/ui	name=TestViewerFileStateSlicesRemainEquivalentAcrossTransitions	action=pass	elapsed=2.730
test	partition=ui-2	package=github.com/frathe/picfetch/internal/ui	name=TestExportAs_RotationCorrectsDimensionTagsButNotFilenameOrToast	action=pass	elapsed=1.530
test	partition=ui-2	package=github.com/frathe/picfetch/internal/ui	name=TestExportOptions_DefaultToOriginalSizeAndFullMetadata	action=pass	elapsed=0.140
test	partition=ui-3	package=github.com/frathe/picfetch/internal/ui	name=TestViewerModesApplyBeforeAndAfterLoadingFiles	action=pass	elapsed=2.050
test	partition=ui-3	package=github.com/frathe/picfetch/internal/ui	name=TestStaleFileStateCompletionsDoNotOverwriteNewerState	action=pass	elapsed=0.140
test	partition=ui-2	package=github.com/frathe/picfetch/internal/ui	name=TestExportOptions_OriginalLabelStatesTheFramesLongestEdge	action=pass	elapsed=1.490
test	partition=ui-3	package=github.com/frathe/picfetch/internal/ui	name=TestFileSnapshot_KeysAndGenerationMoveTogether	action=pass	elapsed=0.920
test	partition=ui-3	package=github.com/frathe/picfetch/internal/ui	name=TestRecordWindowPosition_CounterClockwiseSpiralDragFiresTheOtherWay	action=pass	elapsed=0.140
test	partition=ui-3	package=github.com/frathe/picfetch/internal/ui	name=TestHandleTypedRune_OnlyReachesTheGridWhileItIsUp	action=pass	elapsed=1.040
test	partition=ui-2	package=github.com/frathe/picfetch/internal/ui	name=TestExportOptions_OriginalLabelReportsARAWsPreviewSize	action=pass	elapsed=1.730
test	partition=ui-2	package=github.com/frathe/picfetch/internal/ui	name=TestExportOptions_MetadataRowStatesItsJPEGOnlyScope	action=pass	elapsed=0.140
test	partition=ui-3	package=github.com/frathe/picfetch/internal/ui	name=TestHandleTypedRune_GridVisible_SwallowedByDeleteConfirmation	action=pass	elapsed=1.370
test	partition=ui-3	package=github.com/frathe/picfetch/internal/ui	name=TestHandleKeyEvent_GridVisible_ReturnNavigatesAndCloses	action=pass	elapsed=1.380
test	partition=ui-1	package=github.com/frathe/picfetch/internal/ui	name=TestExportAs_ToastReportsASizeOnlyWhenOneApplied	action=pass	elapsed=8.040
test	partition=ui-3	package=github.com/frathe/picfetch/internal/ui	name=TestHandleKeyEvent_GIsIgnoredDuringPictureFrameMode	action=pass	elapsed=0.920
test	partition=ui-2	package=github.com/frathe/picfetch/internal/ui	name=TestExportAs_ToastReportsOmissionOnlyWhenTheBoxWasUnchecked	action=pass	elapsed=3.990
test	partition=ui-1	package=github.com/frathe/picfetch/internal/ui	name=TestExportAs_OmittingMetadataWritesACleanCopyAndKeepsTheOriginal	action=pass	elapsed=1.770
test	partition=ui-3	package=github.com/frathe/picfetch/internal/ui	name=TestGridHighlight_NamesTheHighlightedFileInTheTitle	action=pass	elapsed=1.150
test	partition=ui-2	package=github.com/frathe/picfetch/internal/ui	name=TestExportPrompt_ClickingTheMetadataCheckboxTwiceReturnsToTheDefault	action=pass	elapsed=1.620
test	partition=ui-3	package=github.com/frathe/picfetch/internal/ui	name=TestGridHighlight_VariantsTitleUsesSizeAndPath	action=pass	elapsed=1.290
test	partition=ui-1	package=github.com/frathe/picfetch/internal/ui	name=TestExportAs_OmittingMetadataStillWritesAnUprightCopy	action=pass	elapsed=1.720
test	partition=ui-2	package=github.com/frathe/picfetch/internal/ui	name=TestExportCancellationBeforeDestinationLeavesFilesUntouched	action=pass	elapsed=0.980
test	partition=ui-3	package=github.com/frathe/picfetch/internal/ui	name=TestClearToDropzone_PurgesTheImageCache	action=pass	elapsed=1.170
test	partition=ui-1	package=github.com/frathe/picfetch/internal/ui	name=TestExportPrompt_ClickingTheMetadataCheckboxLeavesTheKeyboardWorking	action=pass	elapsed=1.550
test	partition=ui-3	package=github.com/frathe/picfetch/internal/ui	name=TestToggleInfoOverlay_ContentAndPersistenceAcrossNavigation	action=pass	elapsed=1.500
test	partition=ui-1	package=github.com/frathe/picfetch/internal/ui	name=TestExportUnrelatedDestinationPreservesDerivedState	action=pass	elapsed=1.040
test	partition=ui-2	package=github.com/frathe/picfetch/internal/ui	name=TestExportCommittedAliasRefreshesCurrentPixelsAfterDelivery	action=pass	elapsed=2.740
test	partition=ui-1	package=github.com/frathe/picfetch/internal/ui	name=TestFileMutationInvalidatesNoncurrentLoadedAlias	action=pass	elapsed=0.750
test	partition=ui-3	package=github.com/frathe/picfetch/internal/ui	name=TestToggleInfoOverlay_RAWMarksPreview	action=pass	elapsed=1.030
test	partition=ui-2	package=github.com/frathe/picfetch/internal/ui	name=TestFileMutationReconciliationSurvivesUnrelatedCommit	action=pass	elapsed=1.070
test	partition=ui-2	package=github.com/frathe/picfetch/internal/ui	name=TestExportCommittedCaseAliasKeepsWrittenPixelsOnReset	action=skip	elapsed=0.000
test	partition=ui-1	package=github.com/frathe/picfetch/internal/ui	name=TestFileMutationInvalidationRechecksLoadedSetBeforeDelivery	action=pass	elapsed=1.630
test	partition=ui-2	package=github.com/frathe/picfetch/internal/ui	name=TestExportBusyAndQueuedFailureAllowRetry	action=pass	elapsed=1.190
test	partition=ui-1	package=github.com/frathe/picfetch/internal/ui	name=TestSyncFavoritePreviews_OpeningAFavoriteWritesPreviews	action=pass	elapsed=0.790
test	partition=ui-3	package=github.com/frathe/picfetch/internal/ui	name=TestEscapeUnwindsModesBeforeReset	action=pass	elapsed=2.650
test	partition=ui-2	package=github.com/frathe/picfetch/internal/ui	name=TestSyncFavoritePreviews_PreferenceOffWritesNothing	action=pass	elapsed=0.860
test	partition=ui-1	package=github.com/frathe/picfetch/internal/ui	name=TestGenerationTracksFileSetIdentityNotNavigation	action=pass	elapsed=0.970
test	partition=ui-1	package=github.com/frathe/picfetch/internal/ui	name=TestRecordWindowPosition_ClockwiseSpiralDragFiresTheGesture	action=pass	elapsed=0.110
test	partition=ui-3	package=github.com/frathe/picfetch/internal/ui	name=TestHandleKeyEvent_DialogSwallowsTheAppsOtherKeysToo	action=pass	elapsed=0.930
test	partition=ui-1	package=github.com/frathe/picfetch/internal/ui	name=TestRecordWindowPosition_StraightDragDoesNotFireTheGesture	action=pass	elapsed=0.110
test	partition=ui-2	package=github.com/frathe/picfetch/internal/ui	name=TestSyncFavoritePreviews_SecondOpenAddsNothing	action=pass	elapsed=1.440
test	partition=ui-2	package=github.com/frathe/picfetch/internal/ui	name=TestSyncFavoritePreviews_EmptyListSweepsStalePreviews	action=pass	elapsed=0.120
test	partition=ui-2	package=github.com/frathe/picfetch/internal/ui	name=TestSetFavoritePreviewCacheOffCancelsAnInFlightPass	action=pass	elapsed=0.110
test	partition=ui-3	package=github.com/frathe/picfetch/internal/ui	name=TestHandleKeyEvent_DeleteCardIsNotACanvasOverlay	action=pass	elapsed=1.260
test	partition=ui-2	package=github.com/frathe/picfetch/internal/ui	name=TestFavoritePreviews_SupersededWorkersRemainTracked	action=pass	elapsed=0.110
test	partition=ui-3	package=github.com/frathe/picfetch/internal/ui	name=TestHandleKeyEvent_VLeavesPictureFrameMode	action=pass	elapsed=0.920
test	partition=ui-2	package=github.com/frathe/picfetch/internal/ui	name=TestFavoritePreviewAfterCommitBeforeNotificationRejectsOldMemoryHit	action=pass	elapsed=1.030
test	partition=ui-3	package=github.com/frathe/picfetch/internal/ui	name=TestLaunchOptions_ZeroOptionsChangeNothing	action=pass	elapsed=0.170
test	partition=ui-3	package=github.com/frathe/picfetch/internal/ui	name=TestLaunchOptions_UntouchedSettingsStillSaveLiveValues	action=pass	elapsed=0.170
test	partition=ui-3	package=github.com/frathe/picfetch/internal/ui	name=TestRevisionZeroValueAdvancesAndMatches	action=pass	elapsed=0.000
test	partition=ui-3	package=github.com/frathe/picfetch/internal/ui	name=TestRequestLifecycleBeginCancelsAndSupersedesPrevious	action=pass	elapsed=0.000
test	partition=ui-3	package=github.com/frathe/picfetch/internal/ui	name=TestRequestLifecycleInvalidateCancelsWithoutReplacement	action=pass	elapsed=0.000
test	partition=ui-3	package=github.com/frathe/picfetch/internal/ui	name=TestRequestTokenCancelDoesNotSupersedeNewerRequest	action=pass	elapsed=0.000
test	partition=ui-3	package=github.com/frathe/picfetch/internal/ui	name=TestRequestLifecycleConcurrentBeginLeavesOneCurrentToken	action=pass	elapsed=0.000
test	partition=ui-3	package=github.com/frathe/picfetch/internal/ui	name=TestInvalidateLoad_ZeroValueIsSafe	action=pass	elapsed=0.140
test	partition=ui-3	package=github.com/frathe/picfetch/internal/ui	name=TestViewerShow_DecodeErrorKeepsHint	action=pass	elapsed=1.550
test	partition=ui-2	package=github.com/frathe/picfetch/internal/ui	name=TestViewerIndexStaysValidAcrossFileStateTransitions	action=pass	elapsed=2.890
test	partition=ui-2	package=github.com/frathe/picfetch/internal/ui	name=TestRecordWindowPosition_StillFeedsThePositionTracker	action=pass	elapsed=0.110
test	partition=ui-3	package=github.com/frathe/picfetch/internal/ui	name=TestViewerShow_AllFilesBrokenFallsBackToEmptyState	action=pass	elapsed=1.610
test	partition=ui-2	package=github.com/frathe/picfetch/internal/ui	name=TestHandleKeyEvent_GTogglesGrid	action=pass	elapsed=1.000
test	partition=ui-2	package=github.com/frathe/picfetch/internal/ui	name=TestHandleKeyEvent_GridVisible_SwallowsNavigation	action=pass	elapsed=0.880
test	partition=ui-2	package=github.com/frathe/picfetch/internal/ui	name=TestShutdownStopsGridAdmission	action=pass	elapsed=0.170
test	partition=ui-2	package=github.com/frathe/picfetch/internal/ui	name=TestAppState_RemoveFileEvictsCacheWithoutCallerAsking	action=pass	elapsed=0.110
test	partition=ui-2	package=github.com/frathe/picfetch/internal/ui	name=TestAttemptLoad_DisplaysAnImageLargerThanTheWholeCacheBudget	action=pass	elapsed=0.840
test	partition=ui-2	package=github.com/frathe/picfetch/internal/ui	name=TestAttemptLoad_ReportsAFileTooLargeToOpen	action=pass	elapsed=1.420
test	partition=ui-2	package=github.com/frathe/picfetch/internal/ui	name=TestAttemptLoad_ToastsAndFallsBackToAStaticFrameForAnOversizedAnimation	action=pass	elapsed=1.020
test	partition=ui-3	package=github.com/frathe/picfetch/internal/ui	name=TestBuildMainMenu_ManualOpenedObserverSyncsWindowHelp	action=pass	elapsed=5.580
test	partition=ui-3	package=github.com/frathe/picfetch/internal/ui	name=TestBuildMainMenu_ExportItemDisplaysItsAccelerator	action=pass	elapsed=0.140
test	partition=ui-2	package=github.com/frathe/picfetch/internal/ui	name=TestToggleInfoOverlay_ZoomLineTracksZoomChanges	action=pass	elapsed=0.990
test	partition=ui-3	package=github.com/frathe/picfetch/internal/ui	name=TestFavoritesMenuItemOpensStoredFilesThroughViewer	action=pass	elapsed=0.890
test	partition=ui-3	package=github.com/frathe/picfetch/internal/ui	name=TestWireFavoriteShortcutsMapsDigitsToFavoriteSlots	action=pass	elapsed=0.000
test	partition=ui-3	package=github.com/frathe/picfetch/internal/ui	name=TestRefreshMenus_FavoriteChangeRepublishesTheBarThroughTheViewer	action=pass	elapsed=0.140
test	partition=ui-3	package=github.com/frathe/picfetch/internal/ui	name=TestWireManageFavoritesShortcut_OpensTheDialog	action=pass	elapsed=0.140
test	partition=ui-2	package=github.com/frathe/picfetch/internal/ui	name=TestClearToDropzone_HidesInfoCardButKeepsThePreference	action=pass	elapsed=1.800
test	partition=ui-3	package=github.com/frathe/picfetch/internal/ui	name=TestWireManageFavoritesShortcut_DoesNothingWhileTheDeleteCardIsUp	action=pass	elapsed=1.230
test	partition=ui-2	package=github.com/frathe/picfetch/internal/ui	name=TestHandleKeyEvent_IgnoredWhileAFyneDialogIsUp	action=pass	elapsed=0.800
test	partition=ui-3	package=github.com/frathe/picfetch/internal/ui	name=TestWireAddFavoritesShortcut_OpensTheDialog	action=pass	elapsed=0.930
test	partition=ui-2	package=github.com/frathe/picfetch/internal/ui	name=TestHandleTypedRune_GridIsNotACanvasOverlay	action=pass	elapsed=0.910
test	partition=ui-2	package=github.com/frathe/picfetch/internal/ui	name=TestLaunchOptions_SavedPreferencesKeepPreFlagValues	action=pass	elapsed=0.170
test	partition=ui-2	package=github.com/frathe/picfetch/internal/ui	name=TestLaunchOptions_PreFlagValueWinsOverALiveChange	action=pass	elapsed=0.170
test	partition=ui-3	package=github.com/frathe/picfetch/internal/ui	name=TestWireAddFavoritesShortcut_DoesNothingWhileTheDeleteCardIsUp	action=pass	elapsed=1.260
test	partition=ui-3	package=github.com/frathe/picfetch/internal/ui	name=TestCloseFilesItem_DisabledWithNoFilesLoaded	action=pass	elapsed=0.140
test	partition=ui-3	package=github.com/frathe/picfetch/internal/ui	name=TestCloseFiles_NeverClosesTheWindow	action=pass	elapsed=0.270
test	partition=ui-2	package=github.com/frathe/picfetch/internal/ui	name=TestLaunchOptions_PictureFrameStartsOnlyOnce	action=pass	elapsed=1.520
test	partition=ui-3	package=github.com/frathe/picfetch/internal/ui	name=TestCloseFiles_CancelsScanInProgress	action=pass	elapsed=0.680
test	partition=ui-3	package=github.com/frathe/picfetch/internal/ui	name=TestSyncMenus_KeepsFavoritesAddItemInStep	action=pass	elapsed=0.920
test	partition=ui-2	package=github.com/frathe/picfetch/internal/ui	name=TestViewerShow_RejectsAbsurdHeaderDimensions	action=pass	elapsed=1.440
test	partition=ui-1	package=github.com/frathe/picfetch/internal/ui	name=TestGridBrowseDuringAnalysis	action=pass	elapsed=18.980
test	partition=ui-3	package=github.com/frathe/picfetch/internal/ui	name=TestMosaicSources_UsesExplicitSelectionExclusively	action=pass	elapsed=1.160
test	partition=ui-2	package=github.com/frathe/picfetch/internal/ui	name=TestViewerShow_RAWPreviewMarksTheTitle	action=pass	elapsed=0.860
test	partition=ui-3	package=github.com/frathe/picfetch/internal/ui	name=TestMosaicDrain_ClosesWindowAndClearsTransientState	action=pass	elapsed=0.160
test	partition=ui-2	package=github.com/frathe/picfetch/internal/ui	name=TestMemoryLimitGettersAndSetters	action=pass	elapsed=0.120
test	partition=ui-3	package=github.com/frathe/picfetch/internal/ui	name=TestMosaicShutdown_ClosesWindowBeforeTheEventLoopStops	action=pass	elapsed=0.190
test	partition=ui-2	package=github.com/frathe/picfetch/internal/ui	name=TestBuildMainMenu_Structure	action=pass	elapsed=0.110
test	partition=ui-2	package=github.com/frathe/picfetch/internal/ui	name=TestBuildMainMenu_OpenFilesItemInvokesTheNativeChooser	action=pass	elapsed=0.230
test	partition=ui-3	package=github.com/frathe/picfetch/internal/ui	name=TestRunFileChooser_LoadsSelectedImage	action=pass	elapsed=0.930
test	partition=ui-1	package=github.com/frathe/picfetch/internal/ui	name=TestHandleTypedRune_GridVisible_SwallowedByExportPrompt	action=pass	elapsed=1.600
test	partition=ui-3	package=github.com/frathe/picfetch/internal/ui	name=TestRunFileChooser_CancelLeavesStateUntouched	action=pass	elapsed=0.140
test	partition=ui-3	package=github.com/frathe/picfetch/internal/ui	name=TestChooserErrorDetail_PrefersStderr	action=pass	elapsed=0.030
test	partition=ui-3	package=github.com/frathe/picfetch/internal/ui	name=TestChooserErrorDetail_FallsBackToErrorString	action=pass	elapsed=0.000
test	partition=ui-2	package=github.com/frathe/picfetch/internal/ui	name=TestBuildMainMenu_CloseFilesItemResetsToWelcomeState	action=pass	elapsed=0.980
test	partition=ui-3	package=github.com/frathe/picfetch/internal/ui	name=TestOpenFileDialog_RunsChooserInBackground	action=pass	elapsed=0.280
test	partition=ui-3	package=github.com/frathe/picfetch/internal/ui	name=TestTappableArea_TappedInvokesCallback	action=pass	elapsed=0.000
test	partition=ui-3	package=github.com/frathe/picfetch/internal/ui	name=TestTappableArea_HoverInvokesOnHoverCallback	action=pass	elapsed=0.000
test	partition=ui-3	package=github.com/frathe/picfetch/internal/ui	name=TestTappableArea_HoverIsOptional	action=pass	elapsed=0.000
test	partition=ui-3	package=github.com/frathe/picfetch/internal/ui	name=TestE2E_TappingDropzoneArtOpensFileDialog	action=pass	elapsed=0.270
test	partition=ui-2	package=github.com/frathe/picfetch/internal/ui	name=TestCloseFilesItem_EnabledAfterFilesLoaded	action=pass	elapsed=0.810
test	partition=ui-1	package=github.com/frathe/picfetch/internal/ui	name=TestEnterPictureFrameMode_ClosesOpenGrid	action=pass	elapsed=1.110
test	partition=ui-3	package=github.com/frathe/picfetch/internal/ui	name=TestOpenInitialFiles_OpensPendingWhenNothingWasDelivered	action=pass	elapsed=0.910
test	partition=ui-2	package=github.com/frathe/picfetch/internal/ui	name=TestMosaicWindow_OpensFromMenuWithDefensiveSnapshot	action=pass	elapsed=0.890
test	partition=ui-1	package=github.com/frathe/picfetch/internal/ui	name=TestHandleDrop_ClosesOpenGrid	action=pass	elapsed=1.730
test	partition=ui-2	package=github.com/frathe/picfetch/internal/ui	name=TestMosaicSources_UsesCompleteFilteredResultWithoutSelection	action=pass	elapsed=0.870
test	partition=ui-3	package=github.com/frathe/picfetch/internal/ui	name=TestOpenWithHandler_DeliveryMergesWhenMergeModeIsOn	action=pass	elapsed=1.580
test	partition=ui-3	package=github.com/frathe/picfetch/internal/ui	name=TestNormalizePreferenceDefaults	action=pass	elapsed=0.000
test	partition=ui-3	package=github.com/frathe/picfetch/internal/ui	name=TestStartViewerRuntime_ReplacesConstructionStopAfterGeometryRestoration	action=pass	elapsed=0.180
test	partition=ui-3	package=github.com/frathe/picfetch/internal/ui	name=TestWindowSizeTracker_RecordsResizes	action=pass	elapsed=0.150
test	partition=ui-3	package=github.com/frathe/picfetch/internal/ui	name=TestStaticWindowSize_DefaultsToFalseOnStartup	action=pass	elapsed=0.110
test	partition=ui-3	package=github.com/frathe/picfetch/internal/ui	name=TestWireRevealShortcut_RevealsCurrentFile	action=pass	elapsed=0.110
test	partition=ui-3	package=github.com/frathe/picfetch/internal/ui	name=TestRevealActionsFile_MenuItemRevealsCurrentFile	action=pass	elapsed=0.110
test	partition=ui-3	package=github.com/frathe/picfetch/internal/ui	name=TestRotateBy_NoImageIsNoOp	action=pass	elapsed=0.110
test	partition=ui-1	package=github.com/frathe/picfetch/internal/ui	name=TestGridHighlight_VariantsHoverUpdatesTitleAndHidesMergePrefix	action=pass	elapsed=1.400
test	partition=ui-2	package=github.com/frathe/picfetch/internal/ui	name=TestOpenWithHandler_DeliveryClosesTheGridAndCancelsAPendingDelete	action=pass	elapsed=1.890
test	partition=ui-3	package=github.com/frathe/picfetch/internal/ui	name=TestRotateBy_SwapsBoundsAndResizesWindow	action=pass	elapsed=0.910
test	partition=ui-2	package=github.com/frathe/picfetch/internal/ui	name=TestStartup_LoadsSavedPreferencesIntoViewer	action=pass	elapsed=0.170
test	partition=ui-2	package=github.com/frathe/picfetch/internal/ui	name=TestCurrentPreferences_CarriesSecondaryWindowGeometry	action=pass	elapsed=0.170
test	partition=ui-2	package=github.com/frathe/picfetch/internal/ui	name=TestMosaicPreferences_RestoreAndCurrentSnapshot	action=pass	elapsed=0.170
test	partition=ui-1	package=github.com/frathe/picfetch/internal/ui	name=TestGridHighlight_TitleKeepsTheModePrefixes	action=pass	elapsed=1.040
test	partition=ui-2	package=github.com/frathe/picfetch/internal/ui	name=TestFavoritePreviewCache_DefaultsToTrueOnStartup	action=pass	elapsed=0.110
test	partition=ui-2	package=github.com/frathe/picfetch/internal/ui	name=TestCurrentPreferences_DefaultFavoritePreviewCacheIsTrue	action=pass	elapsed=0.110
test	partition=ui-2	package=github.com/frathe/picfetch/internal/ui	name=TestSetFavoritePreviewCache_UpdatesGetterAndCurrentPreferences	action=pass	elapsed=0.110
test	partition=ui-2	package=github.com/frathe/picfetch/internal/ui	name=TestStartup_RestoresLastUpdateCheckDay	action=pass	elapsed=0.140
test	partition=ui-3	package=github.com/frathe/picfetch/internal/ui	name=TestRotateBy_CounterClockwiseWraps	action=pass	elapsed=0.900
test	partition=ui-2	package=github.com/frathe/picfetch/internal/ui	name=TestSetCheckForUpdates_UpdatesGetterAndCurrentPreferences	action=pass	elapsed=0.110
test	partition=ui-2	package=github.com/frathe/picfetch/internal/ui	name=TestRevealCurrentFile_DispatchFailureShowsToast	action=pass	elapsed=0.360
test	partition=ui-3	package=github.com/frathe/picfetch/internal/ui	name=TestRotateBy_FourStepsReturnsToStart	action=pass	elapsed=0.950
test	partition=ui-2	package=github.com/frathe/picfetch/internal/ui	name=TestRevealLink_RevealsCurrentFile	action=pass	elapsed=0.960
test	partition=ui-3	package=github.com/frathe/picfetch/internal/ui	name=TestResetRotation_Key0ClearsRotationAndZoom	action=pass	elapsed=0.920
test	partition=ui-2	package=github.com/frathe/picfetch/internal/ui	name=TestRotateBy_ResetsZoomFit	action=pass	elapsed=0.940
test	partition=ui-3	package=github.com/frathe/picfetch/internal/ui	name=TestFinishLoad_ResetsRotationOnNavigation	action=pass	elapsed=1.080
test	partition=ui-2	package=github.com/frathe/picfetch/internal/ui	name=TestResetRotation_AfterClearToDropzoneDoesNotPanic	action=pass	elapsed=0.900
test	partition=ui-3	package=github.com/frathe/picfetch/internal/ui	name=TestCanSaveRotation_TrueAfterRotatingAnEncodableFormat	action=pass	elapsed=0.860
test	partition=ui-2	package=github.com/frathe/picfetch/internal/ui	name=TestCanSaveRotation_FalseWithZeroRotation	action=pass	elapsed=0.900
test	partition=ui-3	package=github.com/frathe/picfetch/internal/ui	name=TestCanSaveRotation_FalseForUnsupportedFormat	action=pass	elapsed=0.820
test	partition=ui-1	package=github.com/frathe/picfetch/internal/ui	name=TestImageCacheWriters_PreserveCompleteRecords	action=pass	elapsed=5.360
test	partition=ui-2	package=github.com/frathe/picfetch/internal/ui	name=TestCanSaveRotation_FalseForRAW	action=pass	elapsed=0.920
test	partition=ui-1	package=github.com/frathe/picfetch/internal/ui	name=TestCompareFirstNavigation_ShowsCachedSizeAndEXIF	action=pass	elapsed=0.560
test	partition=ui-3	package=github.com/frathe/picfetch/internal/ui	name=TestCanSaveRotation_FalseWhileLoading	action=pass	elapsed=0.800
test	partition=ui-3	package=github.com/frathe/picfetch/internal/ui	name=TestSaveRotation_NoOpWhenNothingToSave	action=pass	elapsed=0.790
test	partition=ui-1	package=github.com/frathe/picfetch/internal/ui	name=TestFinishLoad_PreloadsBothNeighbors	action=pass	elapsed=0.940
test	partition=ui-2	package=github.com/frathe/picfetch/internal/ui	name=TestSaveRotation_ConfirmedTrashWaitsForSave	action=pass	elapsed=1.950
test	partition=ui-3	package=github.com/frathe/picfetch/internal/ui	name=TestSaveRotation_FailedWriteLeavesRotationUnchanged	action=pass	elapsed=0.980
test	partition=ui-1	package=github.com/frathe/picfetch/internal/ui	name=TestAttemptLoad_CacheHitServesFileRemovedFromDisk	action=pass	elapsed=0.970
test	partition=ui-1	package=github.com/frathe/picfetch/internal/ui	name=TestRemoveFile_PurgesCacheEntry	action=pass	elapsed=0.110
test	partition=ui-2	package=github.com/frathe/picfetch/internal/ui	name=TestSaveRotation_PreservesJPEGExif	action=pass	elapsed=1.090
test	partition=ui-3	package=github.com/frathe/picfetch/internal/ui	name=TestSaveItem_EnabledAfterRotatingAndDisabledAfterNavigatingAway	action=pass	elapsed=0.960
test	partition=ui-1	package=github.com/frathe/picfetch/internal/ui	name=TestPreloadOne_SkipsANeighborTooLargeForTheBudget	action=pass	elapsed=0.740
test	partition=ui-2	package=github.com/frathe/picfetch/internal/ui	name=TestSaveItem_DisabledInitially	action=pass	elapsed=0.140
test	partition=ui-3	package=github.com/frathe/picfetch/internal/ui	name=TestBuildViewer_NoSavedSessionHidesRestoreLink	action=pass	elapsed=0.170
test	partition=ui-1	package=github.com/frathe/picfetch/internal/ui	name=TestToggleInfoOverlay_HiddenUntilAnImageIsLoaded	action=pass	elapsed=0.900
test	partition=ui-3	package=github.com/frathe/picfetch/internal/ui	name=TestRestoreSession_LoadsSavedFilesAndHidesLink	action=pass	elapsed=0.920
test	partition=ui-2	package=github.com/frathe/picfetch/internal/ui	name=TestSaveItem_DisabledAfterCloseFiles	action=pass	elapsed=1.130
test	partition=ui-1	package=github.com/frathe/picfetch/internal/ui	name=TestHandleTypedRune_IgnoredWhileAFyneDialogIsUp	action=pass	elapsed=0.950
test	partition=ui-3	package=github.com/frathe/picfetch/internal/ui	name=TestViewerReset_ReshowsRestoreLinkWhenSessionUnconsumed	action=pass	elapsed=1.160
test	partition=ui-2	package=github.com/frathe/picfetch/internal/ui	name=TestSaveChangesInvalidatesAliasesAndRejectsOlderPreloads	action=pass	elapsed=1.090
test	partition=ui-3	package=github.com/frathe/picfetch/internal/ui	name=TestSettingsState_SubstitutesSlideIntervalDefault	action=pass	elapsed=0.140
test	partition=ui-1	package=github.com/frathe/picfetch/internal/ui	name=TestHandleKeyEvent_VNoopsInImageView	action=pass	elapsed=0.830
test	partition=ui-1	package=github.com/frathe/picfetch/internal/ui	name=TestLaunchOptions_AppliesEverySetting	action=pass	elapsed=0.170
test	partition=ui-1	package=github.com/frathe/picfetch/internal/ui	name=TestLaunchOptions_PictureFrameStartsAfterTheLaunchFilesLoad	action=pass	elapsed=0.930
test	partition=ui-3	package=github.com/frathe/picfetch/internal/ui	name=TestApplySettings_AppliesOnlyChangedFields	action=pass	elapsed=1.420
test	partition=ui-3	package=github.com/frathe/picfetch/internal/ui	name=TestTogglePictureFrameMode_EntersAndExitsFullScreen	action=pass	elapsed=0.960
test	partition=ui-1	package=github.com/frathe/picfetch/internal/ui	name=TestLaunchOptions_PictureFrameSpentWhenTheLaunchLoadsNothing	action=pass	elapsed=1.540
test	partition=ui-3	package=github.com/frathe/picfetch/internal/ui	name=TestAdvance_WrapsAroundAtTheEnd	action=pass	elapsed=1.190
test	partition=ui-3	package=github.com/frathe/picfetch/internal/ui	name=TestShow_TracksAnimatedGIFLoopDuration	action=pass	elapsed=1.000
test	partition=ui-3	package=github.com/frathe/picfetch/internal/ui	name=TestSlideShuffleGetterSetter	action=pass	elapsed=0.110
test	partition=ui-3	package=github.com/frathe/picfetch/internal/ui	name=TestSetSlideInterval_TakesEffect	action=pass	elapsed=0.110
test	partition=ui-3	package=github.com/frathe/picfetch/internal/ui	name=TestRandomOtherIndex_EmptyOrSingleReturnsCurrentUnchanged	action=pass	elapsed=0.000
test	partition=ui-3	package=github.com/frathe/picfetch/internal/ui	name=TestRandomOtherIndex_NeverReturnsCurrent	action=pass	elapsed=0.000
test	partition=ui-3	package=github.com/frathe/picfetch/internal/ui	name=TestRandomOtherIndex_CoversEveryOtherIndex	action=pass	elapsed=0.000
test	partition=ui-2	package=github.com/frathe/picfetch/internal/ui	name=TestSaveChangesCancellationKeepsCommittedDiskEffectsAndCurrentView	action=pass	elapsed=5.810
test	partition=ui-3	package=github.com/frathe/picfetch/internal/ui	name=TestToggleSort_CyclesThroughAllModesAndBackToName	action=pass	elapsed=3.150
test	partition=ui-3	package=github.com/frathe/picfetch/internal/ui	name=TestSetSortMode_SnapshotDoesNotAliasUnsortedFiles	action=pass	elapsed=0.340
test	partition=ui-3	package=github.com/frathe/picfetch/internal/ui	name=TestHandleKeyEvent_EscapeDuringFirstDropReorderDoesNotCloseWindow	action=pass	elapsed=0.340
test	partition=ui-3	package=github.com/frathe/picfetch/internal/ui	name=TestHandleKeyEvent_EscapeDuringResortOfExistingFilesDoesNotClearThem	action=pass	elapsed=1.000
test	partition=ui-3	package=github.com/frathe/picfetch/internal/ui	name=TestAppStateModelPreferences	action=pass	elapsed=0.000
test	partition=ui-3	package=github.com/frathe/picfetch/internal/ui	name=TestAppStateReplaceFilesCopiesAndResetsIndex	action=pass	elapsed=0.000
test	partition=ui-3	package=github.com/frathe/picfetch/internal/ui	name=TestAppStateRemoveFileRemovesOneMatchingUnsortedDuplicate	action=pass	elapsed=0.000
test	partition=ui-3	package=github.com/frathe/picfetch/internal/ui	name=TestAppStateClearFilesResetsFileState	action=pass	elapsed=0.000
test	partition=ui-3	package=github.com/frathe/picfetch/internal/ui	name=TestStaticWindowSize_ResetKeepsWindowSize	action=pass	elapsed=1.210
test	partition=ui-2	package=github.com/frathe/picfetch/internal/ui	name=TestSaveChangesCapturesPixelsAndRetainsLaterRotation	action=pass	elapsed=5.780
test	partition=ui-3	package=github.com/frathe/picfetch/internal/ui	name=TestStepImage_NextAndPrevWrap	action=pass	elapsed=1.370
test	partition=ui-2	package=github.com/frathe/picfetch/internal/ui	name=TestSaveChangesBusyPreservesCompletionAndAllowsRetry	action=pass	elapsed=1.380
test	partition=ui-3	package=github.com/frathe/picfetch/internal/ui	name=TestStepImage_NoopWithOneFile	action=pass	elapsed=0.860
test	partition=ui-2	package=github.com/frathe/picfetch/internal/ui	name=TestSaveChangesQueuedFailureCannotAffectNavigatedView	action=pass	elapsed=1.140
test	partition=ui-3	package=github.com/frathe/picfetch/internal/ui	name=TestAdvance_SingleFileDropWalksSiblings	action=pass	elapsed=1.050
test	partition=ui-1	package=github.com/frathe/picfetch/internal/ui	name=TestLaunchOptions_PictureFrameSpentWhenLaunchCancelled	action=pass	elapsed=11.740
test	partition=ui-3	package=github.com/frathe/picfetch/internal/ui	name=TestStepImage_NoopWhileFyneDialogIsUp	action=pass	elapsed=0.820
test	partition=ui-2	package=github.com/frathe/picfetch/internal/ui	name=TestSaveChangesLeavesQueuedUIResponsive	action=pass	elapsed=1.160
test	partition=ui-3	package=github.com/frathe/picfetch/internal/ui	name=TestHandleKeyEvent_ShiftDOpensGridOnCurrentGroup	action=pass	elapsed=0.920
test	partition=ui-2	package=github.com/frathe/picfetch/internal/ui	name=TestViewerReset_DoesNotReshowRestoreLinkOnceConsumed	action=pass	elapsed=1.190
test	partition=ui-1	package=github.com/frathe/picfetch/internal/ui	name=TestLaunchOptions_PictureFrameSpentWhenResetBeforeScan	action=pass	elapsed=2.120
test	partition=ui-1	package=github.com/frathe/picfetch/internal/ui	name=TestInvalidateLoad_CancelsPriorLoadContext	action=pass	elapsed=0.140
test	partition=ui-3	package=github.com/frathe/picfetch/internal/ui	name=TestHandleKeyEvent_LeftRightUseStepImage	action=pass	elapsed=1.190
test	partition=ui-2	package=github.com/frathe/picfetch/internal/ui	name=TestApplySettings_ChangesSortWhenAsked	action=pass	elapsed=1.260
test	partition=ui-1	package=github.com/frathe/picfetch/internal/ui	name=TestShowImage_StartsLoadLifecycle	action=pass	elapsed=0.930
test	partition=ui-3	package=github.com/frathe/picfetch/internal/ui	name=TestHandleKeyEvent_DNoopWhileInspecting	action=pass	elapsed=1.190
test	partition=ui-2	package=github.com/frathe/picfetch/internal/ui	name=TestHandleKeyEvent_EscapeLeavesPictureFrameModeWithoutResetting	action=pass	elapsed=1.160
test	partition=ui-3	package=github.com/frathe/picfetch/internal/ui	name=TestHandleKeyEvent_PNoopWhileInspecting	action=pass	elapsed=1.190
test	partition=ui-2	package=github.com/frathe/picfetch/internal/ui	name=TestHandleKeyEvent_UpDownAdjustIntervalInsteadOfNavigating	action=pass	elapsed=0.930
test	partition=ui-1	package=github.com/frathe/picfetch/internal/ui	name=TestViewerShow_LoadsAndNavigates	action=pass	elapsed=1.830
test	partition=ui-2	package=github.com/frathe/picfetch/internal/ui	name=TestHandleKeyEvent_ShiftPTogglesShuffleAndPrefixesTitle	action=pass	elapsed=0.140
test	partition=ui-3	package=github.com/frathe/picfetch/internal/ui	name=TestShowWindowGrid_FromInspectReopensVariants	action=pass	elapsed=1.290
test	partition=ui-1	package=github.com/frathe/picfetch/internal/ui	name=TestViewerShow_AutoAdvancesPastBrokenFileDuringNavigation	action=pass	elapsed=1.380
test	partition=ui-3	package=github.com/frathe/picfetch/internal/ui	name=TestShowWindowPictureFrame_NoopsDuringVariantsSession	action=pass	elapsed=1.200
test	partition=ui-3	package=github.com/frathe/picfetch/internal/ui	name=TestVectorFloorMatchesStartWindowSize	action=pass	elapsed=0.000
test	partition=ui-1	package=github.com/frathe/picfetch/internal/ui	name=TestViewerShow_AutoAdvancesPastBrokenFirstFile	action=pass	elapsed=1.160
test	partition=ui-1	package=github.com/frathe/picfetch/internal/ui	name=TestMemoryLimitSetters_FloorAtOne	action=pass	elapsed=0.140
test	partition=ui-1	package=github.com/frathe/picfetch/internal/ui	name=TestSetMaxImageCacheMBRetunesTheVectorRasterCeiling	action=pass	elapsed=0.140
test	partition=ui-1	package=github.com/frathe/picfetch/internal/ui	name=TestBuildMainMenu_WindowItemsDisplayTheirAccelerators	action=pass	elapsed=0.140
test	partition=ui-3	package=github.com/frathe/picfetch/internal/ui	name=TestRasterizeVectorStopsOnShutdownSignal	action=pass	elapsed=0.870
test	partition=ui-1	package=github.com/frathe/picfetch/internal/ui	name=TestBuildMainMenu_SettingsItemOpensTheSettingsWindow	action=pass	elapsed=0.180
test	partition=ui-3	package=github.com/frathe/picfetch/internal/ui	name=TestRasterFormatKeepsNoVectorState	action=pass	elapsed=0.850
test	partition=ui-1	package=github.com/frathe/picfetch/internal/ui	name=TestFavoriteShortcutOpensStoredFilesThroughViewer	action=pass	elapsed=0.930
test	partition=ui-2	package=github.com/frathe/picfetch/internal/ui	name=TestAdvance_ShuffleOnNeverRepeatsCurrentIndex	action=pass	elapsed=4.620
test	partition=ui-2	package=github.com/frathe/picfetch/internal/ui	name=TestSetSlideInterval_ClampsToMinimum	action=pass	elapsed=0.110
test	partition=ui-1	package=github.com/frathe/picfetch/internal/ui	name=TestGlobalFavoriteShortcutOpensStoredFilesThroughViewer	action=pass	elapsed=0.930
test	partition=ui-3	package=github.com/frathe/picfetch/internal/ui	name=TestRotatedNonSquareSVGKeepsItsAspectRatio	action=pass	elapsed=1.750
test	partition=ui-2	package=github.com/frathe/picfetch/internal/ui	name=TestShowImage_InPictureFrameModeEndsFullyOpaque	action=pass	elapsed=1.000
test	partition=ui-2	package=github.com/frathe/picfetch/internal/ui	name=TestInvalidateSortCancelsAndFinalizesCurrentProgress	action=pass	elapsed=0.110
test	partition=ui-2	package=github.com/frathe/picfetch/internal/ui	name=TestCaptureSort_CancelsHeldReadWithoutInstallingOrder	action=pass	elapsed=0.450
test	partition=ui-1	package=github.com/frathe/picfetch/internal/ui	name=TestWireManageFavoritesShortcut_DoesNothingWhileTheExportPromptIsUp	action=pass	elapsed=1.490
test	partition=ui-1	package=github.com/frathe/picfetch/internal/ui	name=TestWireAddFavoritesShortcut_DoesNothingWithoutFiles	action=pass	elapsed=0.140
test	partition=ui-3	package=github.com/frathe/picfetch/internal/ui	name=TestCloseFilesClearsVector	action=pass	elapsed=1.070
test	partition=ui-3	package=github.com/frathe/picfetch/internal/ui	name=TestVectorNeedsRender	action=pass	elapsed=0.000
test	partition=ui-3	package=github.com/frathe/picfetch/internal/ui	name=TestVectorRasterTarget	action=pass	elapsed=0.000
test	partition=ui-1	package=github.com/frathe/picfetch/internal/ui	name=TestCloseFilesItem_DisabledAgainAfterCloseFiles	action=pass	elapsed=1.170
test	partition=ui-2	package=github.com/frathe/picfetch/internal/ui	name=TestCaptureSort_CancellationRestoresMenuAndAllowsRetry	action=pass	elapsed=1.560
test	partition=ui-3	package=github.com/frathe/picfetch/internal/ui	name=TestRotatingAZoomedSVGSizesTheWindowFromItsLogicalSize	action=pass	elapsed=2.020
test	partition=ui-1	package=github.com/frathe/picfetch/internal/ui	name=TestCloseFiles_ResetsLoadedFilesToWelcomeState	action=pass	elapsed=1.180
test	partition=ui-2	package=github.com/frathe/picfetch/internal/ui	name=TestCaptureSort_SupersededCompletionPreservesCancellationBaseline	action=pass	elapsed=1.620
test	partition=ui-3	package=github.com/frathe/picfetch/internal/ui	name=TestSVGThumbnailsInTheGridOverview	action=pass	elapsed=0.910
test	partition=ui-2	package=github.com/frathe/picfetch/internal/ui	name=TestSyncWindowToZoom_StaticSizeDoesNotResize	action=pass	elapsed=1.010
test	partition=ui-3	package=github.com/frathe/picfetch/internal/ui	name=TestJumpIfHiddenExtra_NoopWhileInspecting	action=pass	elapsed=0.970
test	partition=ui-3	package=github.com/frathe/picfetch/internal/ui	name=TestCanSetWallpaper_FalseWithNoImage	action=pass	elapsed=0.110
test	partition=ui-2	package=github.com/frathe/picfetch/internal/ui	name=TestRotateBy_StaticSizeDoesNotResize	action=pass	elapsed=0.900
test	partition=ui-3	package=github.com/frathe/picfetch/internal/ui	name=TestCanSetWallpaper_TrueForALoadedImage	action=pass	elapsed=0.810
test	partition=ui-2	package=github.com/frathe/picfetch/internal/ui	name=TestStepImage_NoopWhileLoading	action=pass	elapsed=0.820
test	partition=ui-3	package=github.com/frathe/picfetch/internal/ui	name=TestSetAsWallpaper_PointsTheOSAtACopyOfTheFrameOnScreen	action=pass	elapsed=1.070
test	partition=ui-2	package=github.com/frathe/picfetch/internal/ui	name=TestStepImage_NoopWhileDeleteConfirmVisible	action=pass	elapsed=1.070
test	partition=ui-3	package=github.com/frathe/picfetch/internal/ui	name=TestMosaicWallpaper_RejectsOverlapAndDeletesOnlyFailedCopy	action=pass	elapsed=1.020
test	partition=ui-2	package=github.com/frathe/picfetch/internal/ui	name=TestStepImage_SkipsHiddenExtras	action=pass	elapsed=1.190
test	partition=ui-3	package=github.com/frathe/picfetch/internal/ui	name=TestSyncMenus_TracksTheWallpaperItem	action=pass	elapsed=1.020
test	partition=ui-1	package=github.com/frathe/picfetch/internal/ui	name=TestYieldingMenuCallbacksWrapsEveryField	action=pass	elapsed=6.810
test	partition=ui-1	package=github.com/frathe/picfetch/internal/ui	name=TestMosaicMenu_FollowsGridResultImmediately	action=pass	elapsed=1.040
test	partition=ui-1	package=github.com/frathe/picfetch/internal/ui	name=TestMosaicWindow_DirectInvocationGuardsClosedOrEmptyGrid	action=pass	elapsed=0.930
test	partition=ui-2	package=github.com/frathe/picfetch/internal/ui	name=TestStepImage_HideDuplicatesShowsHighestResolution	action=pass	elapsed=7.010
test	partition=ui-1	package=github.com/frathe/picfetch/internal/ui	name=TestMosaicSources_HiddenDuplicatesUseHighestResolution	action=pass	elapsed=4.310
test	partition=ui-2	package=github.com/frathe/picfetch/internal/ui	name=TestHandleKeyEvent_ShiftDNoopOnUniqueDoesNotOpenGrid	action=pass	elapsed=1.160
test	partition=ui-1	package=github.com/frathe/picfetch/internal/ui	name=TestMosaicSnapshot_DoesNotRetargetAfterGridMutation	action=pass	elapsed=1.150
test	partition=ui-1	package=github.com/frathe/picfetch/internal/ui	name=TestReportChooserError_ToastsFailures	action=pass	elapsed=0.410
test	partition=ui-2	package=github.com/frathe/picfetch/internal/ui	name=TestHandleKeyEvent_PlainDStillHidesWhenGridClosed	action=pass	elapsed=0.910
test	partition=ui-1	package=github.com/frathe/picfetch/internal/ui	name=TestOpenShortcuts_InvokeFileDialog	action=pass	elapsed=0.550
test	partition=ui-2	package=github.com/frathe/picfetch/internal/ui	name=TestHandleKeyEvent_HomeEndSkipHiddenExtras	action=pass	elapsed=1.380
test	partition=ui-1	package=github.com/frathe/picfetch/internal/ui	name=TestRunFileChooser_PreservesPathIdentity	action=pass	elapsed=0.920
test	partition=ui-1	package=github.com/frathe/picfetch/internal/ui	name=TestOpenChooser_ReverseCompletionKeepsLatestRequest	action=pass	elapsed=0.930
test	partition=ui-2	package=github.com/frathe/picfetch/internal/ui	name=TestStepImage_InspectLoopsVariantsNotUniques	action=pass	elapsed=2.050
test	partition=ui-1	package=github.com/frathe/picfetch/internal/ui	name=TestOpenChooser_InterveningInputDiscardsHeldResult	action=pass	elapsed=2.770
test	partition=ui-2	package=github.com/frathe/picfetch/internal/ui	name=TestHandleKeyEvent_HomeEndWhileInspectingUseWholeSet	action=pass	elapsed=1.840
test	partition=ui-1	package=github.com/frathe/picfetch/internal/ui	name=TestOpenChooser_CurrentErrorWaitsForUIDelivery	action=pass	elapsed=0.410
test	partition=ui-1	package=github.com/frathe/picfetch/internal/ui	name=TestOpenChooser_SupersededErrorIsSilent	action=pass	elapsed=0.140
test	partition=ui-2	package=github.com/frathe/picfetch/internal/ui	name=TestHandleKeyEvent_ArrowAfterEndWhileInspectingReturnsToGroup	action=pass	elapsed=1.830
test	partition=ui-1	package=github.com/frathe/picfetch/internal/ui	name=TestOpenChooser_QueuedDeliveryRevalidatesComparison	action=pass	elapsed=2.550
test	partition=ui-2	package=github.com/frathe/picfetch/internal/ui	name=TestHandleKeyEvent_EscapeFromInspectReopensVariantsThenHideGrid	action=pass	elapsed=1.450
test	partition=ui-2	package=github.com/frathe/picfetch/internal/ui	name=TestHandleKeyEvent_EscapeWithoutInspectStillResets	action=pass	elapsed=1.160
test	partition=ui-2	package=github.com/frathe/picfetch/internal/ui	name=TestHandleKeyEvent_VFromInspectLeavesInspectOn	action=pass	elapsed=1.370
test	partition=ui-2	package=github.com/frathe/picfetch/internal/ui	name=TestSVGReRendersAtHigherDensityOnZoom	action=pass	elapsed=1.320
test	partition=ui-1	package=github.com/frathe/picfetch/internal/ui	name=TestOpenChooser_AdmissionRunsBeforeNativeWork	action=pass	elapsed=5.510
test	partition=ui-2	package=github.com/frathe/picfetch/internal/ui	name=TestSVGReRenderNeverMutatesTheCachedEntry	action=pass	elapsed=1.360
test	partition=ui-1	package=github.com/frathe/picfetch/internal/ui	name=TestOpenChooser_ShutdownDiscardsHeldResult	action=pass	elapsed=0.960
test	partition=ui-1	package=github.com/frathe/picfetch/internal/ui	name=TestOpenChooser_QueuedDeliveryIsDiscardedAfterReset	action=pass	elapsed=1.170
test	partition=ui-1	package=github.com/frathe/picfetch/internal/ui	name=TestInstallOpenWithHandler_FlushesADeliveryThatArrivedBeforeInstall	action=pass	elapsed=0.920
test	partition=ui-2	package=github.com/frathe/picfetch/internal/ui	name=TestZoomKeysDriveVectorRerenders	action=pass	elapsed=3.840
test	partition=ui-1	package=github.com/frathe/picfetch/internal/ui	name=TestOpenWithHandler_DeliveryWhileInstalledOpensTheFiles	action=pass	elapsed=0.930
test	partition=ui-2	package=github.com/frathe/picfetch/internal/ui	name=TestVectorRasterLandsWhenUIHopIsAsync	action=pass	elapsed=0.950
test	partition=ui-1	package=github.com/frathe/picfetch/internal/ui	name=TestOpenInitialFiles_ArgvAndADeliveryBecomeOneScanWithArgvFirst	action=pass	elapsed=0.930
test	partition=ui-1	package=github.com/frathe/picfetch/internal/ui	name=TestOpenInitialFiles_PlainLaunchStartsNoScan	action=pass	elapsed=0.140
test	partition=ui-2	package=github.com/frathe/picfetch/internal/ui	name=TestSVGThenRasterClearsVectorState	action=pass	elapsed=1.610
test	partition=ui-1	package=github.com/frathe/picfetch/internal/ui	name=TestThemeMode_RestoresAppliesLiveAndPersists	action=pass	elapsed=1.890
test	partition=ui-1	package=github.com/frathe/picfetch/internal/ui	name=TestStartup_LoadsSavedSecondaryWindowGeometry	action=pass	elapsed=0.170
test	partition=ui-1	package=github.com/frathe/picfetch/internal/ui	name=TestStartup_OmittedPreferencesUseShippedDefaults	action=pass	elapsed=0.170
test	partition=ui-2	package=github.com/frathe/picfetch/internal/ui	name=TestSVGRotationSwapsLogicalAxes	action=pass	elapsed=0.980
test	partition=ui-1	package=github.com/frathe/picfetch/internal/ui	name=TestCheckForUpdates_DefaultsToFalseOnStartup	action=pass	elapsed=0.140
test	partition=ui-1	package=github.com/frathe/picfetch/internal/ui	name=TestSetStaticWindowSize_UpdatesGetterAndCurrentPreferences	action=pass	elapsed=0.140
test	partition=ui-1	package=github.com/frathe/picfetch/internal/ui	name=TestSetDuplicateDistance_UpdatesGetterAndCurrentPreferences	action=pass	elapsed=0.140
test	partition=ui-2	package=github.com/frathe/picfetch/internal/ui	name=TestSVGRotationSwapsTheLogicalSizeZoomMeasuresAgainst	action=pass	elapsed=1.010
test	partition=ui-1	package=github.com/frathe/picfetch/internal/ui	name=TestViewerReset	action=pass	elapsed=1.180
test	partition=ui-1	package=github.com/frathe/picfetch/internal/ui	name=TestRevealCurrentFile_HandsThePathToTheFileManager	action=pass	elapsed=0.140
test	partition=ui-1	package=github.com/frathe/picfetch/internal/ui	name=TestRevealCurrentFile_RevealsTheDisplayedFileNotTheFirst	action=pass	elapsed=0.140
test	partition=ui-1	package=github.com/frathe/picfetch/internal/ui	name=TestRevealCurrentFile_NoFilesIsNoop	action=pass	elapsed=0.140
test	partition=ui-1	package=github.com/frathe/picfetch/internal/ui	name=TestCanSaveRotation_FalseWithNoImage	action=pass	elapsed=0.140
test	partition=ui-2	package=github.com/frathe/picfetch/internal/ui	name=TestSVGReRendersAfterRotation	action=pass	elapsed=1.890
test	partition=ui-1	package=github.com/frathe/picfetch/internal/ui	name=TestCanSaveRotation_FalseForAnimatedImage	action=pass	elapsed=0.930
test	partition=ui-1	package=github.com/frathe/picfetch/internal/ui	name=TestSaveRotation_WritesRotatedPixelsAndResetsState	action=pass	elapsed=1.160
test	partition=ui-2	package=github.com/frathe/picfetch/internal/ui	name=TestJumpIfHiddenExtra_MovesToRepresentative	action=pass	elapsed=1.380
test	partition=ui-1	package=github.com/frathe/picfetch/internal/ui	name=TestBuildMainMenu_SaveChangesItemInvokesSaveRotation	action=pass	elapsed=1.160
test	partition=ui-2	package=github.com/frathe/picfetch/internal/ui	name=TestJumpIfHiddenExtra_JumpsAgainAfterClearInspect	action=pass	elapsed=1.390
test	partition=ui-1	package=github.com/frathe/picfetch/internal/ui	name=TestWireSaveShortcut_SavesTheCurrentRotation	action=pass	elapsed=1.150
test	partition=ui-2	package=github.com/frathe/picfetch/internal/ui	name=TestCanSetWallpaper_TrueForAFormatWithNoEncoder	action=pass	elapsed=0.920
test	partition=ui-3	package=github.com/frathe/picfetch/internal/ui	name=TestWindowCommandAdmissionMatrix	action=pass	elapsed=37.760
test	partition=ui-2	package=github.com/frathe/picfetch/internal/ui	name=TestSetAsWallpaper_ReportsAFailure	action=pass	elapsed=1.160
test	partition=ui-3	package=github.com/frathe/picfetch/internal/ui	name=TestWindowMenu_FreshViewerDisablesSurfacesExceptHelp	action=pass	elapsed=0.110
test	partition=ui-2	package=github.com/frathe/picfetch/internal/ui	name=TestSetAsWallpaper_DoesNothingWithoutAnImage	action=pass	elapsed=0.140
test	partition=ui-2	package=github.com/frathe/picfetch/internal/ui	name=TestMosaicWallpaper_PassesExactResultAndOpaqueTarget	action=pass	elapsed=0.160
test	partition=ui-2	package=github.com/frathe/picfetch/internal/ui	name=TestMosaicWallpaper_SoloForwardsToTheRequest	action=pass	elapsed=0.160
test	partition=ui-3	package=github.com/frathe/picfetch/internal/ui	name=TestWindowMenu_PictureFrameToggleGreysPFEnablesViewerDisablesGrid	action=pass	elapsed=0.860
test	partition=ui-1	package=github.com/frathe/picfetch/internal/ui	name=TestSaveRotation_CorrectsJPEGDimensionValues	action=pass	elapsed=2.310
test	partition=ui-1	package=github.com/frathe/picfetch/internal/ui	name=TestBuildViewer_SavedSessionShowsRestoreLink	action=pass	elapsed=0.170
test	partition=ui-2	package=github.com/frathe/picfetch/internal/ui	name=TestWindowMenu_ExifDisabledWhileOpenAndEnabledAfterClose	action=pass	elapsed=0.930
test	partition=ui-3	package=github.com/frathe/picfetch/internal/ui	name=TestWindowMenu_PictureFrameLeavesGridItemDisabled	action=pass	elapsed=0.860
test	partition=ui-1	package=github.com/frathe/picfetch/internal/ui	name=TestHandleDrop_HidesRestoreLinkEvenWithoutUsingIt	action=pass	elapsed=0.960
test	partition=ui-2	package=github.com/frathe/picfetch/internal/ui	name=TestWindowMenu_GKeyWhileGridClosedMatchesToggle	action=pass	elapsed=1.150
test	partition=ui-3	package=github.com/frathe/picfetch/internal/ui	name=TestWindowMenu_CloseFilesDisablesGridPictureFrameExifAndViewer	action=pass	elapsed=1.090
test	partition=ui-3	package=github.com/frathe/picfetch/internal/ui	name=TestResizeToImage	action=pass	elapsed=0.000
test	partition=ui-3	package=github.com/frathe/picfetch/internal/ui	name=TestSetMaxWindowSize_FloorsAtTheDropZoneSize	action=pass	elapsed=0.120
test	partition=ui-3	package=github.com/frathe/picfetch/internal/ui	name=TestStartWindowPosPolling_PanicsWithoutConstructedSlideshow	action=pass	elapsed=0.000
test	partition=ui-1	package=github.com/frathe/picfetch/internal/ui	name=TestApplySettings_RetunesImageCacheWithoutSorting	action=pass	elapsed=0.970
test	partition=ui-1	package=github.com/frathe/picfetch/internal/ui	name=TestApplySettings_DoesNotRevertLiveShortcutChanges	action=pass	elapsed=0.140
test	partition=ui-2	package=github.com/frathe/picfetch/internal/ui	name=TestWindowMenu_PictureFrameActionEntersAndDoesNotToggleOff	action=pass	elapsed=0.960
test	partition=ui-2	package=github.com/frathe/picfetch/internal/ui	name=TestWindowMenu_GridActionNoopsWithoutFiles	action=pass	elapsed=0.140
test	partition=ui-3	package=github.com/frathe/picfetch/internal/ui	name=TestSyncWindowToZoom_ActualSizeOnLargeImage	action=pass	elapsed=1.010
test	partition=ui-1	package=github.com/frathe/picfetch/internal/ui	name=TestHandleKeyEvent_PEntersPictureFrameMode	action=pass	elapsed=0.930
test	partition=ui-2	package=github.com/frathe/picfetch/internal/ui	name=TestWindowMenu_ExifActionOpensWhenAFileIsDisplayed	action=pass	elapsed=0.930
test	partition=ui-3	package=github.com/frathe/picfetch/internal/ui	name=TestSyncWindowToZoom_TinyImageZoomOutStaysAtFloor	action=pass	elapsed=0.860
test	partition=ui-1	package=github.com/frathe/picfetch/internal/ui	name=TestHandleKeyEvent_UpDownNavigateOutsidePictureFrameMode	action=pass	elapsed=1.150
test	partition=ui-2	package=github.com/frathe/picfetch/internal/ui	name=TestWindowMenu_PictureFrameDisabledDuringVariantsSession	action=pass	elapsed=1.390
test	partition=ui-3	package=github.com/frathe/picfetch/internal/ui	name=TestSyncWindowToZoom_GridVisibleDoesNotResize	action=pass	elapsed=1.250
test	partition=ui-1	package=github.com/frathe/picfetch/internal/ui	name=TestHandleKeyEvent_LeftRightStillNavigateInPictureFrameMode	action=pass	elapsed=1.150
test	partition=ui-2	package=github.com/frathe/picfetch/internal/ui	name=TestHandleKeyEvent_ZoomShortcuts	action=pass	elapsed=0.950
package	partition=ui-3	package=github.com/frathe/picfetch/internal/ui	action=pass	elapsed=274.134
test	partition=ui-1	package=github.com/frathe/picfetch/internal/ui	name=TestClearToDropzone_ExitsPictureFrameMode	action=pass	elapsed=1.170
test	partition=ui-2	package=github.com/frathe/picfetch/internal/ui	name=TestHandleKeyEvent_ZoomInThenOutClearsGrabCursor	action=pass	elapsed=0.960
test	partition=ui-1	package=github.com/frathe/picfetch/internal/ui	name=TestHandleKeyEvent_PlainPStillEntersPictureFrameModeAfterShiftP	action=pass	elapsed=0.920
test	partition=ui-1	package=github.com/frathe/picfetch/internal/ui	name=TestSlideInterval_DefaultsBeforePictureFrameModeEverRuns	action=pass	elapsed=0.140
test	partition=ui-2	package=github.com/frathe/picfetch/internal/ui	name=TestZoomWidget_LayoutFillsViewportAtFit	action=pass	elapsed=0.920
test	partition=ui-1	package=github.com/frathe/picfetch/internal/ui	name=TestTogglePictureFrameMode_ExitResetsFade	action=pass	elapsed=0.920
test	partition=ui-2	package=github.com/frathe/picfetch/internal/ui	name=TestSyncWindowToZoom_FitToWindowRestoresWindow	action=pass	elapsed=1.130
test	partition=ui-1	package=github.com/frathe/picfetch/internal/ui	name=TestHandleKeyEvent_EscapeResetsFade	action=pass	elapsed=0.920
test	partition=ui-2	package=github.com/frathe/picfetch/internal/ui	name=TestSyncWindowToZoom_SlideshowActiveDoesNotResize	action=pass	elapsed=1.330
test	partition=ui-1	package=github.com/frathe/picfetch/internal/ui	name=TestReset_ResetsFadeLeftMidTransition	action=pass	elapsed=1.150
package	partition=ui-2	package=github.com/frathe/picfetch/internal/ui	action=pass	elapsed=281.198
test	partition=ui-1	package=github.com/frathe/picfetch/internal/ui	name=TestShutdownStopsPictureFrameWithQueuedAdvance	action=pass	elapsed=0.930
test	partition=ui-1	package=github.com/frathe/picfetch/internal/ui	name=TestHandleDrop_NaturalSortsByDefault	action=pass	elapsed=0.890
test	partition=ui-1	package=github.com/frathe/picfetch/internal/ui	name=TestSetSortMode_JumpsDirectlyRatherThanCycling	action=pass	elapsed=1.250
test	partition=ui-1	package=github.com/frathe/picfetch/internal/ui	name=TestSetSortMode_SafeWithNoFilesLoaded	action=pass	elapsed=0.130
test	partition=ui-1	package=github.com/frathe/picfetch/internal/ui	name=TestStaticWindowSize_LoadDoesNotResize	action=pass	elapsed=1.070
test	partition=ui-1	package=github.com/frathe/picfetch/internal/ui	name=TestStepImage_SingleFileDropWalksFolderSiblings	action=pass	elapsed=1.560
test	partition=ui-1	package=github.com/frathe/picfetch/internal/ui	name=TestHandleKeyEvent_LeftRightWalkFolderSiblings	action=pass	elapsed=1.320
test	partition=ui-1	package=github.com/frathe/picfetch/internal/ui	name=TestHandleKeyEvent_HomeEndOnFolderSiblings	action=pass	elapsed=1.320
test	partition=ui-1	package=github.com/frathe/picfetch/internal/ui	name=TestStepImage_NoopWhileExportPromptVisible	action=pass	elapsed=1.430
test	partition=ui-1	package=github.com/frathe/picfetch/internal/ui	name=TestHandleKeyEvent_DTogglesHideDuplicatesWhenGridClosed	action=pass	elapsed=1.330
test	partition=ui-1	package=github.com/frathe/picfetch/internal/ui	name=TestHandleKeyEvent_GFromInspectReopensVariants	action=pass	elapsed=1.440
test	partition=ui-1	package=github.com/frathe/picfetch/internal/ui	name=TestClearToDropzone_ClearsInspect	action=pass	elapsed=1.330
test	partition=ui-1	package=github.com/frathe/picfetch/internal/ui	name=TestTraneWelcomeUsesPet	action=pass	elapsed=1.520
test	partition=ui-1	package=github.com/frathe/picfetch/internal/ui	name=TestTraneFollowsCursor	action=pass	elapsed=0.300
test	partition=ui-1	package=github.com/frathe/picfetch/internal/ui	name=TestTraneOnlyMovesForPointer	action=pass	elapsed=0.150
test	partition=ui-1	package=github.com/frathe/picfetch/internal/ui	name=TestTraneCleansPinkFringe	action=pass	elapsed=0.140
test	partition=ui-1	package=github.com/frathe/picfetch/internal/ui	name=TestTranslationsHaveNoUnicodeArrows	action=pass	elapsed=0.020
test	partition=ui-1	package=github.com/frathe/picfetch/internal/ui	name=TestSVGDisplaysAtLogicalSize	action=pass	elapsed=0.910
test	partition=ui-1	package=github.com/frathe/picfetch/internal/ui	name=TestRasterizeVectorCoalescesABurst	action=pass	elapsed=1.370
test	partition=ui-1	package=github.com/frathe/picfetch/internal/ui	name=TestInfoOverlayReportsLogicalSizeNotLiveRaster	action=pass	elapsed=2.090
test	partition=ui-1	package=github.com/frathe/picfetch/internal/ui	name=TestCanSetWallpaper_FalseWhileLoading	action=pass	elapsed=0.870
test	partition=ui-1	package=github.com/frathe/picfetch/internal/ui	name=TestSetAsWallpaper_SweepsTheFileItReplaced	action=pass	elapsed=1.240
test	partition=ui-1	package=github.com/frathe/picfetch/internal/ui	name=TestMosaicWallpaper_CleanupIsScopedPerTarget	action=pass	elapsed=1.140
test	partition=ui-1	package=github.com/frathe/picfetch/internal/ui	name=TestWindowMenu_AfterOneJPEGDropEnablesExifGridAndPictureFrame	action=pass	elapsed=0.890
test	partition=ui-1	package=github.com/frathe/picfetch/internal/ui	name=TestWindowMenu_GridToggleGreysGridAndEnablesViewer	action=pass	elapsed=1.090
test	partition=ui-1	package=github.com/frathe/picfetch/internal/ui	name=TestWindowMenu_ViewerLeavesGrid	action=pass	elapsed=1.060
test	partition=ui-1	package=github.com/frathe/picfetch/internal/ui	name=TestWindowMenu_ViewerLeavesPictureFrame	action=pass	elapsed=0.850
test	partition=ui-1	package=github.com/frathe/picfetch/internal/ui	name=TestWindowMenu_GridActionOpensAndDoesNotToggleOff	action=pass	elapsed=1.000
test	partition=ui-1	package=github.com/frathe/picfetch/internal/ui	name=TestWindowMenu_VKeyLeavesGrid	action=pass	elapsed=1.120
test	partition=ui-1	package=github.com/frathe/picfetch/internal/ui	name=TestWindowMenu_VKeyLeavesPictureFrame	action=pass	elapsed=0.900
test	partition=ui-1	package=github.com/frathe/picfetch/internal/ui	name=TestWindowMenu_GridActionNoopsDuringPictureFrame	action=pass	elapsed=0.880
test	partition=ui-1	package=github.com/frathe/picfetch/internal/ui	name=TestMaxWindowSizeGetterSetter	action=pass	elapsed=0.130
test	partition=ui-1	package=github.com/frathe/picfetch/internal/ui	name=TestStartWindowPosPolling_TestDriverGetsNoopStop	action=pass	elapsed=0.140
test	partition=ui-1	package=github.com/frathe/picfetch/internal/ui	name=TestShow_ResetsZoomOnNavigation	action=pass	elapsed=1.120
test	partition=ui-1	package=github.com/frathe/picfetch/internal/ui	name=TestSyncWindowToZoom_ZoomInGrowsWindow	action=pass	elapsed=1.010
test	partition=ui-1	package=github.com/frathe/picfetch/internal/ui	name=TestSyncWindowToZoom_LargeImageStaysCapped	action=pass	elapsed=3.120
package	partition=ui-1	package=github.com/frathe/picfetch/internal/ui	action=pass	elapsed=318.452
